date,devise,devise_par_eur
2024-01-02,AUD,1.6147
2024-01-02,BGN,1.9558
2024-01-02,BRL,5.3562
2024-01-02,CAD,1.4565
2024-01-02,CHF,0.9305
2024-01-02,CNY,7.8264
2024-01-02,CZK,24.687
2024-01-02,DKK,7.4551
2024-01-02,GBP,0.86645
2024-01-02,HKD,8.5609
2024-01-02,HUF,382.1
2024-01-02,IDR,17007.66
2024-01-02,ILS,3.9705
2024-01-02,INR,91.285
2024-01-02,ISK,150.7
2024-01-02,JPY,155.68
2024-01-02,KRW,1438.78
2024-01-02,MXN,18.6887
2024-01-02,MYR,5.0425
2024-01-02,NOK,11.2815
2024-01-02,NZD,1.7471
2024-01-02,PHP,60.981
2024-01-02,PLN,4.3708
2024-01-02,RON,4.9705
2024-01-02,SEK,11.1545
2024-01-02,SGD,1.4533
2024-01-02,THB,37.563
2024-01-02,TRY,32.5684
2024-01-02,USD,1.0956
2024-01-02,ZAR,20.3656
2024-01-03,AUD,1.6236
2024-01-03,BGN,1.9558
2024-01-03,BRL,5.3859
2024-01-03,CAD,1.4574
2024-01-03,CHF,0.9322
2024-01-03,CNY,7.8057
2024-01-03,CZK,24.675
2024-01-03,DKK,7.4581
2024-01-03,GBP,0.8647
2024-01-03,HKD,8.5257
2024-01-03,HUF,380.75
2024-01-03,IDR,16994.33
2024-01-03,ILS,3.9867
2024-01-03,INR,90.965
2024-01-03,ISK,150.7
2024-01-03,JPY,156.16
2024-01-03,KRW,1432.28
2024-01-03,MXN,18.6682
2024-01-03,MYR,5.0566
2024-01-03,NOK,11.32
2024-01-03,NZD,1.7515
2024-01-03,PHP,60.699
2024-01-03,PLN,4.3638
2024-01-03,RON,4.9725
2024-01-03,SEK,11.1915
2024-01-03,SGD,1.4503
2024-01-03,THB,37.616
2024-01-03,TRY,32.5178
2024-01-03,USD,1.0919
2024-01-03,ZAR,20.5326
2024-01-04,AUD,1.628
2024-01-04,BGN,1.9558
2024-01-04,BRL,5.3761
2024-01-04,CAD,1.4603
2024-01-04,CHF,0.9313
2024-01-04,CNY,7.833
2024-01-04,CZK,24.652
2024-01-04,DKK,7.459
2024-01-04,GBP,0.86278
2024-01-04,HKD,8.5523
2024-01-04,HUF,378.85
2024-01-04,IDR,16994.46
2024-01-04,ILS,3.9973
2024-01-04,INR,91.1745
2024-01-04,ISK,150.5
2024-01-04,JPY,157.91
2024-01-04,KRW,1434.25
2024-01-04,MXN,18.6124
2024-01-04,MYR,5.0762
2024-01-04,NOK,11.2845
2024-01-04,NZD,1.7528
2024-01-04,PHP,60.833
2024-01-04,PLN,4.346
2024-01-04,RON,4.9733
2024-01-04,SEK,11.1905
2024-01-04,SGD,1.4546
2024-01-04,THB,37.75
2024-01-04,TRY,32.6087
2024-01-04,USD,1.0953
2024-01-04,ZAR,20.4271
2024-01-05,AUD,1.6337
2024-01-05,BGN,1.9558
2024-01-05,BRL,5.3724
2024-01-05,CAD,1.46
2024-01-05,CHF,0.932
2024-01-05,CNY,7.813
2024-01-05,CZK,24.616
2024-01-05,DKK,7.4584
2024-01-05,GBP,0.8621
2024-01-05,HKD,8.5297
2024-01-05,HUF,378.23
2024-01-05,IDR,16967.41
2024-01-05,ILS,4.0194
2024-01-05,INR,90.81
2024-01-05,ISK,150.5
2024-01-05,JPY,158.57
2024-01-05,KRW,1439.64
2024-01-05,MXN,18.6066
2024-01-05,MYR,5.0826
2024-01-05,NOK,11.309
2024-01-05,NZD,1.7564
2024-01-05,PHP,60.704
2024-01-05,PLN,4.3568
2024-01-05,RON,4.9737
2024-01-05,SEK,11.235
2024-01-05,SGD,1.4537
2024-01-05,THB,37.994
2024-01-05,TRY,32.5888
2024-01-05,USD,1.0921
2024-01-05,ZAR,20.5511
2024-01-08,AUD,1.6378
2024-01-08,BGN,1.9558
2024-01-08,BRL,5.3607
2024-01-08,CAD,1.4651
2024-01-08,CHF,0.9308
2024-01-08,CNY,7.8397
2024-01-08,CZK,24.488
2024-01-08,DKK,7.4615
2024-01-08,GBP,0.8615
2024-01-08,HKD,8.5459
2024-01-08,HUF,377.65
2024-01-08,IDR,16997.39
2024-01-08,ILS,4.0646
2024-01-08,INR,90.9655
2024-01-08,ISK,150.7
2024-01-08,JPY,158.19
2024-01-08,KRW,1444.94
2024-01-08,MXN,18.4982
2024-01-08,MYR,5.091
2024-01-08,NOK,11.362
2024-01-08,NZD,1.7607
2024-01-08,PHP,60.914
2024-01-08,PLN,4.3465
2024-01-08,RON,4.9728
2024-01-08,SEK,11.2095
2024-01-08,SGD,1.457
2024-01-08,THB,38.338
2024-01-08,TRY,32.7216
2024-01-08,USD,1.0946
2024-01-08,ZAR,20.4984
2024-01-09,AUD,1.6339
2024-01-09,BGN,1.9558
2024-01-09,BRL,5.3475
2024-01-09,CAD,1.4613
2024-01-09,CHF,0.9313
2024-01-09,CNY,7.8381
2024-01-09,CZK,24.594
2024-01-09,DKK,7.4577
2024-01-09,GBP,0.85938
2024-01-09,HKD,8.5499
2024-01-09,HUF,378.83
2024-01-09,IDR,17006.39
2024-01-09,ILS,4.0782
2024-01-09,INR,90.9195
2024-01-09,ISK,150.5
2024-01-09,JPY,157.63
2024-01-09,KRW,1442.62
2024-01-09,MXN,18.4514
2024-01-09,MYR,5.08
2024-01-09,NOK,11.308
2024-01-09,NZD,1.7526
2024-01-09,PHP,61.308
2024-01-09,PLN,4.3448
2024-01-09,RON,4.9716
2024-01-09,SEK,11.2115
2024-01-09,SGD,1.4557
2024-01-09,THB,38.252
2024-01-09,TRY,32.7533
2024-01-09,USD,1.094
2024-01-09,ZAR,20.438
2024-01-10,AUD,1.6334
2024-01-10,BGN,1.9558
2024-01-10,BRL,5.3508
2024-01-10,CAD,1.4649
2024-01-10,CHF,0.9336
2024-01-10,CNY,7.8476
2024-01-10,CZK,24.562
2024-01-10,DKK,7.4582
2024-01-10,GBP,0.86023
2024-01-10,HKD,8.5602
2024-01-10,HUF,378.35
2024-01-10,IDR,17032.14
2024-01-10,ILS,4.1184
2024-01-10,INR,90.8755
2024-01-10,ISK,150.1
2024-01-10,JPY,159.03
2024-01-10,KRW,1443.77
2024-01-10,MXN,18.5983
2024-01-10,MYR,5.0806
2024-01-10,NOK,11.2915
2024-01-10,NZD,1.7567
2024-01-10,PHP,61.593
2024-01-10,PLN,4.341
2024-01-10,RON,4.9728
2024-01-10,SEK,11.197
2024-01-10,SGD,1.4573
2024-01-10,THB,38.338
2024-01-10,TRY,32.8087
2024-01-10,USD,1.0946
2024-01-10,ZAR,20.4139
2024-01-11,AUD,1.6369
2024-01-11,BGN,1.9558
2024-01-11,BRL,5.3606
2024-01-11,CAD,1.4677
2024-01-11,CHF,0.9338
2024-01-11,CNY,7.8649
2024-01-11,CZK,24.659
2024-01-11,DKK,7.4568
2024-01-11,GBP,0.86145
2024-01-11,HKD,8.5899
2024-01-11,HUF,378.83
2024-01-11,IDR,17084.79
2024-01-11,ILS,4.1044
2024-01-11,INR,91.209
2024-01-11,ISK,150.1
2024-01-11,JPY,159.71
2024-01-11,KRW,1444.39
2024-01-11,MXN,18.6688
2024-01-11,MYR,5.1046
2024-01-11,NOK,11.3283
2024-01-11,NZD,1.7577
2024-01-11,PHP,61.516
2024-01-11,PLN,4.349
2024-01-11,RON,4.9722
2024-01-11,SEK,11.197
2024-01-11,SGD,1.46
2024-01-11,THB,38.449
2024-01-11,TRY,32.9577
2024-01-11,USD,1.0987
2024-01-11,ZAR,20.4331
2024-01-12,AUD,1.6375
2024-01-12,BGN,1.9558
2024-01-12,BRL,5.3309
2024-01-12,CAD,1.4634
2024-01-12,CHF,0.935
2024-01-12,CNY,7.8451
2024-01-12,CZK,24.689
2024-01-12,DKK,7.4565
2024-01-12,GBP,0.8595
2024-01-12,HKD,8.5599
2024-01-12,HUF,379.35
2024-01-12,IDR,17037.35
2024-01-12,ILS,4.0917
2024-01-12,INR,90.735
2024-01-12,ISK,150.1
2024-01-12,JPY,159.17
2024-01-12,KRW,1438.73
2024-01-12,MXN,18.4931
2024-01-12,MYR,5.0853
2024-01-12,NOK,11.2765
2024-01-12,NZD,1.7552
2024-01-12,PHP,61.092
2024-01-12,PLN,4.3628
2024-01-12,RON,4.9731
2024-01-12,SEK,11.26
2024-01-12,SGD,1.4583
2024-01-12,THB,38.406
2024-01-12,TRY,32.9305
2024-01-12,USD,1.0942
2024-01-12,ZAR,20.4408
2024-01-15,AUD,1.6449
2024-01-15,BGN,1.9558
2024-01-15,BRL,5.3333
2024-01-15,CAD,1.4695
2024-01-15,CHF,0.9351
2024-01-15,CNY,7.8529
2024-01-15,CZK,24.714
2024-01-15,DKK,7.459
2024-01-15,GBP,0.86075
2024-01-15,HKD,8.5599
2024-01-15,HUF,379.68
2024-01-15,IDR,17031.62
2024-01-15,ILS,4.1074
2024-01-15,INR,90.698
2024-01-15,ISK,149.7
2024-01-15,JPY,159.67
2024-01-15,KRW,1446.95
2024-01-15,MXN,18.4899
2024-01-15,MYR,5.1108
2024-01-15,NOK,11.314
2024-01-15,NZD,1.7679
2024-01-15,PHP,61.073
2024-01-15,PLN,4.3625
2024-01-15,RON,4.9743
2024-01-15,SEK,11.278
2024-01-15,SGD,1.4601
2024-01-15,THB,38.272
2024-01-15,TRY,32.9445
2024-01-15,USD,1.0945
2024-01-15,ZAR,20.431
2024-01-16,AUD,1.6484
2024-01-16,BGN,1.9558
2024-01-16,BRL,5.3184
2024-01-16,CAD,1.4661
2024-01-16,CHF,0.9361
2024-01-16,CNY,7.8237
2024-01-16,CZK,24.71
2024-01-16,DKK,7.4582
2024-01-16,GBP,0.86078
2024-01-16,HKD,8.516
2024-01-16,HUF,379.36
2024-01-16,IDR,16985.88
2024-01-16,ILS,4.0985
2024-01-16,INR,90.425
2024-01-16,ISK,149.3
2024-01-16,JPY,159.64
2024-01-16,KRW,1454.92
2024-01-16,MXN,18.539
2024-01-16,MYR,5.1058
2024-01-16,NOK,11.3335
2024-01-16,NZD,1.7681
2024-01-16,PHP,60.939
2024-01-16,PLN,4.387
2024-01-16,RON,4.9763
2024-01-16,SEK,11.3215
2024-01-16,SGD,1.4589
2024-01-16,THB,38.522
2024-01-16,TRY,32.7624
2024-01-16,USD,1.0882
2024-01-16,ZAR,20.5528
2024-01-17,AUD,1.6592
2024-01-17,BGN,1.9558
2024-01-17,BRL,5.3673
2024-01-17,CAD,1.4701
2024-01-17,CHF,0.9406
2024-01-17,CNY,7.8262
2024-01-17,CZK,24.755
2024-01-17,DKK,7.4586
2024-01-17,GBP,0.85818
2024-01-17,HKD,8.511
2024-01-17,HUF,380.86
2024-01-17,IDR,17001.24
2024-01-17,ILS,4.1149
2024-01-17,INR,90.4265
2024-01-17,ISK,149.5
2024-01-17,JPY,160.65
2024-01-17,KRW,1463.11
2024-01-17,MXN,18.8054
2024-01-17,MYR,5.1312
2024-01-17,NOK,11.4335
2024-01-17,NZD,1.7779
2024-01-17,PHP,60.819
2024-01-17,PLN,4.3993
2024-01-17,RON,4.9755
2024-01-17,SEK,11.3925
2024-01-17,SGD,1.4615
2024-01-17,THB,38.624
2024-01-17,TRY,32.7803
2024-01-17,USD,1.0877
2024-01-17,ZAR,20.7331
2024-01-18,AUD,1.6579
2024-01-18,BGN,1.9558
2024-01-18,BRL,5.3551
2024-01-18,CAD,1.4681
2024-01-18,CHF,0.9432
2024-01-18,CNY,7.8231
2024-01-18,CZK,24.734
2024-01-18,DKK,7.4571
2024-01-18,GBP,0.85773
2024-01-18,HKD,8.5062
2024-01-18,HUF,382
2024-01-18,IDR,16976.04
2024-01-18,ILS,4.0972
2024-01-18,INR,90.4295
2024-01-18,ISK,149.5
2024-01-18,JPY,160.89
2024-01-18,KRW,1455.8
2024-01-18,MXN,18.686
2024-01-18,MYR,5.1308
2024-01-18,NOK,11.446
2024-01-18,NZD,1.7802
2024-01-18,PHP,60.726
2024-01-18,PLN,4.399
2024-01-18,RON,4.9772
2024-01-18,SEK,11.364
2024-01-18,SGD,1.4619
2024-01-18,THB,38.71
2024-01-18,TRY,32.786
2024-01-18,USD,1.0875
2024-01-18,ZAR,20.597
2024-01-19,AUD,1.65
2024-01-19,BGN,1.9558
2024-01-19,BRL,5.3444
2024-01-19,CAD,1.4656
2024-01-19,CHF,0.9459
2024-01-19,CNY,7.8291
2024-01-19,CZK,24.813
2024-01-19,DKK,7.4575
2024-01-19,GBP,0.85825
2024-01-19,HKD,8.5128
2024-01-19,HUF,381.53
2024-01-19,IDR,16991.83
2024-01-19,ILS,4.0721
2024-01-19,INR,90.4485
2024-01-19,ISK,148.9
2024-01-19,JPY,161.17
2024-01-19,KRW,1451.99
2024-01-19,MXN,18.6494
2024-01-19,MYR,5.1359
2024-01-19,NOK,11.41
2024-01-19,NZD,1.7798
2024-01-19,PHP,60.956
2024-01-19,PLN,4.3618
2024-01-19,RON,4.9776
2024-01-19,SEK,11.38
2024-01-19,SGD,1.4599
2024-01-19,THB,38.605
2024-01-19,TRY,32.8706
2024-01-19,USD,1.0887
2024-01-19,ZAR,20.6892
2024-01-22,AUD,1.652
2024-01-22,BGN,1.9558
2024-01-22,BRL,5.3738
2024-01-22,CAD,1.462
2024-01-22,CHF,0.9458
2024-01-22,CNY,7.8349
2024-01-22,CZK,24.758
2024-01-22,DKK,7.4585
2024-01-22,GBP,0.85575
2024-01-22,HKD,8.513
2024-01-22,HUF,383.68
2024-01-22,IDR,17075.85
2024-01-22,ILS,4.1003
2024-01-22,INR,90.5305
2024-01-22,ISK,148.5
2024-01-22,JPY,160.95
2024-01-22,KRW,1458.19
2024-01-22,MXN,18.5897
2024-01-22,MYR,5.1472
2024-01-22,NOK,11.441
2024-01-22,NZD,1.78
2024-01-22,PHP,61.273
2024-01-22,PLN,4.364
2024-01-22,RON,4.9776
2024-01-22,SEK,11.3545
2024-01-22,SGD,1.4606
2024-01-22,THB,38.807
2024-01-22,TRY,32.9341
2024-01-22,USD,1.089
2024-01-22,ZAR,20.8846
2024-01-23,AUD,1.6493
2024-01-23,BGN,1.9558
2024-01-23,BRL,5.3981
2024-01-23,CAD,1.4648
2024-01-23,CHF,0.9446
2024-01-23,CNY,7.7953
2024-01-23,CZK,24.824
2024-01-23,DKK,7.4574
2024-01-23,GBP,0.85493
2024-01-23,HKD,8.5046
2024-01-23,HUF,385.15
2024-01-23,IDR,17081.11
2024-01-23,ILS,4.0931
2024-01-23,INR,90.3655
2024-01-23,ISK,148.7
2024-01-23,JPY,160.88
2024-01-23,KRW,1454.29
2024-01-23,MXN,18.7548
2024-01-23,MYR,5.1392
2024-01-23,NOK,11.4298
2024-01-23,NZD,1.7839
2024-01-23,PHP,61.101
2024-01-23,PLN,4.383
2024-01-23,RON,4.9769
2024-01-23,SEK,11.347
2024-01-23,SGD,1.4568
2024-01-23,THB,38.827
2024-01-23,TRY,32.9205
2024-01-23,USD,1.0872
2024-01-23,ZAR,20.7022
2024-01-24,AUD,1.652
2024-01-24,BGN,1.9558
2024-01-24,BRL,5.3587
2024-01-24,CAD,1.4669
2024-01-24,CHF,0.9415
2024-01-24,CNY,7.7996
2024-01-24,CZK,24.786
2024-01-24,DKK,7.4568
2024-01-24,GBP,0.85543
2024-01-24,HKD,8.5265
2024-01-24,HUF,385.43
2024-01-24,IDR,17107.06
2024-01-24,ILS,4.0495
2024-01-24,INR,90.6274
2024-01-24,ISK,147.9
2024-01-24,JPY,160.46
2024-01-24,KRW,1453.17
2024-01-24,MXN,18.7537
2024-01-24,MYR,5.1597
2024-01-24,NOK,11.4155
2024-01-24,NZD,1.7785
2024-01-24,PHP,61.362
2024-01-24,PLN,4.3725
2024-01-24,RON,4.9773
2024-01-24,SEK,11.3585
2024-01-24,SGD,1.4585
2024-01-24,THB,38.805
2024-01-24,TRY,32.897
2024-01-24,USD,1.0905
2024-01-24,ZAR,20.5366
2024-01-25,AUD,1.6537
2024-01-25,BGN,1.9558
2024-01-25,BRL,5.3664
2024-01-25,CAD,1.4714
2024-01-25,CHF,0.942
2024-01-25,CNY,7.8093
2024-01-25,CZK,24.756
2024-01-25,DKK,7.456
2024-01-25,GBP,0.85538
2024-01-25,HKD,8.5136
2024-01-25,HUF,385.18
2024-01-25,IDR,17266.55
2024-01-25,ILS,4.0319
2024-01-25,INR,90.5475
2024-01-25,ISK,148.1
2024-01-25,JPY,160.81
2024-01-25,KRW,1456.25
2024-01-25,MXN,18.7648
2024-01-25,MYR,5.154
2024-01-25,NOK,11.3905
2024-01-25,NZD,1.7805
2024-01-25,PHP,61.556
2024-01-25,PLN,4.3765
2024-01-25,RON,4.9768
2024-01-25,SEK,11.35
2024-01-25,SGD,1.4591
2024-01-25,THB,38.926
2024-01-25,TRY,32.9892
2024-01-25,USD,1.0893
2024-01-25,ZAR,20.5812
2024-01-26,AUD,1.6483
2024-01-26,BGN,1.9558
2024-01-26,BRL,5.3366
2024-01-26,CAD,1.4607
2024-01-26,CHF,0.9396
2024-01-26,CNY,7.7994
2024-01-26,CZK,24.748
2024-01-26,DKK,7.4549
2024-01-26,GBP,0.85368
2024-01-26,HKD,8.4933
2024-01-26,HUF,386.95
2024-01-26,IDR,17131.94
2024-01-26,ILS,4.0057
2024-01-26,INR,90.369
2024-01-26,ISK,148.3
2024-01-26,JPY,160.62
2024-01-26,KRW,1451.08
2024-01-26,MXN,18.6582
2024-01-26,MYR,5.1393
2024-01-26,NOK,11.3325
2024-01-26,NZD,1.7801
2024-01-26,PHP,61.28
2024-01-26,PLN,4.3775
2024-01-26,RON,4.9765
2024-01-26,SEK,11.3203
2024-01-26,SGD,1.457
2024-01-26,THB,38.679
2024-01-26,TRY,32.9445
2024-01-26,USD,1.0871
2024-01-26,ZAR,20.4264
2024-01-29,AUD,1.6398
2024-01-29,BGN,1.9558
2024-01-29,BRL,5.3134
2024-01-29,CAD,1.4542
2024-01-29,CHF,0.9339
2024-01-29,CNY,7.7702
2024-01-29,CZK,24.806
2024-01-29,DKK,7.4538
2024-01-29,GBP,0.8525
2024-01-29,HKD,8.4549
2024-01-29,HUF,390.03
2024-01-29,IDR,17127.13
2024-01-29,ILS,3.9834
2024-01-29,INR,89.9995
2024-01-29,ISK,148.5
2024-01-29,JPY,160.13
2024-01-29,KRW,1445.6
2024-01-29,MXN,18.5591
2024-01-29,MYR,5.1236
2024-01-29,NOK,11.305
2024-01-29,NZD,1.7696
2024-01-29,PHP,61.053
2024-01-29,PLN,4.366
2024-01-29,RON,4.9773
2024-01-29,SEK,11.3562
2024-01-29,SGD,1.4516
2024-01-29,THB,38.487
2024-01-29,TRY,32.8509
2024-01-29,USD,1.0823
2024-01-29,ZAR,20.3022
2024-01-30,AUD,1.6462
2024-01-30,BGN,1.9558
2024-01-30,BRL,5.3697
2024-01-30,CAD,1.4564
2024-01-30,CHF,0.9365
2024-01-30,CNY,7.7866
2024-01-30,CZK,24.831
2024-01-30,DKK,7.4543
2024-01-30,GBP,0.85628
2024-01-30,HKD,8.4775
2024-01-30,HUF,387.23
2024-01-30,IDR,17112.98
2024-01-30,ILS,3.9566
2024-01-30,INR,90.1575
2024-01-30,ISK,148.3
2024-01-30,JPY,159.97
2024-01-30,KRW,1442.67
2024-01-30,MXN,18.6729
2024-01-30,MYR,5.1274
2024-01-30,NOK,11.3383
2024-01-30,NZD,1.7721
2024-01-30,PHP,61.171
2024-01-30,PLN,4.3618
2024-01-30,RON,4.9768
2024-01-30,SEK,11.2971
2024-01-30,SGD,1.4534
2024-01-30,THB,38.384
2024-01-30,TRY,32.9283
2024-01-30,USD,1.0846
2024-01-30,ZAR,20.4934
2024-01-31,AUD,1.6468
2024-01-31,BGN,1.9558
2024-01-31,BRL,5.3749
2024-01-31,CAD,1.4558
2024-01-31,CHF,0.9348
2024-01-31,CNY,7.7789
2024-01-31,CZK,24.891
2024-01-31,DKK,7.455
2024-01-31,GBP,0.85435
2024-01-31,HKD,8.4734
2024-01-31,HUF,384.9
2024-01-31,IDR,17076.29
2024-01-31,ILS,3.9431
2024-01-31,INR,90.001
2024-01-31,ISK,148.3
2024-01-31,JPY,160.19
2024-01-31,KRW,1444.63
2024-01-31,MXN,18.5817
2024-01-31,MYR,5.1259
2024-01-31,NOK,11.351
2024-01-31,NZD,1.7705
2024-01-31,PHP,61.023
2024-01-31,PLN,4.333
2024-01-31,RON,4.9758
2024-01-31,SEK,11.2682
2024-01-31,SGD,1.4517
2024-01-31,THB,38.461
2024-01-31,TRY,32.8984
2024-01-31,USD,1.0837
2024-01-31,ZAR,20.3238
2024-02-01,AUD,1.6594
2024-02-01,BGN,1.9558
2024-02-01,BRL,5.3578
2024-02-01,CAD,1.4544
2024-02-01,CHF,0.9336
2024-02-01,CNY,7.7668
2024-02-01,CZK,24.89
2024-02-01,DKK,7.4542
2024-02-01,GBP,0.85353
2024-02-01,HKD,8.4563
2024-02-01,HUF,383.35
2024-02-01,IDR,17049.73
2024-02-01,ILS,3.9543
2024-02-01,INR,89.733
2024-02-01,ISK,148.3
2024-02-01,JPY,158.96
2024-02-01,KRW,1442.43
2024-02-01,MXN,18.6195
2024-02-01,MYR,5.115
2024-02-01,NOK,11.3665
2024-02-01,NZD,1.7757
2024-02-01,PHP,60.645
2024-02-01,PLN,4.3373
2024-02-01,RON,4.974
2024-02-01,SEK,11.3354
2024-02-01,SGD,1.4499
2024-02-01,THB,38.401
2024-02-01,TRY,32.8383
2024-02-01,USD,1.0814
2024-02-01,ZAR,20.2343
2024-02-02,AUD,1.6468
2024-02-02,BGN,1.9558
2024-02-02,BRL,5.3471
2024-02-02,CAD,1.4556
2024-02-02,CHF,0.9315
2024-02-02,CNY,7.8111
2024-02-02,CZK,24.875
2024-02-02,DKK,7.454
2024-02-02,GBP,0.85263
2024-02-02,HKD,8.509
2024-02-02,HUF,383.73
2024-02-02,IDR,17012.52
2024-02-02,ILS,3.9685
2024-02-02,INR,90.232
2024-02-02,ISK,148.3
2024-02-02,JPY,159.58
2024-02-02,KRW,1440.7
2024-02-02,MXN,18.5579
2024-02-02,MYR,5.1332
2024-02-02,NOK,11.387
2024-02-02,NZD,1.7673
2024-02-02,PHP,60.825
2024-02-02,PLN,4.3175
2024-02-02,RON,4.9727
2024-02-02,SEK,11.268
2024-02-02,SGD,1.4533
2024-02-02,THB,38.341
2024-02-02,TRY,33.1435
2024-02-02,USD,1.0883
2024-02-02,ZAR,20.2973
2024-02-05,AUD,1.6562
2024-02-05,BGN,1.9558
2024-02-05,BRL,5.3694
2024-02-05,CAD,1.4507
2024-02-05,CHF,0.9347
2024-02-05,CNY,7.735
2024-02-05,CZK,25.006
2024-02-05,DKK,7.456
2024-02-05,GBP,0.85595
2024-02-05,HKD,8.4053
2024-02-05,HUF,385.3
2024-02-05,IDR,16936.39
2024-02-05,ILS,3.9494
2024-02-05,INR,89.2515
2024-02-05,ISK,148.1
2024-02-05,JPY,159.72
2024-02-05,KRW,1434.09
2024-02-05,MXN,18.4781
2024-02-05,MYR,5.1049
2024-02-05,NOK,11.465
2024-02-05,NZD,1.7755
2024-02-05,PHP,60.568
2024-02-05,PLN,4.3343
2024-02-05,RON,4.974
2024-02-05,SEK,11.374
2024-02-05,SGD,1.4474
2024-02-05,THB,38.492
2024-02-05,TRY,32.8313
2024-02-05,USD,1.0746
2024-02-05,ZAR,20.4233
2024-02-06,AUD,1.6515
2024-02-06,BGN,1.9558
2024-02-06,BRL,5.338
2024-02-06,CAD,1.4526
2024-02-06,CHF,0.9366
2024-02-06,CNY,7.7231
2024-02-06,CZK,24.925
2024-02-06,DKK,7.4605
2024-02-06,GBP,0.8546
2024-02-06,HKD,8.4042
2024-02-06,HUF,386.85
2024-02-06,IDR,16909.43
2024-02-06,ILS,3.9195
2024-02-06,INR,89.2155
2024-02-06,ISK,148.1
2024-02-06,JPY,159.56
2024-02-06,KRW,1426.76
2024-02-06,MXN,18.32
2024-02-06,MYR,5.1196
2024-02-06,NOK,11.458
2024-02-06,NZD,1.7713
2024-02-06,PHP,60.376
2024-02-06,PLN,4.3463
2024-02-06,RON,4.9763
2024-02-06,SEK,11.3825
2024-02-06,SGD,1.4448
2024-02-06,THB,38.267
2024-02-06,TRY,32.8325
2024-02-06,USD,1.0743
2024-02-06,ZAR,20.3273
2024-02-07,AUD,1.6504
2024-02-07,BGN,1.9558
2024-02-07,BRL,5.344
2024-02-07,CAD,1.4501
2024-02-07,CHF,0.9393
2024-02-07,CNY,7.7529
2024-02-07,CZK,24.984
2024-02-07,DKK,7.4586
2024-02-07,GBP,0.85305
2024-02-07,HKD,8.4273
2024-02-07,HUF,388.15
2024-02-07,IDR,16873.71
2024-02-07,ILS,3.9231
2024-02-07,INR,89.422
2024-02-07,ISK,148.3
2024-02-07,JPY,159.71
2024-02-07,KRW,1429.92
2024-02-07,MXN,18.3821
2024-02-07,MYR,5.1305
2024-02-07,NOK,11.376
2024-02-07,NZD,1.7622
2024-02-07,PHP,60.302
2024-02-07,PLN,4.3453
2024-02-07,RON,4.9769
2024-02-07,SEK,11.2725
2024-02-07,SGD,1.4472
2024-02-07,THB,38.384
2024-02-07,TRY,32.974
2024-02-07,USD,1.0776
2024-02-07,ZAR,20.3686
2024-02-08,AUD,1.6569
2024-02-08,BGN,1.9558
2024-02-08,BRL,5.3546
2024-02-08,CAD,1.4505
2024-02-08,CHF,0.9409
2024-02-08,CNY,7.742
2024-02-08,CZK,24.954
2024-02-08,DKK,7.4562
2024-02-08,GBP,0.85378
2024-02-08,HKD,8.4139
2024-02-08,HUF,387.03
2024-02-08,IDR,16843.42
2024-02-08,ILS,3.9612
2024-02-08,INR,89.2765
2024-02-08,ISK,149.5
2024-02-08,JPY,160.55
2024-02-08,KRW,1433.01
2024-02-08,MXN,18.3777
2024-02-08,MYR,5.131
2024-02-08,NOK,11.412
2024-02-08,NZD,1.7668
2024-02-08,PHP,60.148
2024-02-08,PLN,4.3375
2024-02-08,RON,4.9771
2024-02-08,SEK,11.2705
2024-02-08,SGD,1.4489
2024-02-08,THB,38.621
2024-02-08,TRY,32.9243
2024-02-08,USD,1.0758
2024-02-08,ZAR,20.393
2024-02-09,AUD,1.6543
2024-02-09,BGN,1.9558
2024-02-09,BRL,5.3637
2024-02-09,CAD,1.4486
2024-02-09,CHF,0.9432
2024-02-09,CNY,7.7489
2024-02-09,CZK,25.172
2024-02-09,DKK,7.4536
2024-02-09,GBP,0.8544
2024-02-09,HKD,8.4237
2024-02-09,HUF,387.98
2024-02-09,IDR,16844.07
2024-02-09,ILS,3.9689
2024-02-09,INR,89.4363
2024-02-09,ISK,148.1
2024-02-09,JPY,161
2024-02-09,KRW,1435.25
2024-02-09,MXN,18.4448
2024-02-09,MYR,5.1329
2024-02-09,NOK,11.399
2024-02-09,NZD,1.7553
2024-02-09,PHP,60.215
2024-02-09,PLN,4.3206
2024-02-09,RON,4.9773
2024-02-09,SEK,11.2815
2024-02-09,SGD,1.4503
2024-02-09,THB,38.72
2024-02-09,TRY,33.0517
2024-02-09,USD,1.0772
2024-02-09,ZAR,20.4847
2024-02-12,AUD,1.6505
2024-02-12,BGN,1.9558
2024-02-12,BRL,5.3366
2024-02-12,CAD,1.4504
2024-02-12,CHF,0.943
2024-02-12,CNY,7.7497
2024-02-12,CZK,25.217
2024-02-12,DKK,7.4548
2024-02-12,GBP,0.85391
2024-02-12,HKD,8.4245
2024-02-12,HUF,387.3
2024-02-12,IDR,16792.58
2024-02-12,ILS,3.954
2024-02-12,INR,89.4321
2024-02-12,ISK,148.3
2024-02-12,JPY,160.51
2024-02-12,KRW,1431.54
2024-02-12,MXN,18.3703
2024-02-12,MYR,5.1344
2024-02-12,NOK,11.32
2024-02-12,NZD,1.7568
2024-02-12,PHP,60.31
2024-02-12,PLN,4.3198
2024-02-12,RON,4.9743
2024-02-12,SEK,11.232
2024-02-12,SGD,1.4484
2024-02-12,THB,38.621
2024-02-12,TRY,33.077
2024-02-12,USD,1.0773
2024-02-12,ZAR,20.4662
2024-02-13,AUD,1.6526
2024-02-13,BGN,1.9558
2024-02-13,BRL,5.3465
2024-02-13,CAD,1.4511
2024-02-13,CHF,0.9481
2024-02-13,CNY,7.7641
2024-02-13,CZK,25.285
2024-02-13,DKK,7.4548
2024-02-13,GBP,0.85098
2024-02-13,HKD,8.4372
2024-02-13,HUF,387
2024-02-13,IDR,16850.03
2024-02-13,ILS,3.9322
2024-02-13,INR,89.579
2024-02-13,ISK,148.7
2024-02-13,JPY,161.17
2024-02-13,KRW,1434.64
2024-02-13,MXN,18.4272
2024-02-13,MYR,5.1439
2024-02-13,NOK,11.302
2024-02-13,NZD,1.7636
2024-02-13,PHP,60.398
2024-02-13,PLN,4.3198
2024-02-13,RON,4.9759
2024-02-13,SEK,11.251
2024-02-13,SGD,1.451
2024-02-13,THB,38.52
2024-02-13,TRY,33.1604
2024-02-13,USD,1.0793
2024-02-13,ZAR,20.318
2024-02-14,AUD,1.6521
2024-02-14,BGN,1.9558
2024-02-14,BRL,5.3069
2024-02-14,CAD,1.4509
2024-02-14,CHF,0.9493
2024-02-14,CNY,7.7065
2024-02-14,CZK,25.348
2024-02-14,DKK,7.4537
2024-02-14,GBP,0.85258
2024-02-14,HKD,8.3754
2024-02-14,HUF,388.73
2024-02-14,IDR,16717.15
2024-02-14,ILS,3.922
2024-02-14,INR,88.956
2024-02-14,ISK,148.7
2024-02-14,JPY,161.28
2024-02-14,KRW,1428.41
2024-02-14,MXN,18.3559
2024-02-14,MYR,5.1271
2024-02-14,NOK,11.3375
2024-02-14,NZD,1.7607
2024-02-14,PHP,60.164
2024-02-14,PLN,4.3415
2024-02-14,RON,4.9754
2024-02-14,SEK,11.3127
2024-02-14,SGD,1.4451
2024-02-14,THB,38.76
2024-02-14,TRY,32.9417
2024-02-14,USD,1.0713
2024-02-14,ZAR,20.3982
2024-02-15,AUD,1.6525
2024-02-15,BGN,1.9558
2024-02-15,BRL,5.3401
2024-02-15,CAD,1.4547
2024-02-15,CHF,0.9484
2024-02-15,CNY,7.7288
2024-02-15,CZK,25.416
2024-02-15,DKK,7.4547
2024-02-15,GBP,0.85635
2024-02-15,HKD,8.4009
2024-02-15,HUF,389.1
2024-02-15,IDR,16765.42
2024-02-15,ILS,3.8971
2024-02-15,INR,89.221
2024-02-15,ISK,148.7
2024-02-15,JPY,161.26
2024-02-15,KRW,1429.35
2024-02-15,MXN,18.3562
2024-02-15,MYR,5.1363
2024-02-15,NOK,11.361
2024-02-15,NZD,1.7625
2024-02-15,PHP,60.096
2024-02-15,PLN,4.344
2024-02-15,RON,4.9771
2024-02-15,SEK,11.2575
2024-02-15,SGD,1.4472
2024-02-15,THB,38.829
2024-02-15,TRY,33.0247
2024-02-15,USD,1.0743
2024-02-15,ZAR,20.4366
2024-02-16,AUD,1.6517
2024-02-16,BGN,1.9558
2024-02-16,BRL,5.3551
2024-02-16,CAD,1.4518
2024-02-16,CHF,0.9491
2024-02-16,CNY,7.7461
2024-02-16,CZK,25.46
2024-02-16,DKK,7.4546
2024-02-16,GBP,0.85605
2024-02-16,HKD,8.4236
2024-02-16,HUF,389.13
2024-02-16,IDR,16837.38
2024-02-16,ILS,3.8864
2024-02-16,INR,89.3815
2024-02-16,ISK,149.1
2024-02-16,JPY,161.88
2024-02-16,KRW,1435.09
2024-02-16,MXN,18.3536
2024-02-16,MYR,5.1476
2024-02-16,NOK,11.3555
2024-02-16,NZD,1.7648
2024-02-16,PHP,60.258
2024-02-16,PLN,4.34
2024-02-16,RON,4.9771
2024-02-16,SEK,11.2655
2024-02-16,SGD,1.45
2024-02-16,THB,38.829
2024-02-16,TRY,33.1951
2024-02-16,USD,1.0768
2024-02-16,ZAR,20.3375
2024-02-19,AUD,1.6479
2024-02-19,BGN,1.9558
2024-02-19,BRL,5.3433
2024-02-19,CAD,1.4522
2024-02-19,CHF,0.9492
2024-02-19,CNY,7.757
2024-02-19,CZK,25.455
2024-02-19,DKK,7.4547
2024-02-19,GBP,0.85448
2024-02-19,HKD,8.4273
2024-02-19,HUF,388.4
2024-02-19,IDR,16860.24
2024-02-19,ILS,3.9074
2024-02-19,INR,89.462
2024-02-19,ISK,148.7
2024-02-19,JPY,161.59
2024-02-19,KRW,1438.87
2024-02-19,MXN,18.3698
2024-02-19,MYR,5.1585
2024-02-19,NOK,11.3045
2024-02-19,NZD,1.7536
2024-02-19,PHP,60.41
2024-02-19,PLN,4.3265
2024-02-19,RON,4.977
2024-02-19,SEK,11.237
2024-02-19,SGD,1.4503
2024-02-19,THB,38.826
2024-02-19,TRY,33.264
2024-02-19,USD,1.0776
2024-02-19,ZAR,20.431
2024-02-20,AUD,1.6457
2024-02-20,BGN,1.9558
2024-02-20,BRL,5.3521
2024-02-20,CAD,1.4562
2024-02-20,CHF,0.9526
2024-02-20,CNY,7.7718
2024-02-20,CZK,25.429
2024-02-20,DKK,7.4542
2024-02-20,GBP,0.8566
2024-02-20,HKD,8.4487
2024-02-20,HUF,388.28
2024-02-20,IDR,16916.42
2024-02-20,ILS,3.9502
2024-02-20,INR,89.6045
2024-02-20,ISK,148.3
2024-02-20,JPY,162.18
2024-02-20,KRW,1440.76
2024-02-20,MXN,18.3792
2024-02-20,MYR,5.1823
2024-02-20,NOK,11.3275
2024-02-20,NZD,1.7493
2024-02-20,PHP,60.556
2024-02-20,PLN,4.3248
2024-02-20,RON,4.9768
2024-02-20,SEK,11.2185
2024-02-20,SGD,1.4525
2024-02-20,THB,38.941
2024-02-20,TRY,33.3825
2024-02-20,USD,1.0802
2024-02-20,ZAR,20.4673
2024-02-21,AUD,1.6486
2024-02-21,BGN,1.9558
2024-02-21,BRL,5.3253
2024-02-21,CAD,1.4618
2024-02-21,CHF,0.951
2024-02-21,CNY,7.773
2024-02-21,CZK,25.38
2024-02-21,DKK,7.4545
2024-02-21,GBP,0.85619
2024-02-21,HKD,8.4544
2024-02-21,HUF,387.98
2024-02-21,IDR,16889.77
2024-02-21,ILS,3.9738
2024-02-21,INR,89.632
2024-02-21,ISK,148.5
2024-02-21,JPY,162.12
2024-02-21,KRW,1441.77
2024-02-21,MXN,18.4379
2024-02-21,MYR,5.1818
2024-02-21,NOK,11.3345
2024-02-21,NZD,1.7479
2024-02-21,PHP,60.48
2024-02-21,PLN,4.3165
2024-02-21,RON,4.976
2024-02-21,SEK,11.2075
2024-02-21,SGD,1.4524
2024-02-21,THB,38.739
2024-02-21,TRY,33.5149
2024-02-21,USD,1.0809
2024-02-21,ZAR,20.3446
2024-02-22,AUD,1.6515
2024-02-22,BGN,1.9558
2024-02-22,BRL,5.3499
2024-02-22,CAD,1.4618
2024-02-22,CHF,0.9535
2024-02-22,CNY,7.7988
2024-02-22,CZK,25.309
2024-02-22,DKK,7.454
2024-02-22,GBP,0.85625
2024-02-22,HKD,8.4817
2024-02-22,HUF,386.88
2024-02-22,IDR,16904.39
2024-02-22,ILS,3.9607
2024-02-22,INR,89.871
2024-02-22,ISK,148.9
2024-02-22,JPY,163.12
2024-02-22,KRW,1438.77
2024-02-22,MXN,18.507
2024-02-22,MYR,5.1796
2024-02-22,NOK,11.356
2024-02-22,NZD,1.7497
2024-02-22,PHP,60.434
2024-02-22,PLN,4.3158
2024-02-22,RON,4.9768
2024-02-22,SEK,11.174
2024-02-22,SGD,1.4552
2024-02-22,THB,38.941
2024-02-22,TRY,33.6091
2024-02-22,USD,1.0844
2024-02-22,ZAR,20.6686
2024-02-23,AUD,1.6467
2024-02-23,BGN,1.9558
2024-02-23,BRL,5.3831
2024-02-23,CAD,1.4587
2024-02-23,CHF,0.9522
2024-02-23,CNY,7.7972
2024-02-23,CZK,25.354
2024-02-23,DKK,7.4544
2024-02-23,GBP,0.8534
2024-02-23,HKD,8.476
2024-02-23,HUF,388.47
2024-02-23,IDR,16907.87
2024-02-23,ILS,3.9322
2024-02-23,INR,89.817
2024-02-23,ISK,148.5
2024-02-23,JPY,162.91
2024-02-23,KRW,1440.95
2024-02-23,MXN,18.5089
2024-02-23,MYR,5.1759
2024-02-23,NOK,11.389
2024-02-23,NZD,1.7445
2024-02-23,PHP,60.562
2024-02-23,PLN,4.3118
2024-02-23,RON,4.9744
2024-02-23,SEK,11.1545
2024-02-23,SGD,1.4553
2024-02-23,THB,39.013
2024-02-23,TRY,33.6842
2024-02-23,USD,1.0834
2024-02-23,ZAR,20.8672
2024-02-26,AUD,1.656
2024-02-26,BGN,1.9558
2024-02-26,BRL,5.4111
2024-02-26,CAD,1.4674
2024-02-26,CHF,0.9546
2024-02-26,CNY,7.81
2024-02-26,CZK,25.367
2024-02-26,DKK,7.4542
2024-02-26,GBP,0.85495
2024-02-26,HKD,8.4898
2024-02-26,HUF,389.53
2024-02-26,IDR,16962.54
2024-02-26,ILS,3.9603
2024-02-26,INR,89.9375
2024-02-26,ISK,149.3
2024-02-26,JPY,163.38
2024-02-26,KRW,1444.46
2024-02-26,MXN,18.5473
2024-02-26,MYR,5.184
2024-02-26,NOK,11.4285
2024-02-26,NZD,1.756
2024-02-26,PHP,60.874
2024-02-26,PLN,4.3053
2024-02-26,RON,4.9722
2024-02-26,SEK,11.1675
2024-02-26,SGD,1.4582
2024-02-26,THB,38.915
2024-02-26,TRY,33.7742
2024-02-26,USD,1.0852
2024-02-26,ZAR,20.9499
2024-02-27,AUD,1.6565
2024-02-27,BGN,1.9558
2024-02-27,BRL,5.3945
2024-02-27,CAD,1.465
2024-02-27,CHF,0.9544
2024-02-27,CNY,7.814
2024-02-27,CZK,25.332
2024-02-27,DKK,7.4551
2024-02-27,GBP,0.8562
2024-02-27,HKD,8.4947
2024-02-27,HUF,390.2
2024-02-27,IDR,16976.12
2024-02-27,ILS,3.9342
2024-02-27,INR,89.9755
2024-02-27,ISK,149.3
2024-02-27,JPY,163.04
2024-02-27,KRW,1445.31
2024-02-27,MXN,18.5221
2024-02-27,MYR,5.1696
2024-02-27,NOK,11.431
2024-02-27,NZD,1.7601
2024-02-27,PHP,60.902
2024-02-27,PLN,4.3153
2024-02-27,RON,4.9668
2024-02-27,SEK,11.1805
2024-02-27,SGD,1.4584
2024-02-27,THB,38.932
2024-02-27,TRY,33.8132
2024-02-27,USD,1.0856
2024-02-27,ZAR,20.772
2024-02-28,AUD,1.6639
2024-02-28,BGN,1.9558
2024-02-28,BRL,5.3497
2024-02-28,CAD,1.4689
2024-02-28,CHF,0.952
2024-02-28,CNY,7.7807
2024-02-28,CZK,25.352
2024-02-28,DKK,7.454
2024-02-28,GBP,0.85548
2024-02-28,HKD,8.4599
2024-02-28,HUF,391.95
2024-02-28,IDR,16983.1
2024-02-28,ILS,3.8965
2024-02-28,INR,89.5955
2024-02-28,ISK,149.3
2024-02-28,JPY,162.87
2024-02-28,KRW,1445.35
2024-02-28,MXN,18.4801
2024-02-28,MYR,5.1565
2024-02-28,NOK,11.4675
2024-02-28,NZD,1.7728
2024-02-28,PHP,60.827
2024-02-28,PLN,4.2965
2024-02-28,RON,4.9683
2024-02-28,SEK,11.192
2024-02-28,SGD,1.4554
2024-02-28,THB,38.898
2024-02-28,TRY,33.7087
2024-02-28,USD,1.0808
2024-02-28,ZAR,20.7857
2024-02-29,AUD,1.6684
2024-02-29,BGN,1.9558
2024-02-29,BRL,5.4054
2024-02-29,CAD,1.4719
2024-02-29,CHF,0.9534
2024-02-29,CNY,7.7888
2024-02-29,CZK,25.363
2024-02-29,DKK,7.454
2024-02-29,GBP,0.85655
2024-02-29,HKD,8.4735
2024-02-29,HUF,393.48
2024-02-29,IDR,17038.18
2024-02-29,ILS,3.8736
2024-02-29,INR,89.7458
2024-02-29,ISK,149.3
2024-02-29,JPY,162.53
2024-02-29,KRW,1447.43
2024-02-29,MXN,18.4969
2024-02-29,MYR,5.1375
2024-02-29,NOK,11.492
2024-02-29,NZD,1.7807
2024-02-29,PHP,60.858
2024-02-29,PLN,4.3208
2024-02-29,RON,4.9706
2024-02-29,SEK,11.215
2024-02-29,SGD,1.457
2024-02-29,THB,38.909
2024-02-29,TRY,33.8067
2024-02-29,USD,1.0826
2024-02-29,ZAR,20.9007
2024-03-01,AUD,1.6637
2024-03-01,BGN,1.9558
2024-03-01,BRL,5.3656
2024-03-01,CAD,1.4679
2024-03-01,CHF,0.9582
2024-03-01,CNY,7.7837
2024-03-01,CZK,25.333
2024-03-01,DKK,7.4543
2024-03-01,GBP,0.85588
2024-03-01,HKD,8.465
2024-03-01,HUF,393.25
2024-03-01,IDR,17000.09
2024-03-01,ILS,3.8522
2024-03-01,INR,89.6135
2024-03-01,ISK,149.5
2024-03-01,JPY,162.82
2024-03-01,KRW,1444.21
2024-03-01,MXN,18.4079
2024-03-01,MYR,5.1318
2024-03-01,NOK,11.443
2024-03-01,NZD,1.7764
2024-03-01,PHP,60.672
2024-03-01,PLN,4.318
2024-03-01,RON,4.9695
2024-03-01,SEK,11.1948
2024-03-01,SGD,1.4563
2024-03-01,THB,38.884
2024-03-01,TRY,33.8944
2024-03-01,USD,1.0813
2024-03-01,ZAR,20.7358
2024-03-04,AUD,1.664
2024-03-04,BGN,1.9558
2024-03-04,BRL,5.3718
2024-03-04,CAD,1.4719
2024-03-04,CHF,0.9604
2024-03-04,CNY,7.8084
2024-03-04,CZK,25.356
2024-03-04,DKK,7.4539
2024-03-04,GBP,0.85583
2024-03-04,HKD,8.4861
2024-03-04,HUF,395.25
2024-03-04,IDR,17069.27
2024-03-04,ILS,3.8775
2024-03-04,INR,89.9399
2024-03-04,ISK,149.5
2024-03-04,JPY,163.22
2024-03-04,KRW,1444.94
2024-03-04,MXN,18.4517
2024-03-04,MYR,5.1231
2024-03-04,NOK,11.4325
2024-03-04,NZD,1.7789
2024-03-04,PHP,60.724
2024-03-04,PLN,4.322
2024-03-04,RON,4.9708
2024-03-04,SEK,11.2424
2024-03-04,SGD,1.457
2024-03-04,THB,38.872
2024-03-04,TRY,34.1936
2024-03-04,USD,1.0846
2024-03-04,ZAR,20.6385
2024-03-05,AUD,1.6709
2024-03-05,BGN,1.9558
2024-03-05,BRL,5.3713
2024-03-05,CAD,1.4747
2024-03-05,CHF,0.9609
2024-03-05,CNY,7.8104
2024-03-05,CZK,25.353
2024-03-05,DKK,7.4542
2024-03-05,GBP,0.85543
2024-03-05,HKD,8.4873
2024-03-05,HUF,395.75
2024-03-05,IDR,17079.69
2024-03-05,ILS,3.9034
2024-03-05,INR,89.9525
2024-03-05,ISK,149.1
2024-03-05,JPY,163.01
2024-03-05,KRW,1447.98
2024-03-05,MXN,18.3924
2024-03-05,MYR,5.137
2024-03-05,NOK,11.475
2024-03-05,NZD,1.7847
2024-03-05,PHP,60.727
2024-03-05,PLN,4.3248
2024-03-05,RON,4.9718
2024-03-05,SEK,11.2803
2024-03-05,SGD,1.4578
2024-03-05,THB,38.861
2024-03-05,TRY,34.3474
2024-03-05,USD,1.0849
2024-03-05,ZAR,20.5862
2024-03-06,AUD,1.6667
2024-03-06,BGN,1.9558
2024-03-06,BRL,5.375
2024-03-06,CAD,1.477
2024-03-06,CHF,0.9619
2024-03-06,CNY,7.8281
2024-03-06,CZK,25.359
2024-03-06,DKK,7.4544
2024-03-06,GBP,0.85498
2024-03-06,HKD,8.5088
2024-03-06,HUF,392.95
2024-03-06,IDR,17069.52
2024-03-06,ILS,3.9212
2024-03-06,INR,90.056
2024-03-06,ISK,148.9
2024-03-06,JPY,162.67
2024-03-06,KRW,1450.41
2024-03-06,MXN,18.3532
2024-03-06,MYR,5.1456
2024-03-06,NOK,11.468
2024-03-06,NZD,1.7812
2024-03-06,PHP,60.731
2024-03-06,PLN,4.3018
2024-03-06,RON,4.9706
2024-03-06,SEK,11.2555
2024-03-06,SGD,1.4578
2024-03-06,THB,38.82
2024-03-06,TRY,34.5173
2024-03-06,USD,1.0874
2024-03-06,ZAR,20.5388
2024-03-07,AUD,1.6501
2024-03-07,BGN,1.9558
2024-03-07,BRL,5.3835
2024-03-07,CAD,1.4705
2024-03-07,CHF,0.9577
2024-03-07,CNY,7.8412
2024-03-07,CZK,25.359
2024-03-07,DKK,7.4552
2024-03-07,GBP,0.85445
2024-03-07,HKD,8.5215
2024-03-07,HUF,395.43
2024-03-07,IDR,17038.2
2024-03-07,ILS,3.9092
2024-03-07,INR,90.1205
2024-03-07,ISK,148.5
2024-03-07,JPY,161.09
2024-03-07,KRW,1446.67
2024-03-07,MXN,18.3715
2024-03-07,MYR,5.1266
2024-03-07,NOK,11.394
2024-03-07,NZD,1.7688
2024-03-07,PHP,60.794
2024-03-07,PLN,4.302
2024-03-07,RON,4.9707
2024-03-07,SEK,11.1944
2024-03-07,SGD,1.4549
2024-03-07,THB,38.764
2024-03-07,TRY,34.6929
2024-03-07,USD,1.0895
2024-03-07,ZAR,20.4622
2024-03-08,AUD,1.6469
2024-03-08,BGN,1.9558
2024-03-08,BRL,5.4281
2024-03-08,CAD,1.4701
2024-03-08,CHF,0.9588
2024-03-08,CNY,7.8594
2024-03-08,CZK,25.308
2024-03-08,DKK,7.4547
2024-03-08,GBP,0.85168
2024-03-08,HKD,8.5492
2024-03-08,HUF,394.05
2024-03-08,IDR,16979.47
2024-03-08,ILS,3.9083
2024-03-08,INR,90.4365
2024-03-08,ISK,149.3
2024-03-08,JPY,160.99
2024-03-08,KRW,1441.91
2024-03-08,MXN,18.4282
2024-03-08,MYR,5.1216
2024-03-08,NOK,11.3395
2024-03-08,NZD,1.7674
2024-03-08,PHP,60.76
2024-03-08,PLN,4.3065
2024-03-08,RON,4.9693
2024-03-08,SEK,11.164
2024-03-08,SGD,1.4558
2024-03-08,THB,38.776
2024-03-08,TRY,34.9441
2024-03-08,USD,1.0932
2024-03-08,ZAR,20.3805
2024-03-11,AUD,1.6546
2024-03-11,BGN,1.9558
2024-03-11,BRL,5.4549
2024-03-11,CAD,1.4753
2024-03-11,CHF,0.9594
2024-03-11,CNY,7.8471
2024-03-11,CZK,25.322
2024-03-11,DKK,7.4552
2024-03-11,GBP,0.85208
2024-03-11,HKD,8.544
2024-03-11,HUF,395.55
2024-03-11,IDR,16920.93
2024-03-11,ILS,3.9429
2024-03-11,INR,90.4095
2024-03-11,ISK,148.9
2024-03-11,JPY,160.43
2024-03-11,KRW,1432.46
2024-03-11,MXN,18.3589
2024-03-11,MYR,5.1177
2024-03-11,NOK,11.4405
2024-03-11,NZD,1.7705
2024-03-11,PHP,60.497
2024-03-11,PLN,4.2805
2024-03-11,RON,4.9644
2024-03-11,SEK,11.1865
2024-03-11,SGD,1.4535
2024-03-11,THB,38.689
2024-03-11,TRY,34.965
2024-03-11,USD,1.0926
2024-03-11,ZAR,20.4277
2024-03-12,AUD,1.6533
2024-03-12,BGN,1.9558
2024-03-12,BRL,5.4425
2024-03-12,CAD,1.4739
2024-03-12,CHF,0.9588
2024-03-12,CNY,7.835
2024-03-12,CZK,25.272
2024-03-12,DKK,7.4571
2024-03-12,GBP,0.85458
2024-03-12,HKD,8.5405
2024-03-12,HUF,397.8
2024-03-12,IDR,16942.83
2024-03-12,ILS,3.9921
2024-03-12,INR,90.356
2024-03-12,ISK,148.7
2024-03-12,JPY,161.39
2024-03-12,KRW,1433.16
2024-03-12,MXN,18.3673
2024-03-12,MYR,5.106
2024-03-12,NOK,11.4673
2024-03-12,NZD,1.7737
2024-03-12,PHP,60.387
2024-03-12,PLN,4.2865
2024-03-12,RON,4.9668
2024-03-12,SEK,11.173
2024-03-12,SGD,1.4546
2024-03-12,THB,38.992
2024-03-12,TRY,34.9898
2024-03-12,USD,1.0916
2024-03-12,ZAR,20.3892
2024-03-13,AUD,1.6542
2024-03-13,BGN,1.9558
2024-03-13,BRL,5.4506
2024-03-13,CAD,1.4756
2024-03-13,CHF,0.9599
2024-03-13,CNY,7.8678
2024-03-13,CZK,25.273
2024-03-13,DKK,7.4573
2024-03-13,GBP,0.85451
2024-03-13,HKD,8.5574
2024-03-13,HUF,396.9
2024-03-13,IDR,17039.08
2024-03-13,ILS,3.9947
2024-03-13,INR,90.594
2024-03-13,ISK,148.5
2024-03-13,JPY,161.83
2024-03-13,KRW,1439.01
2024-03-13,MXN,18.3472
2024-03-13,MYR,5.1282
2024-03-13,NOK,11.4805
2024-03-13,NZD,1.777
2024-03-13,PHP,60.583
2024-03-13,PLN,4.286
2024-03-13,RON,4.9683
2024-03-13,SEK,11.193
2024-03-13,SGD,1.4581
2024-03-13,THB,39.036
2024-03-13,TRY,35.1136
2024-03-13,USD,1.0939
2024-03-13,ZAR,20.4535
2024-03-14,AUD,1.6529
2024-03-14,BGN,1.9558
2024-03-14,BRL,5.4237
2024-03-14,CAD,1.4725
2024-03-14,CHF,0.9616
2024-03-14,CNY,7.8564
2024-03-14,CZK,25.198
2024-03-14,DKK,7.4568
2024-03-14,GBP,0.8542
2024-03-14,HKD,8.5455
2024-03-14,HUF,394.9
2024-03-14,IDR,17040.71
2024-03-14,ILS,3.9682
2024-03-14,INR,90.522
2024-03-14,ISK,148.5
2024-03-14,JPY,161.7
2024-03-14,KRW,1441.24
2024-03-14,MXN,18.2308
2024-03-14,MYR,5.1195
2024-03-14,NOK,11.467
2024-03-14,NZD,1.7748
2024-03-14,PHP,60.503
2024-03-14,PLN,4.2935
2024-03-14,RON,4.971
2024-03-14,SEK,11.2245
2024-03-14,SGD,1.4567
2024-03-14,THB,39.002
2024-03-14,TRY,35.0946
2024-03-14,USD,1.0925
2024-03-14,ZAR,20.3659
2024-03-15,AUD,1.6579
2024-03-15,BGN,1.9558
2024-03-15,BRL,5.4461
2024-03-15,CAD,1.4731
2024-03-15,CHF,0.9613
2024-03-15,CNY,7.838
2024-03-15,CZK,25.166
2024-03-15,DKK,7.4571
2024-03-15,GBP,0.8541
2024-03-15,HKD,8.5199
2024-03-15,HUF,393.2
2024-03-15,IDR,17011.02
2024-03-15,ILS,3.9811
2024-03-15,INR,90.259
2024-03-15,ISK,148.9
2024-03-15,JPY,162.03
2024-03-15,KRW,1448.71
2024-03-15,MXN,18.1915
2024-03-15,MYR,5.1241
2024-03-15,NOK,11.5205
2024-03-15,NZD,1.786
2024-03-15,PHP,60.494
2024-03-15,PLN,4.2953
2024-03-15,RON,4.9711
2024-03-15,SEK,11.2674
2024-03-15,SGD,1.4562
2024-03-15,THB,39.053
2024-03-15,TRY,35.0917
2024-03-15,USD,1.0892
2024-03-15,ZAR,20.3515
2024-03-18,AUD,1.6583
2024-03-18,BGN,1.9558
2024-03-18,BRL,5.4382
2024-03-18,CAD,1.4745
2024-03-18,CHF,0.963
2024-03-18,CNY,7.8402
2024-03-18,CZK,25.2
2024-03-18,DKK,7.4573
2024-03-18,GBP,0.85525
2024-03-18,HKD,8.5168
2024-03-18,HUF,394.95
2024-03-18,IDR,17121.08
2024-03-18,ILS,3.9759
2024-03-18,INR,90.285
2024-03-18,ISK,148.9
2024-03-18,JPY,162.51
2024-03-18,KRW,1452.75
2024-03-18,MXN,18.2207
2024-03-18,MYR,5.1394
2024-03-18,NOK,11.5565
2024-03-18,NZD,1.7881
2024-03-18,PHP,60.56
2024-03-18,PLN,4.3113
2024-03-18,RON,4.9716
2024-03-18,SEK,11.3178
2024-03-18,SGD,1.4575
2024-03-18,THB,39.173
2024-03-18,TRY,35.1825
2024-03-18,USD,1.0892
2024-03-18,ZAR,20.5859
2024-03-19,AUD,1.6651
2024-03-19,BGN,1.9558
2024-03-19,BRL,5.4766
2024-03-19,CAD,1.4767
2024-03-19,CHF,0.963
2024-03-19,CNY,7.814
2024-03-19,CZK,25.268
2024-03-19,DKK,7.4571
2024-03-19,GBP,0.85445
2024-03-19,HKD,8.4902
2024-03-19,HUF,394.5
2024-03-19,IDR,17089.51
2024-03-19,ILS,3.9805
2024-03-19,INR,90.1065
2024-03-19,ISK,148.9
2024-03-19,JPY,163.37
2024-03-19,KRW,1453.28
2024-03-19,MXN,18.3376
2024-03-19,MYR,5.1372
2024-03-19,NOK,11.5985
2024-03-19,NZD,1.7938
2024-03-19,PHP,60.721
2024-03-19,PLN,4.321
2024-03-19,RON,4.9742
2024-03-19,SEK,11.3465
2024-03-19,SGD,1.4565
2024-03-19,THB,39.15
2024-03-19,TRY,35.1056
2024-03-19,USD,1.0854
2024-03-19,ZAR,20.5442
2024-03-20,AUD,1.6633
2024-03-20,BGN,1.9558
2024-03-20,BRL,5.4414
2024-03-20,CAD,1.4736
2024-03-20,CHF,0.9658
2024-03-20,CNY,7.8058
2024-03-20,CZK,25.289
2024-03-20,DKK,7.4572
2024-03-20,GBP,0.85438
2024-03-20,HKD,8.4837
2024-03-20,HUF,395.33
2024-03-20,IDR,17065.2
2024-03-20,ILS,3.9816
2024-03-20,INR,90.24
2024-03-20,ISK,148.5
2024-03-20,JPY,164.54
2024-03-20,KRW,1453.86
2024-03-20,MXN,18.2541
2024-03-20,MYR,5.1379
2024-03-20,NOK,11.5725
2024-03-20,NZD,1.7976
2024-03-20,PHP,60.978
2024-03-20,PLN,4.3248
2024-03-20,RON,4.9721
2024-03-20,SEK,11.3595
2024-03-20,SGD,1.4579
2024-03-20,THB,39.244
2024-03-20,TRY,35.1241
2024-03-20,USD,1.0844
2024-03-20,ZAR,20.4589
2024-03-21,AUD,1.6535
2024-03-21,BGN,1.9558
2024-03-21,BRL,5.421
2024-03-21,CAD,1.4736
2024-03-21,CHF,0.9766
2024-03-21,CNY,7.852
2024-03-21,CZK,25.243
2024-03-21,DKK,7.4579
2024-03-21,GBP,0.85678
2024-03-21,HKD,8.53
2024-03-21,HUF,393.35
2024-03-21,IDR,17092.14
2024-03-21,ILS,3.9186
2024-03-21,INR,90.656
2024-03-21,ISK,148.7
2024-03-21,JPY,164.96
2024-03-21,KRW,1449.01
2024-03-21,MXN,18.261
2024-03-21,MYR,5.1424
2024-03-21,NOK,11.543
2024-03-21,NZD,1.7963
2024-03-21,PHP,61.033
2024-03-21,PLN,4.3028
2024-03-21,RON,4.9734
2024-03-21,SEK,11.3645
2024-03-21,SGD,1.4619
2024-03-21,THB,39.396
2024-03-21,TRY,34.9445
2024-03-21,USD,1.0907
2024-03-21,ZAR,20.4181
2024-03-22,AUD,1.6601
2024-03-22,BGN,1.9558
2024-03-22,BRL,5.4099
2024-03-22,CAD,1.4688
2024-03-22,CHF,0.9729
2024-03-22,CNY,7.8245
2024-03-22,CZK,25.371
2024-03-22,DKK,7.4581
2024-03-22,GBP,0.85795
2024-03-22,HKD,8.4645
2024-03-22,HUF,396.3
2024-03-22,IDR,17111.81
2024-03-22,ILS,3.9265
2024-03-22,INR,90.409
2024-03-22,ISK,148.9
2024-03-22,JPY,163.74
2024-03-22,KRW,1453.62
2024-03-22,MXN,18.1372
2024-03-22,MYR,5.1274
2024-03-22,NOK,11.617
2024-03-22,NZD,1.802
2024-03-22,PHP,60.928
2024-03-22,PLN,4.317
2024-03-22,RON,4.9727
2024-03-22,SEK,11.4025
2024-03-22,SGD,1.4593
2024-03-22,THB,39.298
2024-03-22,TRY,34.6209
2024-03-22,USD,1.0823
2024-03-22,ZAR,20.5597
2024-03-25,AUD,1.658
2024-03-25,BGN,1.9558
2024-03-25,BRL,5.4069
2024-03-25,CAD,1.4722
2024-03-25,CHF,0.9724
2024-03-25,CNY,7.8134
2024-03-25,CZK,25.266
2024-03-25,DKK,7.4585
2024-03-25,GBP,0.85698
2024-03-25,HKD,8.4748
2024-03-25,HUF,396.17
2024-03-25,IDR,17100.93
2024-03-25,ILS,3.9369
2024-03-25,INR,90.368
2024-03-25,ISK,149.1
2024-03-25,JPY,163.78
2024-03-25,KRW,1453.39
2024-03-25,MXN,18.1374
2024-03-25,MYR,5.1195
2024-03-25,NOK,11.605
2024-03-25,NZD,1.8046
2024-03-25,PHP,60.92
2024-03-25,PLN,4.3078
2024-03-25,RON,4.9712
2024-03-25,SEK,11.457
2024-03-25,SGD,1.4573
2024-03-25,THB,39.364
2024-03-25,TRY,34.8332
2024-03-25,USD,1.0835
2024-03-25,ZAR,20.4889
2024-03-26,AUD,1.6574
2024-03-26,BGN,1.9558
2024-03-26,BRL,5.4067
2024-03-26,CAD,1.4718
2024-03-26,CHF,0.981
2024-03-26,CNY,7.8358
2024-03-26,CZK,25.277
2024-03-26,DKK,7.459
2024-03-26,GBP,0.85846
2024-03-26,HKD,8.492
2024-03-26,HUF,395.45
2024-03-26,IDR,17149.6
2024-03-26,ILS,3.9747
2024-03-26,INR,90.4365
2024-03-26,ISK,149.3
2024-03-26,JPY,164.4
2024-03-26,KRW,1455.75
2024-03-26,MXN,18.1165
2024-03-26,MYR,5.1236
2024-03-26,NOK,11.626
2024-03-26,NZD,1.8036
2024-03-26,PHP,61.055
2024-03-26,PLN,4.3093
2024-03-26,RON,4.9702
2024-03-26,SEK,11.453
2024-03-26,SGD,1.4595
2024-03-26,THB,39.415
2024-03-26,TRY,34.9542
2024-03-26,USD,1.0855
2024-03-26,ZAR,20.5294
2024-03-27,AUD,1.66
2024-03-27,BGN,1.9558
2024-03-27,BRL,5.3969
2024-03-27,CAD,1.4712
2024-03-27,CHF,0.9811
2024-03-27,CNY,7.8182
2024-03-27,CZK,25.319
2024-03-27,DKK,7.4582
2024-03-27,GBP,0.85768
2024-03-27,HKD,8.4615
2024-03-27,HUF,395.4
2024-03-27,IDR,17194.2
2024-03-27,ILS,3.9582
2024-03-27,INR,90.134
2024-03-27,ISK,149.9
2024-03-27,JPY,163.52
2024-03-27,KRW,1461.31
2024-03-27,MXN,17.9367
2024-03-27,MYR,5.1192
2024-03-27,NOK,11.6825
2024-03-27,NZD,1.8043
2024-03-27,PHP,60.849
2024-03-27,PLN,4.3148
2024-03-27,RON,4.9721
2024-03-27,SEK,11.506
2024-03-27,SGD,1.4586
2024-03-27,THB,39.381
2024-03-27,TRY,34.9005
2024-03-27,USD,1.0816
2024-03-27,ZAR,20.4716
2024-03-28,AUD,1.6607
2024-03-28,BGN,1.9558
2024-03-28,BRL,5.4032
2024-03-28,CAD,1.4672
2024-03-28,CHF,0.9766
2024-03-28,CNY,7.8144
2024-03-28,CZK,25.305
2024-03-28,DKK,7.458
2024-03-28,GBP,0.8551
2024-03-28,HKD,8.4594
2024-03-28,HUF,395.26
2024-03-28,IDR,17157.87
2024-03-28,ILS,3.9799
2024-03-28,INR,90.1365
2024-03-28,ISK,150.3
2024-03-28,JPY,163.45
2024-03-28,KRW,1458.67
2024-03-28,MXN,17.9179
2024-03-28,MYR,5.1168
2024-03-28,NOK,11.699
2024-03-28,NZD,1.8092
2024-03-28,PHP,60.797
2024-03-28,PLN,4.3123
2024-03-28,RON,4.9735
2024-03-28,SEK,11.525
2024-03-28,SGD,1.4587
2024-03-28,THB,39.412
2024-03-28,TRY,34.9487
2024-03-28,USD,1.0811
2024-03-28,ZAR,20.5226
2024-04-02,AUD,1.6522
2024-04-02,BGN,1.9558
2024-04-02,BRL,5.4114
2024-04-02,CAD,1.4577
2024-04-02,CHF,0.9765
2024-04-02,CNY,7.7779
2024-04-02,CZK,25.361
2024-04-02,DKK,7.4582
2024-04-02,GBP,0.8551
2024-04-02,HKD,8.4148
2024-04-02,HUF,395.63
2024-04-02,IDR,17103.38
2024-04-02,ILS,3.9826
2024-04-02,INR,89.649
2024-04-02,ISK,150.1
2024-04-02,JPY,163.01
2024-04-02,KRW,1453.23
2024-04-02,MXN,17.849
2024-04-02,MYR,5.1106
2024-04-02,NOK,11.708
2024-04-02,NZD,1.804
2024-04-02,PHP,60.506
2024-04-02,PLN,4.2938
2024-04-02,RON,4.9699
2024-04-02,SEK,11.5575
2024-04-02,SGD,1.4535
2024-04-02,THB,39.395
2024-04-02,TRY,34.6033
2024-04-02,USD,1.0749
2024-04-02,ZAR,20.2399
2024-04-03,AUD,1.6539
2024-04-03,BGN,1.9558
2024-04-03,BRL,5.4681
2024-04-03,CAD,1.4626
2024-04-03,CHF,0.9792
2024-04-03,CNY,7.8023
2024-04-03,CZK,25.352
2024-04-03,DKK,7.4589
2024-04-03,GBP,0.85713
2024-04-03,HKD,8.4421
2024-04-03,HUF,393.2
2024-04-03,IDR,17196.78
2024-04-03,ILS,4.0165
2024-04-03,INR,90.0055
2024-04-03,ISK,150.1
2024-04-03,JPY,163.66
2024-04-03,KRW,1456.04
2024-04-03,MXN,17.8782
2024-04-03,MYR,5.1273
2024-04-03,NOK,11.658
2024-04-03,NZD,1.8054
2024-04-03,PHP,60.817
2024-04-03,PLN,4.2968
2024-04-03,RON,4.9687
2024-04-03,SEK,11.575
2024-04-03,SGD,1.4571
2024-04-03,THB,39.584
2024-04-03,TRY,34.4418
2024-04-03,USD,1.0783
2024-04-03,ZAR,20.2667
2024-04-04,AUD,1.6446
2024-04-04,BGN,1.9558
2024-04-04,BRL,5.4751
2024-04-04,CAD,1.4652
2024-04-04,CHF,0.9846
2024-04-04,CNY,7.8501
2024-04-04,CZK,25.322
2024-04-04,DKK,7.4589
2024-04-04,GBP,0.85788
2024-04-04,HKD,8.4957
2024-04-04,HUF,391.55
2024-04-04,IDR,17233.19
2024-04-04,ILS,4.0339
2024-04-04,INR,90.5116
2024-04-04,ISK,150.3
2024-04-04,JPY,164.69
2024-04-04,KRW,1462.46
2024-04-04,MXN,17.9675
2024-04-04,MYR,5.1433
2024-04-04,NOK,11.6125
2024-04-04,NZD,1.7998
2024-04-04,PHP,61.243
2024-04-04,PLN,4.2955
2024-04-04,RON,4.9687
2024-04-04,SEK,11.5105
2024-04-04,SGD,1.4628
2024-04-04,THB,39.881
2024-04-04,TRY,34.6065
2024-04-04,USD,1.0852
2024-04-04,ZAR,20.2704
2024-04-05,AUD,1.6461
2024-04-05,BGN,1.9558
2024-04-05,BRL,5.4633
2024-04-05,CAD,1.4702
2024-04-05,CHF,0.9793
2024-04-05,CNY,7.8421
2024-04-05,CZK,25.286
2024-04-05,DKK,7.459
2024-04-05,GBP,0.85773
2024-04-05,HKD,8.4868
2024-04-05,HUF,390.1
2024-04-05,IDR,17192.63
2024-04-05,ILS,4.0725
2024-04-05,INR,90.3283
2024-04-05,ISK,150.3
2024-04-05,JPY,164.1
2024-04-05,KRW,1464.09
2024-04-05,MXN,17.9104
2024-04-05,MYR,5.1462
2024-04-05,NOK,11.6118
2024-04-05,NZD,1.8001
2024-04-05,PHP,61.268
2024-04-05,PLN,4.2835
2024-04-05,RON,4.9677
2024-04-05,SEK,11.526
2024-04-05,SGD,1.4608
2024-04-05,THB,39.743
2024-04-05,TRY,34.6312
2024-04-05,USD,1.0841
2024-04-05,ZAR,20.171
2024-04-08,AUD,1.6433
2024-04-08,BGN,1.9558
2024-04-08,BRL,5.4806
2024-04-08,CAD,1.4715
2024-04-08,CHF,0.9807
2024-04-08,CNY,7.8282
2024-04-08,CZK,25.354
2024-04-08,DKK,7.4588
2024-04-08,GBP,0.85795
2024-04-08,HKD,8.4761
2024-04-08,HUF,390.78
2024-04-08,IDR,17217.66
2024-04-08,ILS,4.0033
2024-04-08,INR,90.159
2024-04-08,ISK,150.3
2024-04-08,JPY,164.43
2024-04-08,KRW,1468.37
2024-04-08,MXN,17.8053
2024-04-08,MYR,5.1425
2024-04-08,NOK,11.5905
2024-04-08,NZD,1.7984
2024-04-08,PHP,61.204
2024-04-08,PLN,4.2773
2024-04-08,RON,4.9681
2024-04-08,SEK,11.4675
2024-04-08,SGD,1.4607
2024-04-08,THB,39.769
2024-04-08,TRY,34.8481
2024-04-08,USD,1.0823
2024-04-08,ZAR,20.1574
2024-04-09,AUD,1.6407
2024-04-09,BGN,1.9558
2024-04-09,BRL,5.4489
2024-04-09,CAD,1.4749
2024-04-09,CHF,0.9819
2024-04-09,CNY,7.8603
2024-04-09,CZK,25.38
2024-04-09,DKK,7.459
2024-04-09,GBP,0.85663
2024-04-09,HKD,8.5096
2024-04-09,HUF,389.2
2024-04-09,IDR,17243.05
2024-04-09,ILS,4.011
2024-04-09,INR,90.4135
2024-04-09,ISK,150.3
2024-04-09,JPY,164.97
2024-04-09,KRW,1470.98
2024-04-09,MXN,17.7268
2024-04-09,MYR,5.1591
2024-04-09,NOK,11.593
2024-04-09,NZD,1.7938
2024-04-09,PHP,61.301
2024-04-09,PLN,4.2565
2024-04-09,RON,4.9682
2024-04-09,SEK,11.4555
2024-04-09,SGD,1.4623
2024-04-09,THB,39.529
2024-04-09,TRY,34.9828
2024-04-09,USD,1.0867
2024-04-09,ZAR,20.0861
2024-04-10,AUD,1.6399
2024-04-10,BGN,1.9558
2024-04-10,BRL,5.433
2024-04-10,CAD,1.4728
2024-04-10,CHF,0.981
2024-04-10,CNY,7.8548
2024-04-10,CZK,25.368
2024-04-10,DKK,7.4594
2024-04-10,GBP,0.85515
2024-04-10,HKD,8.506
2024-04-10,HUF,389.18
2024-04-10,IDR,17212.45
2024-04-10,ILS,4.0324
2024-04-10,INR,90.3585
2024-04-10,ISK,150.7
2024-04-10,JPY,164.89
2024-04-10,KRW,1467.33
2024-04-10,MXN,17.7305
2024-04-10,MYR,5.1558
2024-04-10,NOK,11.5665
2024-04-10,NZD,1.7856
2024-04-10,PHP,61.408
2024-04-10,PLN,4.2563
2024-04-10,RON,4.969
2024-04-10,SEK,11.4345
2024-04-10,SGD,1.4605
2024-04-10,THB,39.536
2024-04-10,TRY,35.0329
2024-04-10,USD,1.086
2024-04-10,ZAR,20.0851
2024-04-11,AUD,1.6448
2024-04-11,BGN,1.9558
2024-04-11,BRL,5.4468
2024-04-11,CAD,1.4688
2024-04-11,CHF,0.9787
2024-04-11,CNY,7.7646
2024-04-11,CZK,25.392
2024-04-11,DKK,7.4604
2024-04-11,GBP,0.85525
2024-04-11,HKD,8.4058
2024-04-11,HUF,389.8
2024-04-11,IDR,17189.9
2024-04-11,ILS,4.03
2024-04-11,INR,89.4385
2024-04-11,ISK,150.3
2024-04-11,JPY,164.18
2024-04-11,KRW,1469.32
2024-04-11,MXN,17.6448
2024-04-11,MYR,5.0936
2024-04-11,NOK,11.618
2024-04-11,NZD,1.792
2024-04-11,PHP,60.577
2024-04-11,PLN,4.257
2024-04-11,RON,4.9713
2024-04-11,SEK,11.531
2024-04-11,SGD,1.4518
2024-04-11,THB,39.22
2024-04-11,TRY,34.6336
2024-04-11,USD,1.0729
2024-04-11,ZAR,20.1614
2024-04-12,AUD,1.6413
2024-04-12,BGN,1.9558
2024-04-12,BRL,5.4442
2024-04-12,CAD,1.4643
2024-04-12,CHF,0.9716
2024-04-12,CNY,7.7094
2024-04-12,CZK,25.337
2024-04-12,DKK,7.4603
2024-04-12,GBP,0.85424
2024-04-12,HKD,8.3478
2024-04-12,HUF,391.63
2024-04-12,IDR,17171.88
2024-04-12,ILS,4.0175
2024-04-12,INR,88.914
2024-04-12,ISK,150.5
2024-04-12,JPY,163.16
2024-04-12,KRW,1469.79
2024-04-12,MXN,17.5982
2024-04-12,MYR,5.081
2024-04-12,NOK,11.587
2024-04-12,NZD,1.7872
2024-04-12,PHP,60.256
2024-04-12,PLN,4.2603
2024-04-12,RON,4.9717
2024-04-12,SEK,11.5699
2024-04-12,SGD,1.4478
2024-04-12,THB,38.853
2024-04-12,TRY,34.4334
2024-04-12,USD,1.0652
2024-04-12,ZAR,19.9907
2024-04-15,AUD,1.6441
2024-04-15,BGN,1.9558
2024-04-15,BRL,5.4553
2024-04-15,CAD,1.4645
2024-04-15,CHF,0.9725
2024-04-15,CNY,7.7134
2024-04-15,CZK,25.324
2024-04-15,DKK,7.4606
2024-04-15,GBP,0.85405
2024-04-15,HKD,8.3419
2024-04-15,HUF,394.25
2024-04-15,IDR,17111.78
2024-04-15,ILS,3.9578
2024-04-15,INR,88.895
2024-04-15,ISK,150.7
2024-04-15,JPY,164.05
2024-04-15,KRW,1473.79
2024-04-15,MXN,17.6561
2024-04-15,MYR,5.0925
2024-04-15,NOK,11.626
2024-04-15,NZD,1.7943
2024-04-15,PHP,60.558
2024-04-15,PLN,4.2938
2024-04-15,RON,4.9742
2024-04-15,SEK,11.5583
2024-04-15,SGD,1.4498
2024-04-15,THB,39.124
2024-04-15,TRY,34.5291
2024-04-15,USD,1.0656
2024-04-15,ZAR,20.2067
2024-04-16,AUD,1.6578
2024-04-16,BGN,1.9558
2024-04-16,BRL,5.5607
2024-04-16,CAD,1.4668
2024-04-16,CHF,0.9712
2024-04-16,CNY,7.6995
2024-04-16,CZK,25.21
2024-04-16,DKK,7.4609
2024-04-16,GBP,0.8544
2024-04-16,HKD,8.3304
2024-04-16,HUF,394.63
2024-04-16,IDR,17234.12
2024-04-16,ILS,4.0001
2024-04-16,INR,88.8975
2024-04-16,ISK,150.7
2024-04-16,JPY,164.54
2024-04-16,KRW,1481.62
2024-04-16,MXN,17.9141
2024-04-16,MYR,5.0973
2024-04-16,NOK,11.6745
2024-04-16,NZD,1.8072
2024-04-16,PHP,60.561
2024-04-16,PLN,4.3435
2024-04-16,RON,4.9764
2024-04-16,SEK,11.635
2024-04-16,SGD,1.4509
2024-04-16,THB,38.958
2024-04-16,TRY,34.572
2024-04-16,USD,1.0637
2024-04-16,ZAR,20.2104
2024-04-17,AUD,1.6556
2024-04-17,BGN,1.9558
2024-04-17,BRL,5.6044
2024-04-17,CAD,1.4691
2024-04-17,CHF,0.9693
2024-04-17,CNY,7.7006
2024-04-17,CZK,25.228
2024-04-17,DKK,7.4611
2024-04-17,GBP,0.854
2024-04-17,HKD,8.3307
2024-04-17,HUF,393
2024-04-17,IDR,17290.58
2024-04-17,ILS,4.0173
2024-04-17,INR,89.008
2024-04-17,ISK,150.5
2024-04-17,JPY,164.54
2024-04-17,KRW,1471.92
2024-04-17,MXN,18.0761
2024-04-17,MYR,5.0972
2024-04-17,NOK,11.696
2024-04-17,NZD,1.8012
2024-04-17,PHP,60.879
2024-04-17,PLN,4.3508
2024-04-17,RON,4.9758
2024-04-17,SEK,11.6793
2024-04-17,SGD,1.4495
2024-04-17,THB,39.18
2024-04-17,TRY,34.6054
2024-04-17,USD,1.0638
2024-04-17,ZAR,20.2752
2024-04-18,AUD,1.6567
2024-04-18,BGN,1.9558
2024-04-18,BRL,5.5973
2024-04-18,CAD,1.4687
2024-04-18,CHF,0.9704
2024-04-18,CNY,7.7294
2024-04-18,CZK,25.254
2024-04-18,DKK,7.4616
2024-04-18,GBP,0.85628
2024-04-18,HKD,8.3635
2024-04-18,HUF,393.93
2024-04-18,IDR,17279.69
2024-04-18,ILS,4.0363
2024-04-18,INR,89.188
2024-04-18,ISK,150.3
2024-04-18,JPY,164.82
2024-04-18,KRW,1467.41
2024-04-18,MXN,18.094
2024-04-18,MYR,5.1083
2024-04-18,NOK,11.7375
2024-04-18,NZD,1.8013
2024-04-18,PHP,61.127
2024-04-18,PLN,4.3255
2024-04-18,RON,4.9758
2024-04-18,SEK,11.637
2024-04-18,SGD,1.452
2024-04-18,THB,39.251
2024-04-18,TRY,34.7035
2024-04-18,USD,1.0679
2024-04-18,ZAR,20.3461
2024-04-19,AUD,1.6622
2024-04-19,BGN,1.9558
2024-04-19,BRL,5.6165
2024-04-19,CAD,1.4666
2024-04-19,CHF,0.968
2024-04-19,CNY,7.7139
2024-04-19,CZK,25.267
2024-04-19,DKK,7.4622
2024-04-19,GBP,0.8562
2024-04-19,HKD,8.3443
2024-04-19,HUF,395.3
2024-04-19,IDR,17325.08
2024-04-19,ILS,4.0181
2024-04-19,INR,88.9228
2024-04-19,ISK,150.3
2024-04-19,JPY,164.68
2024-04-19,KRW,1469.09
2024-04-19,MXN,18.4819
2024-04-19,MYR,5.0959
2024-04-19,NOK,11.765
2024-04-19,NZD,1.8105
2024-04-19,PHP,61.373
2024-04-19,PLN,4.33
2024-04-19,RON,4.9764
2024-04-19,SEK,11.664
2024-04-19,SGD,1.451
2024-04-19,THB,39.288
2024-04-19,TRY,34.7304
2024-04-19,USD,1.0653
2024-04-19,ZAR,20.4793
2024-04-22,AUD,1.6517
2024-04-22,BGN,1.9558
2024-04-22,BRL,5.5427
2024-04-22,CAD,1.4592
2024-04-22,CHF,0.9693
2024-04-22,CNY,7.7012
2024-04-22,CZK,25.275
2024-04-22,DKK,7.4615
2024-04-22,GBP,0.86328
2024-04-22,HKD,8.3316
2024-04-22,HUF,393.9
2024-04-22,IDR,17279.87
2024-04-22,ILS,4.0054
2024-04-22,INR,88.628
2024-04-22,ISK,150.3
2024-04-22,JPY,164.51
2024-04-22,KRW,1467.64
2024-04-22,MXN,18.2059
2024-04-22,MYR,5.08
2024-04-22,NOK,11.7185
2024-04-22,NZD,1.8004
2024-04-22,PHP,61.134
2024-04-22,PLN,4.3188
2024-04-22,RON,4.9756
2024-04-22,SEK,11.6015
2024-04-22,SGD,1.449
2024-04-22,THB,39.392
2024-04-22,TRY,34.5943
2024-04-22,USD,1.0632
2024-04-22,ZAR,20.3468
2024-04-23,AUD,1.6536
2024-04-23,BGN,1.9558
2024-04-23,BRL,5.5246
2024-04-23,CAD,1.4623
2024-04-23,CHF,0.9724
2024-04-23,CNY,7.7353
2024-04-23,CZK,25.256
2024-04-23,DKK,7.4607
2024-04-23,GBP,0.8605
2024-04-23,HKD,8.364
2024-04-23,HUF,393.63
2024-04-23,IDR,17302.61
2024-04-23,ILS,4.0422
2024-04-23,INR,88.9475
2024-04-23,ISK,150.3
2024-04-23,JPY,165.23
2024-04-23,KRW,1471.21
2024-04-23,MXN,18.2732
2024-04-23,MYR,5.1022
2024-04-23,NOK,11.731
2024-04-23,NZD,1.8047
2024-04-23,PHP,61.44
2024-04-23,PLN,4.3158
2024-04-23,RON,4.9761
2024-04-23,SEK,11.603
2024-04-23,SGD,1.4543
2024-04-23,THB,39.536
2024-04-23,TRY,34.7807
2024-04-23,USD,1.0674
2024-04-23,ZAR,20.534
2024-04-24,AUD,1.6421
2024-04-24,BGN,1.9558
2024-04-24,BRL,5.4856
2024-04-24,CAD,1.4628
2024-04-24,CHF,0.9774
2024-04-24,CNY,7.7431
2024-04-24,CZK,25.242
2024-04-24,DKK,7.4575
2024-04-24,GBP,0.85945
2024-04-24,HKD,8.37
2024-04-24,HUF,393.35
2024-04-24,IDR,17277.66
2024-04-24,ILS,4.0339
2024-04-24,INR,89.0435
2024-04-24,ISK,150.3
2024-04-24,JPY,165.57
2024-04-24,KRW,1469.91
2024-04-24,MXN,18.0824
2024-04-24,MYR,5.1058
2024-04-24,NOK,11.733
2024-04-24,NZD,1.801
2024-04-24,PHP,61.487
2024-04-24,PLN,4.3193
2024-04-24,RON,4.9757
2024-04-24,SEK,11.6225
2024-04-24,SGD,1.4547
2024-04-24,THB,39.602
2024-04-24,TRY,34.7497
2024-04-24,USD,1.0686
2024-04-24,ZAR,20.5062
2024-04-25,AUD,1.6415
2024-04-25,BGN,1.9558
2024-04-25,BRL,5.505
2024-04-25,CAD,1.4659
2024-04-25,CHF,0.9792
2024-04-25,CNY,7.7682
2024-04-25,CZK,25.152
2024-04-25,DKK,7.4587
2024-04-25,GBP,0.85675
2024-04-25,HKD,8.392
2024-04-25,HUF,392.98
2024-04-25,IDR,17355.14
2024-04-25,ILS,4.0646
2024-04-25,INR,89.3155
2024-04-25,ISK,150.1
2024-04-25,JPY,166.76
2024-04-25,KRW,1473.23
2024-04-25,MXN,18.267
2024-04-25,MYR,5.1215
2024-04-25,NOK,11.714
2024-04-25,NZD,1.799
2024-04-25,PHP,61.94
2024-04-25,PLN,4.3165
2024-04-25,RON,4.9761
2024-04-25,SEK,11.639
2024-04-25,SGD,1.4581
2024-04-25,THB,39.691
2024-04-25,TRY,34.8475
2024-04-25,USD,1.072
2024-04-25,ZAR,20.3377
2024-04-26,AUD,1.6392
2024-04-26,BGN,1.9558
2024-04-26,BRL,5.5208
2024-04-26,CAD,1.4632
2024-04-26,CHF,0.9779
2024-04-26,CNY,7.7638
2024-04-26,CZK,25.164
2024-04-26,DKK,7.4573
2024-04-26,GBP,0.85643
2024-04-26,HKD,8.3873
2024-04-26,HUF,392.28
2024-04-26,IDR,17385.77
2024-04-26,ILS,4.0798
2024-04-26,INR,89.3191
2024-04-26,ISK,150.3
2024-04-26,JPY,168.03
2024-04-26,KRW,1474.65
2024-04-26,MXN,18.4672
2024-04-26,MYR,5.1079
2024-04-26,NOK,11.7995
2024-04-26,NZD,1.801
2024-04-26,PHP,61.83
2024-04-26,PLN,4.3205
2024-04-26,RON,4.9764
2024-04-26,SEK,11.7052
2024-04-26,SGD,1.4587
2024-04-26,THB,39.583
2024-04-26,TRY,34.8036
2024-04-26,USD,1.0714
2024-04-26,ZAR,20.2037
2024-04-29,AUD,1.6322
2024-04-29,BGN,1.9558
2024-04-29,BRL,5.4706
2024-04-29,CAD,1.4635
2024-04-29,CHF,0.9776
2024-04-29,CNY,7.7627
2024-04-29,CZK,25.175
2024-04-29,DKK,7.4581
2024-04-29,GBP,0.85493
2024-04-29,HKD,8.3904
2024-04-29,HUF,391.64
2024-04-29,IDR,17408.74
2024-04-29,ILS,4.0316
2024-04-29,INR,89.461
2024-04-29,ISK,150.3
2024-04-29,JPY,167.53
2024-04-29,KRW,1476.15
2024-04-29,MXN,18.3202
2024-04-29,MYR,5.1108
2024-04-29,NOK,11.7835
2024-04-29,NZD,1.7932
2024-04-29,PHP,61.858
2024-04-29,PLN,4.3255
2024-04-29,RON,4.9759
2024-04-29,SEK,11.685
2024-04-29,SGD,1.4578
2024-04-29,THB,39.696
2024-04-29,TRY,34.7103
2024-04-29,USD,1.072
2024-04-29,ZAR,20.0504
2024-04-30,AUD,1.6423
2024-04-30,BGN,1.9558
2024-04-30,BRL,5.4928
2024-04-30,CAD,1.4672
2024-04-30,CHF,0.9787
2024-04-30,CNY,7.7609
2024-04-30,CZK,25.14
2024-04-30,DKK,7.4583
2024-04-30,GBP,0.85478
2024-04-30,HKD,8.3817
2024-04-30,HUF,390.68
2024-04-30,IDR,17422.11
2024-04-30,ILS,4.0172
2024-04-30,INR,89.4155
2024-04-30,ISK,150.3
2024-04-30,JPY,168.27
2024-04-30,KRW,1479.67
2024-04-30,MXN,18.1895
2024-04-30,MYR,5.113
2024-04-30,NOK,11.815
2024-04-30,NZD,1.8035
2024-04-30,PHP,61.83
2024-04-30,PLN,4.3178
2024-04-30,RON,4.9759
2024-04-30,SEK,11.753
2024-04-30,SGD,1.4593
2024-04-30,THB,39.732
2024-04-30,TRY,34.7045
2024-04-30,USD,1.0718
2024-04-30,ZAR,20.0682
2024-05-02,AUD,1.6386
2024-05-02,BGN,1.9558
2024-05-02,BRL,5.5025
2024-05-02,CAD,1.4678
2024-05-02,CHF,0.9759
2024-05-02,CNY,7.7465
2024-05-02,CZK,25.09
2024-05-02,DKK,7.4589
2024-05-02,GBP,0.85538
2024-05-02,HKD,8.3633
2024-05-02,HUF,388.98
2024-05-02,IDR,17302.04
2024-05-02,ILS,4.0046
2024-05-02,INR,89.2938
2024-05-02,ISK,150.1
2024-05-02,JPY,165.63
2024-05-02,KRW,1470.41
2024-05-02,MXN,18.1187
2024-05-02,MYR,5.0864
2024-05-02,NOK,11.843
2024-05-02,NZD,1.8047
2024-05-02,PHP,61.628
2024-05-02,PLN,4.3278
2024-05-02,RON,4.9763
2024-05-02,SEK,11.682
2024-05-02,SGD,1.4538
2024-05-02,THB,39.508
2024-05-02,TRY,34.6345
2024-05-02,USD,1.0698
2024-05-02,ZAR,19.969
2024-05-03,AUD,1.633
2024-05-03,BGN,1.9558
2024-05-03,BRL,5.4916
2024-05-03,CAD,1.4682
2024-05-03,CHF,0.9744
2024-05-03,CNY,7.7798
2024-05-03,CZK,25.025
2024-05-03,DKK,7.4583
2024-05-03,GBP,0.85573
2024-05-03,HKD,8.3961
2024-05-03,HUF,388.95
2024-05-03,IDR,17247.67
2024-05-03,ILS,3.9943
2024-05-03,INR,89.671
2024-05-03,ISK,150.3
2024-05-03,JPY,164.62
2024-05-03,KRW,1460.24
2024-05-03,MXN,18.2086
2024-05-03,MYR,5.0927
2024-05-03,NOK,11.708
2024-05-03,NZD,1.7952
2024-05-03,PHP,61.392
2024-05-03,PLN,4.329
2024-05-03,RON,4.9761
2024-05-03,SEK,11.6398
2024-05-03,SGD,1.4527
2024-05-03,THB,39.516
2024-05-03,TRY,34.7482
2024-05-03,USD,1.0744
2024-05-03,ZAR,19.8952
2024-05-06,AUD,1.6248
2024-05-06,BGN,1.9558
2024-05-06,BRL,5.4683
2024-05-06,CAD,1.4731
2024-05-06,CHF,0.9754
2024-05-06,CNY,7.7662
2024-05-06,CZK,24.995
2024-05-06,DKK,7.4589
2024-05-06,GBP,0.8566
2024-05-06,HKD,8.4223
2024-05-06,HUF,389.38
2024-05-06,IDR,17289.39
2024-05-06,ILS,4.0322
2024-05-06,INR,89.9875
2024-05-06,ISK,150.3
2024-05-06,JPY,165.7
2024-05-06,KRW,1460
2024-05-06,MXN,18.2346
2024-05-06,MYR,5.1067
2024-05-06,NOK,11.6663
2024-05-06,NZD,1.7891
2024-05-06,PHP,61.66
2024-05-06,PLN,4.3185
2024-05-06,RON,4.9688
2024-05-06,SEK,11.625
2024-05-06,SGD,1.4548
2024-05-06,THB,39.618
2024-05-06,TRY,34.7747
2024-05-06,USD,1.0776
2024-05-06,ZAR,19.8369
2024-05-07,AUD,1.6297
2024-05-07,BGN,1.9558
2024-05-07,BRL,5.4629
2024-05-07,CAD,1.473
2024-05-07,CHF,0.977
2024-05-07,CNY,7.7707
2024-05-07,CZK,25.014
2024-05-07,DKK,7.4596
2024-05-07,GBP,0.85805
2024-05-07,HKD,8.4197
2024-05-07,HUF,389.05
2024-05-07,IDR,17295.26
2024-05-07,ILS,4.0056
2024-05-07,INR,89.898
2024-05-07,ISK,150.3
2024-05-07,JPY,166.45
2024-05-07,KRW,1462.45
2024-05-07,MXN,18.1606
2024-05-07,MYR,5.1009
2024-05-07,NOK,11.698
2024-05-07,NZD,1.7918
2024-05-07,PHP,61.678
2024-05-07,PLN,4.3138
2024-05-07,RON,4.9757
2024-05-07,SEK,11.681
2024-05-07,SGD,1.457
2024-05-07,THB,39.683
2024-05-07,TRY,34.7408
2024-05-07,USD,1.0766
2024-05-07,ZAR,19.9127
2024-05-08,AUD,1.6374
2024-05-08,BGN,1.9558
2024-05-08,BRL,5.4682
2024-05-08,CAD,1.4784
2024-05-08,CHF,0.977
2024-05-08,CNY,7.7651
2024-05-08,CZK,25.036
2024-05-08,DKK,7.4599
2024-05-08,GBP,0.86083
2024-05-08,HKD,8.3989
2024-05-08,HUF,388.88
2024-05-08,IDR,17270.98
2024-05-08,ILS,3.9883
2024-05-08,INR,89.7015
2024-05-08,ISK,150.1
2024-05-08,JPY,167.15
2024-05-08,KRW,1466.47
2024-05-08,MXN,18.1936
2024-05-08,MYR,5.0949
2024-05-08,NOK,11.757
2024-05-08,NZD,1.7948
2024-05-08,PHP,61.643
2024-05-08,PLN,4.3075
2024-05-08,RON,4.9757
2024-05-08,SEK,11.733
2024-05-08,SGD,1.4572
2024-05-08,THB,39.717
2024-05-08,TRY,34.6564
2024-05-08,USD,1.0743
2024-05-08,ZAR,20.0409
2024-05-09,AUD,1.6299
2024-05-09,BGN,1.9558
2024-05-09,BRL,5.5189
2024-05-09,CAD,1.4728
2024-05-09,CHF,0.976
2024-05-09,CNY,7.7554
2024-05-09,CZK,24.935
2024-05-09,DKK,7.4594
2024-05-09,GBP,0.85995
2024-05-09,HKD,8.3881
2024-05-09,HUF,387.95
2024-05-09,IDR,17248.52
2024-05-09,ILS,4.014
2024-05-09,INR,89.607
2024-05-09,ISK,150.3
2024-05-09,JPY,167.32
2024-05-09,KRW,1471.57
2024-05-09,MXN,18.1764
2024-05-09,MYR,5.0878
2024-05-09,NOK,11.7215
2024-05-09,NZD,1.7881
2024-05-09,PHP,61.569
2024-05-09,PLN,4.292
2024-05-09,RON,4.9753
2024-05-09,SEK,11.7205
2024-05-09,SGD,1.4558
2024-05-09,THB,39.617
2024-05-09,TRY,34.5811
2024-05-09,USD,1.0732
2024-05-09,ZAR,19.8856
2024-05-10,AUD,1.632
2024-05-10,BGN,1.9558
2024-05-10,BRL,5.5332
2024-05-10,CAD,1.4747
2024-05-10,CHF,0.9779
2024-05-10,CNY,7.7877
2024-05-10,CZK,24.936
2024-05-10,DKK,7.4607
2024-05-10,GBP,0.86055
2024-05-10,HKD,8.4228
2024-05-10,HUF,387.72
2024-05-10,IDR,17292.1
2024-05-10,ILS,4.0091
2024-05-10,INR,90.0185
2024-05-10,ISK,150.3
2024-05-10,JPY,167.87
2024-05-10,KRW,1472.72
2024-05-10,MXN,18.073
2024-05-10,MYR,5.1082
2024-05-10,NOK,11.6735
2024-05-10,NZD,1.7923
2024-05-10,PHP,61.936
2024-05-10,PLN,4.2968
2024-05-10,RON,4.9758
2024-05-10,SEK,11.6865
2024-05-10,SGD,1.4592
2024-05-10,THB,39.58
2024-05-10,TRY,34.7431
2024-05-10,USD,1.0779
2024-05-10,ZAR,19.8673
2024-05-13,AUD,1.6305
2024-05-13,BGN,1.9558
2024-05-13,BRL,5.5486
2024-05-13,CAD,1.4757
2024-05-13,CHF,0.9784
2024-05-13,CNY,7.8095
2024-05-13,CZK,24.779
2024-05-13,DKK,7.4608
2024-05-13,GBP,0.86023
2024-05-13,HKD,8.4329
2024-05-13,HUF,387
2024-05-13,IDR,17371.37
2024-05-13,ILS,4.0161
2024-05-13,INR,90.133
2024-05-13,ISK,150.3
2024-05-13,JPY,168.25
2024-05-13,KRW,1476.01
2024-05-13,MXN,18.0713
2024-05-13,MYR,5.1082
2024-05-13,NOK,11.68
2024-05-13,NZD,1.7923
2024-05-13,PHP,62.417
2024-05-13,PLN,4.286
2024-05-13,RON,4.9762
2024-05-13,SEK,11.7
2024-05-13,SGD,1.4605
2024-05-13,THB,39.688
2024-05-13,TRY,34.7702
2024-05-13,USD,1.0795
2024-05-13,ZAR,19.8185
2024-05-14,AUD,1.6329
2024-05-14,BGN,1.9558
2024-05-14,BRL,5.5419
2024-05-14,CAD,1.4753
2024-05-14,CHF,0.9801
2024-05-14,CNY,7.8103
2024-05-14,CZK,24.75
2024-05-14,DKK,7.4608
2024-05-14,GBP,0.85983
2024-05-14,HKD,8.4341
2024-05-14,HUF,386.1
2024-05-14,IDR,17407.15
2024-05-14,ILS,4.0089
2024-05-14,INR,90.16
2024-05-14,ISK,150.5
2024-05-14,JPY,168.89
2024-05-14,KRW,1476.56
2024-05-14,MXN,18.1363
2024-05-14,MYR,5.0952
2024-05-14,NOK,11.6815
2024-05-14,NZD,1.7934
2024-05-14,PHP,62.452
2024-05-14,PLN,4.2695
2024-05-14,RON,4.9758
2024-05-14,SEK,11.7285
2024-05-14,SGD,1.4609
2024-05-14,THB,39.589
2024-05-14,TRY,34.8169
2024-05-14,USD,1.0796
2024-05-14,ZAR,19.8835
2024-05-15,AUD,1.6308
2024-05-15,BGN,1.9558
2024-05-15,BRL,5.5827
2024-05-15,CAD,1.4763
2024-05-15,CHF,0.98
2024-05-15,CNY,7.8212
2024-05-15,CZK,24.766
2024-05-15,DKK,7.4617
2024-05-15,GBP,0.8584
2024-05-15,HKD,8.4578
2024-05-15,HUF,386
2024-05-15,IDR,17340.14
2024-05-15,ILS,4.003
2024-05-15,INR,90.4445
2024-05-15,ISK,150.3
2024-05-15,JPY,168.43
2024-05-15,KRW,1471.93
2024-05-15,MXN,18.271
2024-05-15,MYR,5.0986
2024-05-15,NOK,11.649
2024-05-15,NZD,1.786
2024-05-15,PHP,62.284
2024-05-15,PLN,4.269
2024-05-15,RON,4.9758
2024-05-15,SEK,11.6751
2024-05-15,SGD,1.4609
2024-05-15,THB,39.58
2024-05-15,TRY,34.9765
2024-05-15,USD,1.0832
2024-05-15,ZAR,19.9073
2024-05-16,AUD,1.629
2024-05-16,BGN,1.9558
2024-05-16,BRL,5.5696
2024-05-16,CAD,1.481
2024-05-16,CHF,0.9822
2024-05-16,CNY,7.843
2024-05-16,CZK,24.709
2024-05-16,DKK,7.4612
2024-05-16,GBP,0.8585
2024-05-16,HKD,8.4798
2024-05-16,HUF,386.18
2024-05-16,IDR,17297.31
2024-05-16,ILS,4.0057
2024-05-16,INR,90.73
2024-05-16,ISK,150.3
2024-05-16,JPY,168.33
2024-05-16,KRW,1463.04
2024-05-16,MXN,18.1784
2024-05-16,MYR,5.0885
2024-05-16,NOK,11.642
2024-05-16,NZD,1.7794
2024-05-16,PHP,62.49
2024-05-16,PLN,4.2648
2024-05-16,RON,4.9755
2024-05-16,SEK,11.6172
2024-05-16,SGD,1.4617
2024-05-16,THB,39.291
2024-05-16,TRY,34.9901
2024-05-16,USD,1.0866
2024-05-16,ZAR,19.7911
2024-05-17,AUD,1.6281
2024-05-17,BGN,1.9558
2024-05-17,BRL,5.5645
2024-05-17,CAD,1.4784
2024-05-17,CHF,0.9855
2024-05-17,CNY,7.837
2024-05-17,CZK,24.722
2024-05-17,DKK,7.4615
2024-05-17,GBP,0.85685
2024-05-17,HKD,8.46
2024-05-17,HUF,387.6
2024-05-17,IDR,17316.08
2024-05-17,ILS,4.0318
2024-05-17,INR,90.3883
2024-05-17,ISK,150.3
2024-05-17,JPY,168.96
2024-05-17,KRW,1471.55
2024-05-17,MXN,18.0889
2024-05-17,MYR,5.0831
2024-05-17,NOK,11.633
2024-05-17,NZD,1.7751
2024-05-17,PHP,62.559
2024-05-17,PLN,4.265
2024-05-17,RON,4.9752
2024-05-17,SEK,11.655
2024-05-17,SGD,1.4609
2024-05-17,THB,39.358
2024-05-17,TRY,34.9852
2024-05-17,USD,1.0844
2024-05-17,ZAR,19.8068
2024-05-20,AUD,1.6259
2024-05-20,BGN,1.9558
2024-05-20,BRL,5.559
2024-05-20,CAD,1.4798
2024-05-20,CHF,0.988
2024-05-20,CNY,7.856
2024-05-20,CZK,24.748
2024-05-20,DKK,7.4611
2024-05-20,GBP,0.85548
2024-05-20,HKD,8.4712
2024-05-20,HUF,385.65
2024-05-20,IDR,17351.81
2024-05-20,ILS,4.0267
2024-05-20,INR,90.4715
2024-05-20,ISK,150.3
2024-05-20,JPY,169.25
2024-05-20,KRW,1477.31
2024-05-20,MXN,18.0315
2024-05-20,MYR,5.0884
2024-05-20,NOK,11.6115
2024-05-20,NZD,1.7773
2024-05-20,PHP,62.853
2024-05-20,PLN,4.2533
2024-05-20,RON,4.975
2024-05-20,SEK,11.6127
2024-05-20,SGD,1.4628
2024-05-20,THB,39.214
2024-05-20,TRY,34.9725
2024-05-20,USD,1.0861
2024-05-20,ZAR,19.8052
2024-05-21,AUD,1.6278
2024-05-21,BGN,1.9558
2024-05-21,BRL,5.5371
2024-05-21,CAD,1.4797
2024-05-21,CHF,0.9884
2024-05-21,CNY,7.861
2024-05-21,CZK,24.682
2024-05-21,DKK,7.4617
2024-05-21,GBP,0.8544
2024-05-21,HKD,8.4778
2024-05-21,HUF,385.43
2024-05-21,IDR,17383.98
2024-05-21,ILS,3.9892
2024-05-21,INR,90.5115
2024-05-21,ISK,150.1
2024-05-21,JPY,169.86
2024-05-21,KRW,1480.56
2024-05-21,MXN,17.98
2024-05-21,MYR,5.0979
2024-05-21,NOK,11.583
2024-05-21,NZD,1.781
2024-05-21,PHP,63.294
2024-05-21,PLN,4.2553
2024-05-21,RON,4.9743
2024-05-21,SEK,11.581
2024-05-21,SGD,1.4632
2024-05-21,THB,39.425
2024-05-21,TRY,34.9752
2024-05-21,USD,1.0864
2024-05-21,ZAR,19.6955
2024-05-22,AUD,1.6288
2024-05-22,BGN,1.9558
2024-05-22,BRL,5.5647
2024-05-22,CAD,1.481
2024-05-22,CHF,0.9905
2024-05-22,CNY,7.8414
2024-05-22,CZK,24.748
2024-05-22,DKK,7.4617
2024-05-22,GBP,0.85165
2024-05-22,HKD,8.4538
2024-05-22,HUF,388.05
2024-05-22,IDR,17371.32
2024-05-22,ILS,3.9853
2024-05-22,INR,90.2135
2024-05-22,ISK,150.1
2024-05-22,JPY,169.54
2024-05-22,KRW,1480.95
2024-05-22,MXN,18.0397
2024-05-22,MYR,5.082
2024-05-22,NOK,11.585
2024-05-22,NZD,1.7724
2024-05-22,PHP,62.825
2024-05-22,PLN,4.2686
2024-05-22,RON,4.9751
2024-05-22,SEK,11.6325
2024-05-22,SGD,1.4616
2024-05-22,THB,39.448
2024-05-22,TRY,34.8553
2024-05-22,USD,1.083
2024-05-22,ZAR,19.7464
2024-05-23,AUD,1.6333
2024-05-23,BGN,1.9558
2024-05-23,BRL,5.5745
2024-05-23,CAD,1.4832
2024-05-23,CHF,0.9907
2024-05-23,CNY,7.8578
2024-05-23,CZK,24.738
2024-05-23,DKK,7.4624
2024-05-23,GBP,0.85175
2024-05-23,HKD,8.4749
2024-05-23,HUF,387.08
2024-05-23,IDR,17398.69
2024-05-23,ILS,3.9863
2024-05-23,INR,90.3445
2024-05-23,ISK,150.1
2024-05-23,JPY,169.9
2024-05-23,KRW,1476.66
2024-05-23,MXN,18.0534
2024-05-23,MYR,5.1063
2024-05-23,NOK,11.5165
2024-05-23,NZD,1.7703
2024-05-23,PHP,63.138
2024-05-23,PLN,4.263
2024-05-23,RON,4.9754
2024-05-23,SEK,11.5925
2024-05-23,SGD,1.4637
2024-05-23,THB,39.612
2024-05-23,TRY,34.9722
2024-05-23,USD,1.0854
2024-05-23,ZAR,19.9118
2024-05-24,AUD,1.6394
2024-05-24,BGN,1.9558
2024-05-24,BRL,5.5722
2024-05-24,CAD,1.4865
2024-05-24,CHF,0.9924
2024-05-24,CNY,7.8522
2024-05-24,CZK,24.736
2024-05-24,DKK,7.4612
2024-05-24,GBP,0.85241
2024-05-24,HKD,8.468
2024-05-24,HUF,385.18
2024-05-24,IDR,17377.88
2024-05-24,ILS,3.9801
2024-05-24,INR,90.104
2024-05-24,ISK,149.9
2024-05-24,JPY,170.28
2024-05-24,KRW,1480.44
2024-05-24,MXN,18.0844
2024-05-24,MYR,5.1073
2024-05-24,NOK,11.4953
2024-05-24,NZD,1.7747
2024-05-24,PHP,63.078
2024-05-24,PLN,4.2553
2024-05-24,RON,4.9743
2024-05-24,SEK,11.599
2024-05-24,SGD,1.4639
2024-05-24,THB,39.756
2024-05-24,TRY,34.9539
2024-05-24,USD,1.084
2024-05-24,ZAR,19.9506
2024-05-27,AUD,1.632
2024-05-27,BGN,1.9558
2024-05-27,BRL,5.6038
2024-05-27,CAD,1.4813
2024-05-27,CHF,0.9922
2024-05-27,CNY,7.8545
2024-05-27,CZK,24.733
2024-05-27,DKK,7.4619
2024-05-27,GBP,0.8507
2024-05-27,HKD,8.4663
2024-05-27,HUF,384.7
2024-05-27,IDR,17421.56
2024-05-27,ILS,3.9851
2024-05-27,INR,90.1393
2024-05-27,ISK,149.7
2024-05-27,JPY,170.07
2024-05-27,KRW,1478.03
2024-05-27,MXN,18.0901
2024-05-27,MYR,5.093
2024-05-27,NOK,11.415
2024-05-27,NZD,1.7665
2024-05-27,PHP,63.09
2024-05-27,PLN,4.2553
2024-05-27,RON,4.9763
2024-05-27,SEK,11.54
2024-05-27,SGD,1.4633
2024-05-27,THB,39.702
2024-05-27,TRY,34.9
2024-05-27,USD,1.0843
2024-05-27,ZAR,19.9632
2024-05-28,AUD,1.6314
2024-05-28,BGN,1.9558
2024-05-28,BRL,5.6141
2024-05-28,CAD,1.482
2024-05-28,CHF,0.9908
2024-05-28,CNY,7.8842
2024-05-28,CZK,24.655
2024-05-28,DKK,7.4616
2024-05-28,GBP,0.8508
2024-05-28,HKD,8.4994
2024-05-28,HUF,382.78
2024-05-28,IDR,17495.81
2024-05-28,ILS,3.9948
2024-05-28,INR,90.515
2024-05-28,ISK,149.3
2024-05-28,JPY,170.54
2024-05-28,KRW,1477.78
2024-05-28,MXN,18.1116
2024-05-28,MYR,5.1077
2024-05-28,NOK,11.407
2024-05-28,NZD,1.7648
2024-05-28,PHP,63.083
2024-05-28,PLN,4.2483
2024-05-28,RON,4.9759
2024-05-28,SEK,11.466
2024-05-28,SGD,1.4659
2024-05-28,THB,39.823
2024-05-28,TRY,35.0223
2024-05-28,USD,1.0882
2024-05-28,ZAR,19.9443
2024-05-29,AUD,1.637
2024-05-29,BGN,1.9558
2024-05-29,BRL,5.6149
2024-05-29,CAD,1.4838
2024-05-29,CHF,0.9907
2024-05-29,CNY,7.8706
2024-05-29,CZK,24.731
2024-05-29,DKK,7.4607
2024-05-29,GBP,0.8513
2024-05-29,HKD,8.4811
2024-05-29,HUF,387.08
2024-05-29,IDR,17580.25
2024-05-29,ILS,4.0153
2024-05-29,INR,90.529
2024-05-29,ISK,149.1
2024-05-29,JPY,170.74
2024-05-29,KRW,1484.62
2024-05-29,MXN,18.2588
2024-05-29,MYR,5.1066
2024-05-29,NOK,11.417
2024-05-29,NZD,1.7716
2024-05-29,PHP,63.481
2024-05-29,PLN,4.264
2024-05-29,RON,4.9768
2024-05-29,SEK,11.5215
2024-05-29,SGD,1.4652
2024-05-29,THB,39.948
2024-05-29,TRY,34.9889
2024-05-29,USD,1.0857
2024-05-29,ZAR,19.9
2024-05-30,AUD,1.6341
2024-05-30,BGN,1.9558
2024-05-30,BRL,5.6279
2024-05-30,CAD,1.4828
2024-05-30,CHF,0.9808
2024-05-30,CNY,7.8261
2024-05-30,CZK,24.77
2024-05-30,DKK,7.4595
2024-05-30,GBP,0.85105
2024-05-30,HKD,8.4556
2024-05-30,HUF,389.45
2024-05-30,IDR,17563.67
2024-05-30,ILS,4.0247
2024-05-30,INR,90.073
2024-05-30,ISK,148.9
2024-05-30,JPY,169.5
2024-05-30,KRW,1488.66
2024-05-30,MXN,18.4071
2024-05-30,MYR,5.0874
2024-05-30,NOK,11.4065
2024-05-30,NZD,1.7706
2024-05-30,PHP,63.354
2024-05-30,PLN,4.2848
2024-05-30,RON,4.9764
2024-05-30,SEK,11.4995
2024-05-30,SGD,1.4612
2024-05-30,THB,39.745
2024-05-30,TRY,34.9038
2024-05-30,USD,1.0815
2024-05-30,ZAR,20.1501
2024-05-31,AUD,1.6315
2024-05-31,BGN,1.9558
2024-05-31,BRL,5.6418
2024-05-31,CAD,1.4804
2024-05-31,CHF,0.9818
2024-05-31,CNY,7.8577
2024-05-31,CZK,24.709
2024-05-31,DKK,7.4588
2024-05-31,GBP,0.85365
2024-05-31,HKD,8.4838
2024-05-31,HUF,388.83
2024-05-31,IDR,17641.72
2024-05-31,ILS,4.0342
2024-05-31,INR,90.5255
2024-05-31,ISK,149.1
2024-05-31,JPY,170.52
2024-05-31,KRW,1501.11
2024-05-31,MXN,18.4387
2024-05-31,MYR,5.108
2024-05-31,NOK,11.383
2024-05-31,NZD,1.7696
2024-05-31,PHP,63.604
2024-05-31,PLN,4.2645
2024-05-31,RON,4.9767
2024-05-31,SEK,11.421
2024-05-31,SGD,1.4663
2024-05-31,THB,39.925
2024-05-31,TRY,34.9691
2024-05-31,USD,1.0852
2024-05-31,ZAR,20.2927
2024-06-03,AUD,1.629
2024-06-03,BGN,1.9558
2024-06-03,BRL,5.6957
2024-06-03,CAD,1.4784
2024-06-03,CHF,0.9772
2024-06-03,CNY,7.8562
2024-06-03,CZK,24.724
2024-06-03,DKK,7.459
2024-06-03,GBP,0.85175
2024-06-03,HKD,8.4797
2024-06-03,HUF,391.4
2024-06-03,IDR,17595.37
2024-06-03,ILS,3.9692
2024-06-03,INR,90.125
2024-06-03,ISK,149.5
2024-06-03,JPY,170.09
2024-06-03,KRW,1493.24
2024-06-03,MXN,19.0161
2024-06-03,MYR,5.1033
2024-06-03,NOK,11.3885
2024-06-03,NZD,1.7614
2024-06-03,PHP,63.653
2024-06-03,PLN,4.2815
2024-06-03,RON,4.9762
2024-06-03,SEK,11.4035
2024-06-03,SGD,1.4638
2024-06-03,THB,39.937
2024-06-03,TRY,34.9104
2024-06-03,USD,1.0842
2024-06-03,ZAR,20.2534
2024-06-04,AUD,1.6364
2024-06-04,BGN,1.9558
2024-06-04,BRL,5.7284
2024-06-04,CAD,1.486
2024-06-04,CHF,0.9703
2024-06-04,CNY,7.863
2024-06-04,CZK,24.755
2024-06-04,DKK,7.459
2024-06-04,GBP,0.85143
2024-06-04,HKD,8.4901
2024-06-04,HUF,392.28
2024-06-04,IDR,17680.4
2024-06-04,ILS,4.005
2024-06-04,INR,90.6925
2024-06-04,ISK,149.9
2024-06-04,JPY,168.29
2024-06-04,KRW,1495.71
2024-06-04,MXN,19.5326
2024-06-04,MYR,5.1087
2024-06-04,NOK,11.489
2024-06-04,NZD,1.7624
2024-06-04,PHP,63.854
2024-06-04,PLN,4.3005
2024-06-04,RON,4.975
2024-06-04,SEK,11.3755
2024-06-04,SGD,1.464
2024-06-04,THB,39.733
2024-06-04,TRY,35.2217
2024-06-04,USD,1.0865
2024-06-04,ZAR,20.2986
2024-06-05,AUD,1.6353
2024-06-05,BGN,1.9558
2024-06-05,BRL,5.7259
2024-06-05,CAD,1.4867
2024-06-05,CHF,0.9704
2024-06-05,CNY,7.8795
2024-06-05,CZK,24.654
2024-06-05,DKK,7.4592
2024-06-05,GBP,0.85048
2024-06-05,HKD,8.4904
2024-06-05,HUF,391.73
2024-06-05,IDR,17762.62
2024-06-05,ILS,4.0302
2024-06-05,INR,90.708
2024-06-05,ISK,149.5
2024-06-05,JPY,169.72
2024-06-05,KRW,1491.34
2024-06-05,MXN,19.1919
2024-06-05,MYR,5.1077
2024-06-05,NOK,11.475
2024-06-05,NZD,1.7577
2024-06-05,PHP,63.938
2024-06-05,PLN,4.3045
2024-06-05,RON,4.9755
2024-06-05,SEK,11.3275
2024-06-05,SGD,1.4657
2024-06-05,THB,39.906
2024-06-05,TRY,35.2316
2024-06-05,USD,1.0872
2024-06-05,ZAR,20.5868
2024-06-06,AUD,1.6368
2024-06-06,BGN,1.9558
2024-06-06,BRL,5.7623
2024-06-06,CAD,1.4879
2024-06-06,CHF,0.9687
2024-06-06,CNY,7.8715
2024-06-06,CZK,24.632
2024-06-06,DKK,7.4592
2024-06-06,GBP,0.85088
2024-06-06,HKD,8.4853
2024-06-06,HUF,390.68
2024-06-06,IDR,17670.67
2024-06-06,ILS,4.0503
2024-06-06,INR,90.7135
2024-06-06,ISK,149.7
2024-06-06,JPY,169.74
2024-06-06,KRW,1486.44
2024-06-06,MXN,19.1254
2024-06-06,MYR,5.1
2024-06-06,NOK,11.5
2024-06-06,NZD,1.7584
2024-06-06,PHP,63.734
2024-06-06,PLN,4.3015
2024-06-06,RON,4.9758
2024-06-06,SEK,11.293
2024-06-06,SGD,1.4648
2024-06-06,THB,39.679
2024-06-06,TRY,35.0263
2024-06-06,USD,1.0865
2024-06-06,ZAR,20.6281
2024-06-07,AUD,1.6345
2024-06-07,BGN,1.9558
2024-06-07,BRL,5.7158
2024-06-07,CAD,1.4902
2024-06-07,CHF,0.9696
2024-06-07,CNY,7.8916
2024-06-07,CZK,24.577
2024-06-07,DKK,7.4613
2024-06-07,GBP,0.8512
2024-06-07,HKD,8.5095
2024-06-07,HUF,388.92
2024-06-07,IDR,17646.42
2024-06-07,ILS,4.0723
2024-06-07,INR,90.889
2024-06-07,ISK,149.9
2024-06-07,JPY,169.52
2024-06-07,KRW,1489.97
2024-06-07,MXN,19.4943
2024-06-07,MYR,5.1123
2024-06-07,NOK,11.4865
2024-06-07,NZD,1.7596
2024-06-07,PHP,63.786
2024-06-07,PLN,4.288
2024-06-07,RON,4.9763
2024-06-07,SEK,11.3075
2024-06-07,SGD,1.4653
2024-06-07,THB,39.756
2024-06-07,TRY,35.165
2024-06-07,USD,1.0898
2024-06-07,ZAR,20.4821
2024-06-10,AUD,1.6304
2024-06-10,BGN,1.9558
2024-06-10,BRL,5.72
2024-06-10,CAD,1.4801
2024-06-10,CHF,0.9637
2024-06-10,CNY,7.7957
2024-06-10,CZK,24.636
2024-06-10,DKK,7.4592
2024-06-10,GBP,0.84565
2024-06-10,HKD,8.4043
2024-06-10,HUF,394.15
2024-06-10,IDR,17529.81
2024-06-10,ILS,4.0242
2024-06-10,INR,89.8004
2024-06-10,ISK,149.7
2024-06-10,JPY,168.74
2024-06-10,KRW,1479.33
2024-06-10,MXN,19.7531
2024-06-10,MYR,5.0779
2024-06-10,NOK,11.512
2024-06-10,NZD,1.7595
2024-06-10,PHP,63.243
2024-06-10,PLN,4.324
2024-06-10,RON,4.9769
2024-06-10,SEK,11.333
2024-06-10,SGD,1.4548
2024-06-10,THB,39.544
2024-06-10,TRY,34.8697
2024-06-10,USD,1.0756
2024-06-10,ZAR,20.1228
2024-06-11,AUD,1.626
2024-06-11,BGN,1.9558
2024-06-11,BRL,5.7464
2024-06-11,CAD,1.4781
2024-06-11,CHF,0.9622
2024-06-11,CNY,7.7839
2024-06-11,CZK,24.706
2024-06-11,DKK,7.4584
2024-06-11,GBP,0.84198
2024-06-11,HKD,8.3802
2024-06-11,HUF,394.63
2024-06-11,IDR,17488.4
2024-06-11,ILS,3.9923
2024-06-11,INR,89.6748
2024-06-11,ISK,149.5
2024-06-11,JPY,168.46
2024-06-11,KRW,1479.23
2024-06-11,MXN,19.7008
2024-06-11,MYR,5.064
2024-06-11,NOK,11.491
2024-06-11,NZD,1.7513
2024-06-11,PHP,63.071
2024-06-11,PLN,4.3413
2024-06-11,RON,4.9768
2024-06-11,SEK,11.2467
2024-06-11,SGD,1.4517
2024-06-11,THB,39.433
2024-06-11,TRY,34.74
2024-06-11,USD,1.073
2024-06-11,ZAR,19.9574
2024-06-12,AUD,1.628
2024-06-12,BGN,1.9558
2024-06-12,BRL,5.7912
2024-06-12,CAD,1.4795
2024-06-12,CHF,0.9641
2024-06-12,CNY,7.8086
2024-06-12,CZK,24.686
2024-06-12,DKK,7.4588
2024-06-12,GBP,0.84365
2024-06-12,HKD,8.4082
2024-06-12,HUF,395.28
2024-06-12,IDR,17552.6
2024-06-12,ILS,3.9902
2024-06-12,INR,89.949
2024-06-12,ISK,149.5
2024-06-12,JPY,169.35
2024-06-12,KRW,1481.35
2024-06-12,MXN,20.2743
2024-06-12,MYR,5.0784
2024-06-12,NOK,11.4675
2024-06-12,NZD,1.7528
2024-06-12,PHP,63.094
2024-06-12,PLN,4.3385
2024-06-12,RON,4.9768
2024-06-12,SEK,11.2345
2024-06-12,SGD,1.4553
2024-06-12,THB,39.475
2024-06-12,TRY,34.8563
2024-06-12,USD,1.0765
2024-06-12,ZAR,20.0486
2024-06-13,AUD,1.6232
2024-06-13,BGN,1.9558
2024-06-13,BRL,5.8261
2024-06-13,CAD,1.4823
2024-06-13,CHF,0.9668
2024-06-13,CNY,7.8211
2024-06-13,CZK,24.699
2024-06-13,DKK,7.4593
2024-06-13,GBP,0.84468
2024-06-13,HKD,8.4224
2024-06-13,HUF,396.48
2024-06-13,IDR,17527.83
2024-06-13,ILS,4.0108
2024-06-13,INR,90.112
2024-06-13,ISK,149.3
2024-06-13,JPY,169.58
2024-06-13,KRW,1482.31
2024-06-13,MXN,20.1654
2024-06-13,MYR,5.0766
2024-06-13,NOK,11.4315
2024-06-13,NZD,1.7477
2024-06-13,PHP,63.173
2024-06-13,PLN,4.3473
2024-06-13,RON,4.9773
2024-06-13,SEK,11.221
2024-06-13,SGD,1.4557
2024-06-13,THB,39.593
2024-06-13,TRY,34.8311
2024-06-13,USD,1.0784
2024-06-13,ZAR,19.8385
2024-06-14,AUD,1.6156
2024-06-14,BGN,1.9558
2024-06-14,BRL,5.7321
2024-06-14,CAD,1.4704
2024-06-14,CHF,0.9534
2024-06-14,CNY,7.7529
2024-06-14,CZK,24.736
2024-06-14,DKK,7.4605
2024-06-14,GBP,0.84205
2024-06-14,HKD,8.347
2024-06-14,HUF,398
2024-06-14,IDR,17617.21
2024-06-14,ILS,3.9848
2024-06-14,INR,89.266
2024-06-14,ISK,149.1
2024-06-14,JPY,167.8
2024-06-14,KRW,1480.8
2024-06-14,MXN,19.8471
2024-06-14,MYR,5.0433
2024-06-14,NOK,11.4025
2024-06-14,NZD,1.7418
2024-06-14,PHP,62.677
2024-06-14,PLN,4.3733
2024-06-14,RON,4.9773
2024-06-14,SEK,11.2731
2024-06-14,SGD,1.4464
2024-06-14,THB,39.228
2024-06-14,TRY,34.8826
2024-06-14,USD,1.0686
2024-06-14,ZAR,19.6019
2024-06-17,AUD,1.6246
2024-06-17,BGN,1.9558
2024-06-17,BRL,5.7841
2024-06-17,CAD,1.4726
2024-06-17,CHF,0.9561
2024-06-17,CNY,7.7728
2024-06-17,CZK,24.699
2024-06-17,DKK,7.4603
2024-06-17,GBP,0.84573
2024-06-17,HKD,8.3667
2024-06-17,HUF,396.25
2024-06-17,IDR,17630.35
2024-06-17,ILS,3.9919
2024-06-17,INR,89.4895
2024-06-17,ISK,149.5
2024-06-17,JPY,169.11
2024-06-17,KRW,1480.65
2024-06-17,MXN,19.8594
2024-06-17,MYR,5.0555
2024-06-17,NOK,11.486
2024-06-17,NZD,1.7526
2024-06-17,PHP,62.879
2024-06-17,PLN,4.36
2024-06-17,RON,4.9769
2024-06-17,SEK,11.2933
2024-06-17,SGD,1.4497
2024-06-17,THB,39.415
2024-06-17,TRY,35.1953
2024-06-17,USD,1.0712
2024-06-17,ZAR,19.5862
2024-06-18,AUD,1.6207
2024-06-18,BGN,1.9558
2024-06-18,BRL,5.8275
2024-06-18,CAD,1.4731
2024-06-18,CHF,0.9512
2024-06-18,CNY,7.7748
2024-06-18,CZK,24.767
2024-06-18,DKK,7.4601
2024-06-18,GBP,0.8454
2024-06-18,HKD,8.3664
2024-06-18,HUF,395.13
2024-06-18,IDR,17594.24
2024-06-18,ILS,3.9867
2024-06-18,INR,89.3885
2024-06-18,ISK,149.3
2024-06-18,JPY,169.41
2024-06-18,KRW,1484.07
2024-06-18,MXN,19.7167
2024-06-18,MYR,5.0511
2024-06-18,NOK,11.448
2024-06-18,NZD,1.7562
2024-06-18,PHP,62.913
2024-06-18,PLN,4.3503
2024-06-18,RON,4.9763
2024-06-18,SEK,11.255
2024-06-18,SGD,1.451
2024-06-18,THB,39.447
2024-06-18,TRY,34.9773
2024-06-18,USD,1.0715
2024-06-18,ZAR,19.4298
2024-06-19,AUD,1.6125
2024-06-19,BGN,1.9558
2024-06-19,BRL,5.8479
2024-06-19,CAD,1.4737
2024-06-19,CHF,0.9506
2024-06-19,CNY,7.8005
2024-06-19,CZK,24.91
2024-06-19,DKK,7.4592
2024-06-19,GBP,0.84455
2024-06-19,HKD,8.3905
2024-06-19,HUF,396.34
2024-06-19,IDR,17610.03
2024-06-19,ILS,3.9958
2024-06-19,INR,89.682
2024-06-19,ISK,149.3
2024-06-19,JPY,169.78
2024-06-19,KRW,1484.25
2024-06-19,MXN,19.8583
2024-06-19,MYR,5.059
2024-06-19,NOK,11.354
2024-06-19,NZD,1.7528
2024-06-19,PHP,63.156
2024-06-19,PLN,4.33
2024-06-19,RON,4.9768
2024-06-19,SEK,11.214
2024-06-19,SGD,1.4519
2024-06-19,THB,39.417
2024-06-19,TRY,34.975
2024-06-19,USD,1.0749
2024-06-19,ZAR,19.3752
2024-06-20,AUD,1.6076
2024-06-20,BGN,1.9558
2024-06-20,BRL,5.7921
2024-06-20,CAD,1.4696
2024-06-20,CHF,0.9546
2024-06-20,CNY,7.7825
2024-06-20,CZK,24.898
2024-06-20,DKK,7.4581
2024-06-20,GBP,0.84513
2024-06-20,HKD,8.3654
2024-06-20,HUF,397.39
2024-06-20,IDR,17678.1
2024-06-20,ILS,3.9948
2024-06-20,INR,89.6225
2024-06-20,ISK,149.3
2024-06-20,JPY,169.82
2024-06-20,KRW,1488.01
2024-06-20,MXN,19.7453
2024-06-20,MYR,5.0492
2024-06-20,NOK,11.2915
2024-06-20,NZD,1.7492
2024-06-20,PHP,63.124
2024-06-20,PLN,4.321
2024-06-20,RON,4.9771
2024-06-20,SEK,11.198
2024-06-20,SGD,1.4504
2024-06-20,THB,39.403
2024-06-20,TRY,35.1725
2024-06-20,USD,1.0719
2024-06-20,ZAR,19.4066
2024-06-21,AUD,1.6031
2024-06-21,BGN,1.9558
2024-06-21,BRL,5.8107
2024-06-21,CAD,1.4632
2024-06-21,CHF,0.9537
2024-06-21,CNY,7.7602
2024-06-21,CZK,24.949
2024-06-21,DKK,7.458
2024-06-21,GBP,0.84531
2024-06-21,HKD,8.3401
2024-06-21,HUF,396.93
2024-06-21,IDR,17597.85
2024-06-21,ILS,4.0097
2024-06-21,INR,89.315
2024-06-21,ISK,149.1
2024-06-21,JPY,169.82
2024-06-21,KRW,1484.58
2024-06-21,MXN,19.5271
2024-06-21,MYR,5.0373
2024-06-21,NOK,11.2685
2024-06-21,NZD,1.7427
2024-06-21,PHP,62.92
2024-06-21,PLN,4.322
2024-06-21,RON,4.9773
2024-06-21,SEK,11.2445
2024-06-21,SGD,1.4468
2024-06-21,THB,39.15
2024-06-21,TRY,35.1129
2024-06-21,USD,1.0688
2024-06-21,ZAR,19.1241
2024-06-24,AUD,1.6157
2024-06-24,BGN,1.9558
2024-06-24,BRL,5.8278
2024-06-24,CAD,1.4682
2024-06-24,CHF,0.9586
2024-06-24,CNY,7.7891
2024-06-24,CZK,24.893
2024-06-24,DKK,7.4593
2024-06-24,GBP,0.8473
2024-06-24,HKD,8.3772
2024-06-24,HUF,394.36
2024-06-24,IDR,17596.13
2024-06-24,ILS,4.0003
2024-06-24,INR,89.5833
2024-06-24,ISK,149.1
2024-06-24,JPY,171.17
2024-06-24,KRW,1489.57
2024-06-24,MXN,19.3887
2024-06-24,MYR,5.0554
2024-06-24,NOK,11.349
2024-06-24,NZD,1.7543
2024-06-24,PHP,63.066
2024-06-24,PLN,4.3003
2024-06-24,RON,4.9774
2024-06-24,SEK,11.2555
2024-06-24,SGD,1.452
2024-06-24,THB,39.347
2024-06-24,TRY,35.2953
2024-06-24,USD,1.073
2024-06-24,ZAR,19.5122
2024-06-25,AUD,1.6109
2024-06-25,BGN,1.9558
2024-06-25,BRL,5.8015
2024-06-25,CAD,1.465
2024-06-25,CHF,0.9575
2024-06-25,CNY,7.7811
2024-06-25,CZK,24.819
2024-06-25,DKK,7.4594
2024-06-25,GBP,0.84465
2024-06-25,HKD,8.3652
2024-06-25,HUF,396
2024-06-25,IDR,17559.71
2024-06-25,ILS,3.9968
2024-06-25,INR,89.3855
2024-06-25,ISK,149.1
2024-06-25,JPY,170.84
2024-06-25,KRW,1491.03
2024-06-25,MXN,19.3338
2024-06-25,MYR,5.0404
2024-06-25,NOK,11.3265
2024-06-25,NZD,1.7498
2024-06-25,PHP,62.966
2024-06-25,PLN,4.2995
2024-06-25,RON,4.977
2024-06-25,SEK,11.2255
2024-06-25,SGD,1.4499
2024-06-25,THB,39.272
2024-06-25,TRY,35.316
2024-06-25,USD,1.0714
2024-06-25,ZAR,19.4537
2024-06-26,AUD,1.6053
2024-06-26,BGN,1.9558
2024-06-26,BRL,5.8524
2024-06-26,CAD,1.4628
2024-06-26,CHF,0.9585
2024-06-26,CNY,7.7673
2024-06-26,CZK,24.877
2024-06-26,DKK,7.4591
2024-06-26,GBP,0.84453
2024-06-26,HKD,8.3459
2024-06-26,HUF,396.53
2024-06-26,IDR,17563.79
2024-06-26,ILS,4.0054
2024-06-26,INR,89.323
2024-06-26,ISK,149.1
2024-06-26,JPY,171.42
2024-06-26,KRW,1488.06
2024-06-26,MXN,19.4941
2024-06-26,MYR,5.042
2024-06-26,NOK,11.3945
2024-06-26,NZD,1.7537
2024-06-26,PHP,63.029
2024-06-26,PLN,4.3075
2024-06-26,RON,4.9769
2024-06-26,SEK,11.3038
2024-06-26,SGD,1.4513
2024-06-26,THB,39.394
2024-06-26,TRY,35.1962
2024-06-26,USD,1.0689
2024-06-26,ZAR,19.4243
2024-06-27,AUD,1.6078
2024-06-27,BGN,1.9558
2024-06-27,BRL,5.8887
2024-06-27,CAD,1.4647
2024-06-27,CHF,0.9604
2024-06-27,CNY,7.7745
2024-06-27,CZK,24.933
2024-06-27,DKK,7.4583
2024-06-27,GBP,0.8459
2024-06-27,HKD,8.3521
2024-06-27,HUF,397.68
2024-06-27,IDR,17530
2024-06-27,ILS,4.0171
2024-06-27,INR,89.242
2024-06-27,ISK,148.9
2024-06-27,JPY,171.66
2024-06-27,KRW,1482.71
2024-06-27,MXN,19.678
2024-06-27,MYR,5.048
2024-06-27,NOK,11.398
2024-06-27,NZD,1.7543
2024-06-27,PHP,62.705
2024-06-27,PLN,4.3188
2024-06-27,RON,4.9779
2024-06-27,SEK,11.338
2024-06-27,SGD,1.4519
2024-06-27,THB,39.393
2024-06-27,TRY,35.172
2024-06-27,USD,1.0696
2024-06-27,ZAR,19.6609
2024-06-28,AUD,1.6079
2024-06-28,BGN,1.9558
2024-06-28,BRL,5.8915
2024-06-28,CAD,1.467
2024-06-28,CHF,0.9634
2024-06-28,CNY,7.7748
2024-06-28,CZK,25.025
2024-06-28,DKK,7.4575
2024-06-28,GBP,0.84638
2024-06-28,HKD,8.3594
2024-06-28,HUF,395.1
2024-06-28,IDR,17487.21
2024-06-28,ILS,4.02
2024-06-28,INR,89.2495
2024-06-28,ISK,148.9
2024-06-28,JPY,171.94
2024-06-28,KRW,1474.86
2024-06-28,MXN,19.5654
2024-06-28,MYR,5.0501
2024-06-28,NOK,11.3965
2024-06-28,NZD,1.7601
2024-06-28,PHP,62.56
2024-06-28,PLN,4.309
2024-06-28,RON,4.9773
2024-06-28,SEK,11.3595
2024-06-28,SGD,1.4513
2024-06-28,THB,39.319
2024-06-28,TRY,35.1868
2024-06-28,USD,1.0705
2024-06-28,ZAR,19.497
2024-07-01,AUD,1.6109
2024-07-01,BGN,1.9558
2024-07-01,BRL,6.0016
2024-07-01,CAD,1.4711
2024-07-01,CHF,0.9689
2024-07-01,CNY,7.8097
2024-07-01,CZK,25.048
2024-07-01,DKK,7.4586
2024-07-01,GBP,0.8479
2024-07-01,HKD,8.3945
2024-07-01,HUF,394.25
2024-07-01,IDR,17569
2024-07-01,ILS,4.0304
2024-07-01,INR,89.6575
2024-07-01,ISK,148.9
2024-07-01,JPY,173.15
2024-07-01,KRW,1485.41
2024-07-01,MXN,19.7315
2024-07-01,MYR,5.0641
2024-07-01,NOK,11.4315
2024-07-01,NZD,1.7638
2024-07-01,PHP,62.998
2024-07-01,PLN,4.3008
2024-07-01,RON,4.9766
2024-07-01,SEK,11.3675
2024-07-01,SGD,1.4567
2024-07-01,THB,39.434
2024-07-01,TRY,35.1126
2024-07-01,USD,1.0745
2024-07-01,ZAR,19.5015
2024-07-02,AUD,1.612
2024-07-02,BGN,1.9558
2024-07-02,BRL,6.0479
2024-07-02,CAD,1.4727
2024-07-02,CHF,0.9697
2024-07-02,CNY,7.8014
2024-07-02,CZK,25.185
2024-07-02,DKK,7.459
2024-07-02,GBP,0.84755
2024-07-02,HKD,8.3829
2024-07-02,HUF,395.6
2024-07-02,IDR,17570.19
2024-07-02,ILS,4.0411
2024-07-02,INR,89.5417
2024-07-02,ISK,149.3
2024-07-02,JPY,173.31
2024-07-02,KRW,1488.26
2024-07-02,MXN,19.6825
2024-07-02,MYR,5.063
2024-07-02,NOK,11.4795
2024-07-02,NZD,1.7693
2024-07-02,PHP,63.097
2024-07-02,PLN,4.325
2024-07-02,RON,4.9769
2024-07-02,SEK,11.417
2024-07-02,SGD,1.4569
2024-07-02,THB,39.526
2024-07-02,TRY,35.0707
2024-07-02,USD,1.0729
2024-07-02,ZAR,19.8161
2024-07-03,AUD,1.6123
2024-07-03,BGN,1.9558
2024-07-03,BRL,6.0813
2024-07-03,CAD,1.4703
2024-07-03,CHF,0.9718
2024-07-03,CNY,7.8247
2024-07-03,CZK,25.194
2024-07-03,DKK,7.4587
2024-07-03,GBP,0.8468
2024-07-03,HKD,8.4033
2024-07-03,HUF,395.08
2024-07-03,IDR,17619.72
2024-07-03,ILS,4.0496
2024-07-03,INR,89.836
2024-07-03,ISK,149.1
2024-07-03,JPY,174.18
2024-07-03,KRW,1495.26
2024-07-03,MXN,19.6577
2024-07-03,MYR,5.0783
2024-07-03,NOK,11.4583
2024-07-03,NZD,1.7717
2024-07-03,PHP,63.218
2024-07-03,PLN,4.3018
2024-07-03,RON,4.9773
2024-07-03,SEK,11.371
2024-07-03,SGD,1.4593
2024-07-03,THB,39.546
2024-07-03,TRY,35.0501
2024-07-03,USD,1.0758
2024-07-03,ZAR,19.905
2024-07-04,AUD,1.6046
2024-07-04,BGN,1.9558
2024-07-04,BRL,5.9345
2024-07-04,CAD,1.4705
2024-07-04,CHF,0.9717
2024-07-04,CNY,7.8515
2024-07-04,CZK,25.143
2024-07-04,DKK,7.4588
2024-07-04,GBP,0.84663
2024-07-04,HKD,8.434
2024-07-04,HUF,393.5
2024-07-04,IDR,17632.08
2024-07-04,ILS,4.0476
2024-07-04,INR,90.199
2024-07-04,ISK,149.1
2024-07-04,JPY,173.84
2024-07-04,KRW,1491.06
2024-07-04,MXN,19.5801
2024-07-04,MYR,5.0863
2024-07-04,NOK,11.4015
2024-07-04,NZD,1.7641
2024-07-04,PHP,63.211
2024-07-04,PLN,4.2918
2024-07-04,RON,4.9769
2024-07-04,SEK,11.3375
2024-07-04,SGD,1.4594
2024-07-04,THB,39.56
2024-07-04,TRY,35.1736
2024-07-04,USD,1.08
2024-07-04,ZAR,19.7867
2024-07-05,AUD,1.6073
2024-07-05,BGN,1.9558
2024-07-05,BRL,5.9419
2024-07-05,CAD,1.4736
2024-07-05,CHF,0.973
2024-07-05,CNY,7.8655
2024-07-05,CZK,25.202
2024-07-05,DKK,7.4593
2024-07-05,GBP,0.84613
2024-07-05,HKD,8.4544
2024-07-05,HUF,392.55
2024-07-05,IDR,17622.12
2024-07-05,ILS,4.0169
2024-07-05,INR,90.3685
2024-07-05,ISK,149.3
2024-07-05,JPY,174.06
2024-07-05,KRW,1494.76
2024-07-05,MXN,19.5472
2024-07-05,MYR,5.097
2024-07-05,NOK,11.448
2024-07-05,NZD,1.7672
2024-07-05,PHP,63.381
2024-07-05,PLN,4.2798
2024-07-05,RON,4.9772
2024-07-05,SEK,11.3605
2024-07-05,SGD,1.4612
2024-07-05,THB,39.594
2024-07-05,TRY,35.4062
2024-07-05,USD,1.0824
2024-07-05,ZAR,19.7371
2024-07-08,AUD,1.6067
2024-07-08,BGN,1.9558
2024-07-08,BRL,5.9265
2024-07-08,CAD,1.4772
2024-07-08,CHF,0.9711
2024-07-08,CNY,7.8766
2024-07-08,CZK,25.162
2024-07-08,DKK,7.4586
2024-07-08,GBP,0.8441
2024-07-08,HKD,8.4631
2024-07-08,HUF,394.7
2024-07-08,IDR,17623.56
2024-07-08,ILS,4.0023
2024-07-08,INR,90.4705
2024-07-08,ISK,149.3
2024-07-08,JPY,174.37
2024-07-08,KRW,1499.05
2024-07-08,MXN,19.5399
2024-07-08,MYR,5.1022
2024-07-08,NOK,11.4575
2024-07-08,NZD,1.7655
2024-07-08,PHP,63.462
2024-07-08,PLN,4.2778
2024-07-08,RON,4.9748
2024-07-08,SEK,11.3805
2024-07-08,SGD,1.4618
2024-07-08,THB,39.461
2024-07-08,TRY,35.4635
2024-07-08,USD,1.0835
2024-07-08,ZAR,19.6622
2024-07-09,AUD,1.6062
2024-07-09,BGN,1.9558
2024-07-09,BRL,5.9075
2024-07-09,CAD,1.4752
2024-07-09,CHF,0.9712
2024-07-09,CNY,7.8639
2024-07-09,CZK,25.231
2024-07-09,DKK,7.4595
2024-07-09,GBP,0.84491
2024-07-09,HKD,8.4477
2024-07-09,HUF,395.2
2024-07-09,IDR,17593.46
2024-07-09,ILS,3.9723
2024-07-09,INR,90.291
2024-07-09,ISK,149.1
2024-07-09,JPY,174.2
2024-07-09,KRW,1496.01
2024-07-09,MXN,19.4858
2024-07-09,MYR,5.0907
2024-07-09,NOK,11.489
2024-07-09,NZD,1.7681
2024-07-09,PHP,63.209
2024-07-09,PLN,4.2643
2024-07-09,RON,4.9731
2024-07-09,SEK,11.422
2024-07-09,SGD,1.4608
2024-07-09,THB,39.379
2024-07-09,TRY,35.5984
2024-07-09,USD,1.0814
2024-07-09,ZAR,19.654
2024-07-10,AUD,1.6056
2024-07-10,BGN,1.9558
2024-07-10,BRL,5.8435
2024-07-10,CAD,1.4758
2024-07-10,CHF,0.9723
2024-07-10,CNY,7.8763
2024-07-10,CZK,25.379
2024-07-10,DKK,7.4603
2024-07-10,GBP,0.84518
2024-07-10,HKD,8.4554
2024-07-10,HUF,392.68
2024-07-10,IDR,17557.93
2024-07-10,ILS,3.9574
2024-07-10,INR,90.4015
2024-07-10,ISK,149.1
2024-07-10,JPY,174.79
2024-07-10,KRW,1498.46
2024-07-10,MXN,19.2904
2024-07-10,MYR,5.0883
2024-07-10,NOK,11.607
2024-07-10,NZD,1.7804
2024-07-10,PHP,63.118
2024-07-10,PLN,4.2555
2024-07-10,RON,4.9734
2024-07-10,SEK,11.4075
2024-07-10,SGD,1.4605
2024-07-10,THB,39.343
2024-07-10,TRY,35.5705
2024-07-10,USD,1.0825
2024-07-10,ZAR,19.5581
2024-07-11,AUD,1.6075
2024-07-11,BGN,1.9558
2024-07-11,BRL,5.8792
2024-07-11,CAD,1.4796
2024-07-11,CHF,0.9749
2024-07-11,CNY,7.8862
2024-07-11,CZK,25.361
2024-07-11,DKK,7.4606
2024-07-11,GBP,0.84305
2024-07-11,HKD,8.4767
2024-07-11,HUF,393.95
2024-07-11,IDR,17562.25
2024-07-11,ILS,3.9516
2024-07-11,INR,90.7165
2024-07-11,ISK,149.3
2024-07-11,JPY,175.39
2024-07-11,KRW,1498.04
2024-07-11,MXN,19.4056
2024-07-11,MYR,5.0883
2024-07-11,NOK,11.6725
2024-07-11,NZD,1.7836
2024-07-11,PHP,63.278
2024-07-11,PLN,4.2545
2024-07-11,RON,4.9755
2024-07-11,SEK,11.419
2024-07-11,SGD,1.4627
2024-07-11,THB,39.387
2024-07-11,TRY,35.6793
2024-07-11,USD,1.0855
2024-07-11,ZAR,19.627
2024-07-12,AUD,1.6076
2024-07-12,BGN,1.9558
2024-07-12,BRL,5.9104
2024-07-12,CAD,1.4834
2024-07-12,CHF,0.9747
2024-07-12,CNY,7.8984
2024-07-12,CZK,25.341
2024-07-12,DKK,7.461
2024-07-12,GBP,0.84029
2024-07-12,HKD,8.5019
2024-07-12,HUF,391.9
2024-07-12,IDR,17551.14
2024-07-12,ILS,3.9529
2024-07-12,INR,90.9585
2024-07-12,ISK,149.3
2024-07-12,JPY,172.87
2024-07-12,KRW,1497.89
2024-07-12,MXN,19.3112
2024-07-12,MYR,5.0851
2024-07-12,NOK,11.7025
2024-07-12,NZD,1.7819
2024-07-12,PHP,63.573
2024-07-12,PLN,4.2548
2024-07-12,RON,4.9729
2024-07-12,SEK,11.4965
2024-07-12,SGD,1.4623
2024-07-12,THB,39.367
2024-07-12,TRY,35.9657
2024-07-12,USD,1.089
2024-07-12,ZAR,19.5935
2024-07-15,AUD,1.6088
2024-07-15,BGN,1.9558
2024-07-15,BRL,5.9335
2024-07-15,CAD,1.4879
2024-07-15,CHF,0.9755
2024-07-15,CNY,7.9206
2024-07-15,CZK,25.422
2024-07-15,DKK,7.4614
2024-07-15,GBP,0.84045
2024-07-15,HKD,8.5133
2024-07-15,HUF,391.48
2024-07-15,IDR,17654.29
2024-07-15,ILS,3.9409
2024-07-15,INR,91.168
2024-07-15,ISK,149.3
2024-07-15,JPY,172.34
2024-07-15,KRW,1508.27
2024-07-15,MXN,19.4041
2024-07-15,MYR,5.0952
2024-07-15,NOK,11.746
2024-07-15,NZD,1.7904
2024-07-15,PHP,63.711
2024-07-15,PLN,4.2495
2024-07-15,RON,4.9692
2024-07-15,SEK,11.5375
2024-07-15,SGD,1.464
2024-07-15,THB,39.472
2024-07-15,TRY,36.0554
2024-07-15,USD,1.0907
2024-07-15,ZAR,19.8324
2024-07-16,AUD,1.6169
2024-07-16,BGN,1.9558
2024-07-16,BRL,5.9227
2024-07-16,CAD,1.4911
2024-07-16,CHF,0.9761
2024-07-16,CNY,7.9223
2024-07-16,CZK,25.352
2024-07-16,DKK,7.4611
2024-07-16,GBP,0.84058
2024-07-16,HKD,8.5082
2024-07-16,HUF,391.93
2024-07-16,IDR,17633.22
2024-07-16,ILS,3.9524
2024-07-16,INR,91.1115
2024-07-16,ISK,149.3
2024-07-16,JPY,172.65
2024-07-16,KRW,1507.53
2024-07-16,MXN,19.3324
2024-07-16,MYR,5.0978
2024-07-16,NOK,11.7815
2024-07-16,NZD,1.796
2024-07-16,PHP,63.684
2024-07-16,PLN,4.2683
2024-07-16,RON,4.9662
2024-07-16,SEK,11.5545
2024-07-16,SGD,1.4647
2024-07-16,THB,39.329
2024-07-16,TRY,36.0785
2024-07-16,USD,1.0902
2024-07-16,ZAR,19.7067
2024-07-17,AUD,1.6222
2024-07-17,BGN,1.9558
2024-07-17,BRL,5.9485
2024-07-17,CAD,1.4949
2024-07-17,CHF,0.9693
2024-07-17,CNY,7.9372
2024-07-17,CZK,25.29
2024-07-17,DKK,7.4595
2024-07-17,GBP,0.83915
2024-07-17,HKD,8.5368
2024-07-17,HUF,391.28
2024-07-17,IDR,17634.46
2024-07-17,ILS,3.9702
2024-07-17,INR,91.3642
2024-07-17,ISK,149.3
2024-07-17,JPY,171.21
2024-07-17,KRW,1508.08
2024-07-17,MXN,19.4385
2024-07-17,MYR,5.0991
2024-07-17,NOK,11.7575
2024-07-17,NZD,1.7975
2024-07-17,PHP,63.703
2024-07-17,PLN,4.2948
2024-07-17,RON,4.9675
2024-07-17,SEK,11.5085
2024-07-17,SGD,1.466
2024-07-17,THB,39.291
2024-07-17,TRY,36.1869
2024-07-17,USD,1.0934
2024-07-17,ZAR,19.8772
2024-07-18,AUD,1.6237
2024-07-18,BGN,1.9558
2024-07-18,BRL,6.0101
2024-07-18,CAD,1.4953
2024-07-18,CHF,0.9666
2024-07-18,CNY,7.9327
2024-07-18,CZK,25.264
2024-07-18,DKK,7.4603
2024-07-18,GBP,0.84175
2024-07-18,HKD,8.535
2024-07-18,HUF,389.73
2024-07-18,IDR,17667.74
2024-07-18,ILS,3.9742
2024-07-18,INR,91.4125
2024-07-18,ISK,149.5
2024-07-18,JPY,171.02
2024-07-18,KRW,1511.38
2024-07-18,MXN,19.3675
2024-07-18,MYR,5.1016
2024-07-18,NOK,11.748
2024-07-18,NZD,1.801
2024-07-18,PHP,63.732
2024-07-18,PLN,4.2918
2024-07-18,RON,4.9693
2024-07-18,SEK,11.5338
2024-07-18,SGD,1.4655
2024-07-18,THB,39.299
2024-07-18,TRY,36.1646
2024-07-18,USD,1.093
2024-07-18,ZAR,19.895
2024-07-19,AUD,1.6276
2024-07-19,BGN,1.9558
2024-07-19,BRL,6.0303
2024-07-19,CAD,1.4938
2024-07-19,CHF,0.9688
2024-07-19,CNY,7.9165
2024-07-19,CZK,25.261
2024-07-19,DKK,7.461
2024-07-19,GBP,0.8428
2024-07-19,HKD,8.5049
2024-07-19,HUF,390.9
2024-07-19,IDR,17638.53
2024-07-19,ILS,3.9805
2024-07-19,INR,91.117
2024-07-19,ISK,149.7
2024-07-19,JPY,171.61
2024-07-19,KRW,1511.37
2024-07-19,MXN,19.5065
2024-07-19,MYR,5.1047
2024-07-19,NOK,11.8255
2024-07-19,NZD,1.8087
2024-07-19,PHP,63.549
2024-07-19,PLN,4.2853
2024-07-19,RON,4.9712
2024-07-19,SEK,11.61
2024-07-19,SGD,1.4645
2024-07-19,THB,39.514
2024-07-19,TRY,35.9909
2024-07-19,USD,1.089
2024-07-19,ZAR,19.9622
2024-07-22,AUD,1.637
2024-07-22,BGN,1.9558
2024-07-22,BRL,6.0986
2024-07-22,CAD,1.4971
2024-07-22,CHF,0.9671
2024-07-22,CNY,7.9191
2024-07-22,CZK,25.231
2024-07-22,DKK,7.4617
2024-07-22,GBP,0.84215
2024-07-22,HKD,8.5006
2024-07-22,HUF,389.73
2024-07-22,IDR,17648.14
2024-07-22,ILS,3.9593
2024-07-22,INR,91.0885
2024-07-22,ISK,150.1
2024-07-22,JPY,170.8
2024-07-22,KRW,1511.28
2024-07-22,MXN,19.6457
2024-07-22,MYR,5.0961
2024-07-22,NOK,11.9165
2024-07-22,NZD,1.8171
2024-07-22,PHP,63.575
2024-07-22,PLN,4.2788
2024-07-22,RON,4.972
2024-07-22,SEK,11.6295
2024-07-22,SGD,1.4648
2024-07-22,THB,39.54
2024-07-22,TRY,35.9064
2024-07-22,USD,1.0888
2024-07-22,ZAR,19.8948
2024-07-23,AUD,1.6396
2024-07-23,BGN,1.9558
2024-07-23,BRL,6.0594
2024-07-23,CAD,1.4944
2024-07-23,CHF,0.9681
2024-07-23,CNY,7.9003
2024-07-23,CZK,25.362
2024-07-23,DKK,7.461
2024-07-23,GBP,0.84073
2024-07-23,HKD,8.4788
2024-07-23,HUF,390.43
2024-07-23,IDR,17610.63
2024-07-23,ILS,3.9314
2024-07-23,INR,90.9075
2024-07-23,ISK,149.7
2024-07-23,JPY,169.64
2024-07-23,KRW,1505.59
2024-07-23,MXN,19.5254
2024-07-23,MYR,5.0738
2024-07-23,NOK,11.9635
2024-07-23,NZD,1.8209
2024-07-23,PHP,63.498
2024-07-23,PLN,4.277
2024-07-23,RON,4.9729
2024-07-23,SEK,11.6735
2024-07-23,SGD,1.4615
2024-07-23,THB,39.324
2024-07-23,TRY,35.7592
2024-07-23,USD,1.086
2024-07-23,ZAR,20.0068
2024-07-24,AUD,1.6428
2024-07-24,BGN,1.9558
2024-07-24,BRL,6.0759
2024-07-24,CAD,1.4953
2024-07-24,CHF,0.9609
2024-07-24,CNY,7.8934
2024-07-24,CZK,25.425
2024-07-24,DKK,7.4618
2024-07-24,GBP,0.83973
2024-07-24,HKD,8.4716
2024-07-24,HUF,393.28
2024-07-24,IDR,17622.09
2024-07-24,ILS,3.9403
2024-07-24,INR,90.808
2024-07-24,ISK,149.7
2024-07-24,JPY,167.23
2024-07-24,KRW,1500.01
2024-07-24,MXN,19.8113
2024-07-24,MYR,5.0687
2024-07-24,NOK,11.942
2024-07-24,NZD,1.8267
2024-07-24,PHP,63.558
2024-07-24,PLN,4.289
2024-07-24,RON,4.9706
2024-07-24,SEK,11.6875
2024-07-24,SGD,1.4577
2024-07-24,THB,39.197
2024-07-24,TRY,35.6509
2024-07-24,USD,1.0848
2024-07-24,ZAR,19.8662
2024-07-25,AUD,1.6638
2024-07-25,BGN,1.9558
2024-07-25,BRL,6.1638
2024-07-25,CAD,1.502
2024-07-25,CHF,0.9534
2024-07-25,CNY,7.8331
2024-07-25,CZK,25.389
2024-07-25,DKK,7.4625
2024-07-25,GBP,0.8428
2024-07-25,HKD,8.4682
2024-07-25,HUF,393.33
2024-07-25,IDR,17704.82
2024-07-25,ILS,3.9666
2024-07-25,INR,90.8915
2024-07-25,ISK,149.5
2024-07-25,JPY,165.62
2024-07-25,KRW,1497.33
2024-07-25,MXN,20.098
2024-07-25,MYR,5.0598
2024-07-25,NOK,12.0825
2024-07-25,NZD,1.8401
2024-07-25,PHP,63.576
2024-07-25,PLN,4.2968
2024-07-25,RON,4.9697
2024-07-25,SEK,11.774
2024-07-25,SGD,1.4566
2024-07-25,THB,39.264
2024-07-25,TRY,35.9078
2024-07-25,USD,1.0851
2024-07-25,ZAR,20.0649
2024-07-26,AUD,1.6559
2024-07-26,BGN,1.9558
2024-07-26,BRL,6.117
2024-07-26,CAD,1.5009
2024-07-26,CHF,0.9594
2024-07-26,CNY,7.875
2024-07-26,CZK,25.37
2024-07-26,DKK,7.4626
2024-07-26,GBP,0.84378
2024-07-26,HKD,8.4782
2024-07-26,HUF,390.95
2024-07-26,IDR,17694.04
2024-07-26,ILS,3.9788
2024-07-26,INR,90.9495
2024-07-26,ISK,149.7
2024-07-26,JPY,167.84
2024-07-26,KRW,1505.15
2024-07-26,MXN,19.9254
2024-07-26,MYR,5.058
2024-07-26,NOK,11.937
2024-07-26,NZD,1.8427
2024-07-26,PHP,63.377
2024-07-26,PLN,4.274
2024-07-26,RON,4.9718
2024-07-26,SEK,11.7325
2024-07-26,SGD,1.4594
2024-07-26,THB,39.112
2024-07-26,TRY,35.7984
2024-07-26,USD,1.086
2024-07-26,ZAR,19.8121
2024-07-29,AUD,1.6534
2024-07-29,BGN,1.9558
2024-07-29,BRL,6.1165
2024-07-29,CAD,1.4976
2024-07-29,CHF,0.9578
2024-07-29,CNY,7.8518
2024-07-29,CZK,25.371
2024-07-29,DKK,7.4625
2024-07-29,GBP,0.84345
2024-07-29,HKD,8.449
2024-07-29,HUF,392.5
2024-07-29,IDR,17609.86
2024-07-29,ILS,4.0321
2024-07-29,INR,90.574
2024-07-29,ISK,149.9
2024-07-29,JPY,166.44
2024-07-29,KRW,1496.41
2024-07-29,MXN,19.942
2024-07-29,MYR,5.018
2024-07-29,NOK,11.9155
2024-07-29,NZD,1.8418
2024-07-29,PHP,63.343
2024-07-29,PLN,4.2938
2024-07-29,RON,4.9725
2024-07-29,SEK,11.7265
2024-07-29,SGD,1.454
2024-07-29,THB,38.914
2024-07-29,TRY,35.7096
2024-07-29,USD,1.0817
2024-07-29,ZAR,19.9041
2024-07-30,AUD,1.656
2024-07-30,BGN,1.9558
2024-07-30,BRL,6.0843
2024-07-30,CAD,1.4996
2024-07-30,CHF,0.9592
2024-07-30,CNY,7.8489
2024-07-30,CZK,25.429
2024-07-30,DKK,7.4619
2024-07-30,GBP,0.8426
2024-07-30,HKD,8.4558
2024-07-30,HUF,394.5
2024-07-30,IDR,17681.92
2024-07-30,ILS,4.044
2024-07-30,INR,90.6235
2024-07-30,ISK,149.5
2024-07-30,JPY,167.61
2024-07-30,KRW,1498.59
2024-07-30,MXN,20.1533
2024-07-30,MYR,5.0034
2024-07-30,NOK,11.8885
2024-07-30,NZD,1.8386
2024-07-30,PHP,63.502
2024-07-30,PLN,4.2838
2024-07-30,RON,4.9766
2024-07-30,SEK,11.686
2024-07-30,SGD,1.4554
2024-07-30,THB,38.961
2024-07-30,TRY,35.8199
2024-07-30,USD,1.0824
2024-07-30,ZAR,19.8815
2024-07-31,AUD,1.6635
2024-07-31,BGN,1.9558
2024-07-31,BRL,6.0874
2024-07-31,CAD,1.4977
2024-07-31,CHF,0.9533
2024-07-31,CNY,7.8194
2024-07-31,CZK,25.457
2024-07-31,DKK,7.4621
2024-07-31,GBP,0.8438
2024-07-31,HKD,8.4589
2024-07-31,HUF,395.78
2024-07-31,IDR,17634.43
2024-07-31,ILS,4.0822
2024-07-31,INR,90.625
2024-07-31,ISK,149.9
2024-07-31,JPY,162.76
2024-07-31,KRW,1485.96
2024-07-31,MXN,20.3317
2024-07-31,MYR,4.9749
2024-07-31,NOK,11.8175
2024-07-31,NZD,1.8289
2024-07-31,PHP,63.218
2024-07-31,PLN,4.2908
2024-07-31,RON,4.9749
2024-07-31,SEK,11.6125
2024-07-31,SGD,1.4491
2024-07-31,THB,38.629
2024-07-31,TRY,35.9085
2024-07-31,USD,1.0828
2024-07-31,ZAR,19.74
2024-08-01,AUD,1.6501
2024-08-01,BGN,1.9558
2024-08-01,BRL,6.112
2024-08-01,CAD,1.4912
2024-08-01,CHF,0.9467
2024-08-01,CNY,7.8203
2024-08-01,CZK,25.454
2024-08-01,DKK,7.4613
2024-08-01,GBP,0.84328
2024-08-01,HKD,8.432
2024-08-01,HUF,395.55
2024-08-01,IDR,17549.06
2024-08-01,ILS,4.0855
2024-08-01,INR,90.3485
2024-08-01,ISK,149.9
2024-08-01,JPY,162.66
2024-08-01,KRW,1474.13
2024-08-01,MXN,19.9936
2024-08-01,MYR,4.9295
2024-08-01,NOK,11.7465
2024-08-01,NZD,1.814
2024-08-01,PHP,62.912
2024-08-01,PLN,4.2958
2024-08-01,RON,4.9756
2024-08-01,SEK,11.522
2024-08-01,SGD,1.4437
2024-08-01,THB,38.409
2024-08-01,TRY,35.7061
2024-08-01,USD,1.0789
2024-08-01,ZAR,19.6134
2024-08-02,AUD,1.6629
2024-08-02,BGN,1.9558
2024-08-02,BRL,6.257
2024-08-02,CAD,1.5035
2024-08-02,CHF,0.9433
2024-08-02,CNY,7.8075
2024-08-02,CZK,25.271
2024-08-02,DKK,7.4621
2024-08-02,GBP,0.85
2024-08-02,HKD,8.4625
2024-08-02,HUF,396.73
2024-08-02,IDR,17562.88
2024-08-02,ILS,4.1211
2024-08-02,INR,90.728
2024-08-02,ISK,150.5
2024-08-02,JPY,161.37
2024-08-02,KRW,1479.77
2024-08-02,MXN,20.5799
2024-08-02,MYR,4.873
2024-08-02,NOK,11.929
2024-08-02,NZD,1.8196
2024-08-02,PHP,62.885
2024-08-02,PLN,4.289
2024-08-02,RON,4.9756
2024-08-02,SEK,11.5843
2024-08-02,SGD,1.4424
2024-08-02,THB,38.296
2024-08-02,TRY,35.9419
2024-08-02,USD,1.0835
2024-08-02,ZAR,19.7048
2024-08-05,AUD,1.7008
2024-08-05,BGN,1.9558
2024-08-05,BRL,6.3759
2024-08-05,CAD,1.5188
2024-08-05,CHF,0.9304
2024-08-05,CNY,7.8046
2024-08-05,CZK,25.314
2024-08-05,DKK,7.4607
2024-08-05,GBP,0.85878
2024-08-05,HKD,8.5335
2024-08-05,HUF,398.45
2024-08-05,IDR,17754.5
2024-08-05,ILS,4.2013
2024-08-05,INR,92.2765
2024-08-05,ISK,150.5
2024-08-05,JPY,155.98
2024-08-05,KRW,1495.97
2024-08-05,MXN,21.6414
2024-08-05,MYR,4.8525
2024-08-05,NOK,12.1108
2024-08-05,NZD,1.8461
2024-08-05,PHP,63.303
2024-08-05,PLN,4.3128
2024-08-05,RON,4.9768
2024-08-05,SEK,11.534
2024-08-05,SGD,1.4475
2024-08-05,THB,38.732
2024-08-05,TRY,36.5848
2024-08-05,USD,1.0966
2024-08-05,ZAR,20.3713
2024-08-06,AUD,1.6837
2024-08-06,BGN,1.9558
2024-08-06,BRL,6.2028
2024-08-06,CAD,1.5097
2024-08-06,CHF,0.9325
2024-08-06,CNY,7.8071
2024-08-06,CZK,25.286
2024-08-06,DKK,7.4628
2024-08-06,GBP,0.85998
2024-08-06,HKD,8.5055
2024-08-06,HUF,397.38
2024-08-06,IDR,17653.43
2024-08-06,ILS,4.1979
2024-08-06,INR,91.5925
2024-08-06,ISK,150.7
2024-08-06,JPY,158.29
2024-08-06,KRW,1504.09
2024-08-06,MXN,21.0872
2024-08-06,MYR,4.8834
2024-08-06,NOK,12.0005
2024-08-06,NZD,1.8423
2024-08-06,PHP,63.049
2024-08-06,PLN,4.3105
2024-08-06,RON,4.9772
2024-08-06,SEK,11.559
2024-08-06,SGD,1.4485
2024-08-06,THB,38.797
2024-08-06,TRY,36.6472
2024-08-06,USD,1.0915
2024-08-06,ZAR,20.1616
2024-08-07,AUD,1.6643
2024-08-07,BGN,1.9558
2024-08-07,BRL,6.136
2024-08-07,CAD,1.501
2024-08-07,CHF,0.9409
2024-08-07,CNY,7.8425
2024-08-07,CZK,25.27
2024-08-07,DKK,7.4627
2024-08-07,GBP,0.85808
2024-08-07,HKD,8.5162
2024-08-07,HUF,398.2
2024-08-07,IDR,17539.37
2024-08-07,ILS,4.1367
2024-08-07,INR,91.695
2024-08-07,ISK,150.9
2024-08-07,JPY,160.62
2024-08-07,KRW,1501.94
2024-08-07,MXN,21.0692
2024-08-07,MYR,4.9111
2024-08-07,NOK,11.781
2024-08-07,NZD,1.815
2024-08-07,PHP,63.015
2024-08-07,PLN,4.3173
2024-08-07,RON,4.9768
2024-08-07,SEK,11.4235
2024-08-07,SGD,1.4499
2024-08-07,THB,38.866
2024-08-07,TRY,36.5786
2024-08-07,USD,1.0922
2024-08-07,ZAR,20.034
2024-08-08,AUD,1.6677
2024-08-08,BGN,1.9558
2024-08-08,BRL,6.1544
2024-08-08,CAD,1.5021
2024-08-08,CHF,0.9368
2024-08-08,CNY,7.8393
2024-08-08,CZK,25.273
2024-08-08,DKK,7.4619
2024-08-08,GBP,0.86093
2024-08-08,HKD,8.5168
2024-08-08,HUF,396.1
2024-08-08,IDR,17378.97
2024-08-08,ILS,4.1511
2024-08-08,INR,91.759
2024-08-08,ISK,151.1
2024-08-08,JPY,159.74
2024-08-08,KRW,1503.86
2024-08-08,MXN,21.0402
2024-08-08,MYR,4.8912
2024-08-08,NOK,11.8825
2024-08-08,NZD,1.823
2024-08-08,PHP,62.738
2024-08-08,PLN,4.319
2024-08-08,RON,4.9767
2024-08-08,SEK,11.4955
2024-08-08,SGD,1.4474
2024-08-08,THB,38.577
2024-08-08,TRY,36.6133
2024-08-08,USD,1.093
2024-08-08,ZAR,20.0993
2024-08-09,AUD,1.6609
2024-08-09,BGN,1.9558
2024-08-09,BRL,6.0477
2024-08-09,CAD,1.5007
2024-08-09,CHF,0.9435
2024-08-09,CNY,7.828
2024-08-09,CZK,25.234
2024-08-09,DKK,7.4622
2024-08-09,GBP,0.85708
2024-08-09,HKD,8.514
2024-08-09,HUF,395.2
2024-08-09,IDR,17413.43
2024-08-09,ILS,4.0722
2024-08-09,INR,91.655
2024-08-09,ISK,151.1
2024-08-09,JPY,160.33
2024-08-09,KRW,1491.07
2024-08-09,MXN,20.5652
2024-08-09,MYR,4.828
2024-08-09,NOK,11.8295
2024-08-09,NZD,1.8156
2024-08-09,PHP,62.533
2024-08-09,PLN,4.3253
2024-08-09,RON,4.9769
2024-08-09,SEK,11.4955
2024-08-09,SGD,1.4453
2024-08-09,THB,38.45
2024-08-09,TRY,36.6275
2024-08-09,USD,1.0917
2024-08-09,ZAR,20.0169
2024-08-12,AUD,1.656
2024-08-12,BGN,1.9558
2024-08-12,BRL,5.9998
2024-08-12,CAD,1.4998
2024-08-12,CHF,0.9491
2024-08-12,CNY,7.8439
2024-08-12,CZK,25.178
2024-08-12,DKK,7.4628
2024-08-12,GBP,0.85554
2024-08-12,HKD,8.5157
2024-08-12,HUF,393.25
2024-08-12,IDR,17444
2024-08-12,ILS,4.1171
2024-08-12,INR,91.7375
2024-08-12,ISK,151.1
2024-08-12,JPY,161.25
2024-08-12,KRW,1497.58
2024-08-12,MXN,20.566
2024-08-12,MYR,4.8682
2024-08-12,NOK,11.7745
2024-08-12,NZD,1.811
2024-08-12,PHP,62.611
2024-08-12,PLN,4.3058
2024-08-12,RON,4.9767
2024-08-12,SEK,11.4935
2024-08-12,SGD,1.4474
2024-08-12,THB,38.527
2024-08-12,TRY,36.6293
2024-08-12,USD,1.0925
2024-08-12,ZAR,19.9047
2024-08-13,AUD,1.6572
2024-08-13,BGN,1.9558
2024-08-13,BRL,6.0061
2024-08-13,CAD,1.5014
2024-08-13,CHF,0.948
2024-08-13,CNY,7.8301
2024-08-13,CZK,25.203
2024-08-13,DKK,7.4621
2024-08-13,GBP,0.85458
2024-08-13,HKD,8.5143
2024-08-13,HUF,393.53
2024-08-13,IDR,17318.2
2024-08-13,ILS,4.0855
2024-08-13,INR,91.761
2024-08-13,ISK,151.1
2024-08-13,JPY,161.17
2024-08-13,KRW,1498.93
2024-08-13,MXN,20.7235
2024-08-13,MYR,4.8648
2024-08-13,NOK,11.797
2024-08-13,NZD,1.8089
2024-08-13,PHP,62.322
2024-08-13,PLN,4.289
2024-08-13,RON,4.9757
2024-08-13,SEK,11.506
2024-08-13,SGD,1.4454
2024-08-13,THB,38.384
2024-08-13,TRY,36.6789
2024-08-13,USD,1.0931
2024-08-13,ZAR,19.8621
2024-08-14,AUD,1.6643
2024-08-14,BGN,1.9558
2024-08-14,BRL,6.0024
2024-08-14,CAD,1.5115
2024-08-14,CHF,0.9515
2024-08-14,CNY,7.8627
2024-08-14,CZK,25.197
2024-08-14,DKK,7.462
2024-08-14,GBP,0.85783
2024-08-14,HKD,8.5824
2024-08-14,HUF,394.45
2024-08-14,IDR,17194.6
2024-08-14,ILS,4.1127
2024-08-14,INR,92.5025
2024-08-14,ISK,152.1
2024-08-14,JPY,161.98
2024-08-14,KRW,1493.74
2024-08-14,MXN,20.878
2024-08-14,MYR,4.8704
2024-08-14,NOK,11.7665
2024-08-14,NZD,1.8324
2024-08-14,PHP,62.761
2024-08-14,PLN,4.2975
2024-08-14,RON,4.9763
2024-08-14,SEK,11.4843
2024-08-14,SGD,1.4494
2024-08-14,THB,38.429
2024-08-14,TRY,36.9665
2024-08-14,USD,1.1019
2024-08-14,ZAR,19.9267
2024-08-15,AUD,1.6609
2024-08-15,BGN,1.9558
2024-08-15,BRL,6.0262
2024-08-15,CAD,1.509
2024-08-15,CHF,0.9541
2024-08-15,CNY,7.8816
2024-08-15,CZK,25.2
2024-08-15,DKK,7.4619
2024-08-15,GBP,0.85615
2024-08-15,HKD,8.58
2024-08-15,HUF,394.58
2024-08-15,IDR,17290.19
2024-08-15,ILS,4.077
2024-08-15,INR,92.4385
2024-08-15,ISK,152.1
2024-08-15,JPY,162.14
2024-08-15,KRW,1495.28
2024-08-15,MXN,20.7475
2024-08-15,MYR,4.8834
2024-08-15,NOK,11.7455
2024-08-15,NZD,1.832
2024-08-15,PHP,62.744
2024-08-15,PLN,4.2815
2024-08-15,RON,4.9764
2024-08-15,SEK,11.5135
2024-08-15,SGD,1.4505
2024-08-15,THB,38.483
2024-08-15,TRY,37.0147
2024-08-15,USD,1.1011
2024-08-15,ZAR,19.8284
2024-08-16,AUD,1.6577
2024-08-16,BGN,1.9558
2024-08-16,BRL,6.0112
2024-08-16,CAD,1.5095
2024-08-16,CHF,0.954
2024-08-16,CNY,7.8758
2024-08-16,CZK,25.239
2024-08-16,DKK,7.4616
2024-08-16,GBP,0.85128
2024-08-16,HKD,8.5705
2024-08-16,HUF,395.73
2024-08-16,IDR,17259.48
2024-08-16,ILS,4.0359
2024-08-16,INR,92.2775
2024-08-16,ISK,152.9
2024-08-16,JPY,162.72
2024-08-16,KRW,1490.58
2024-08-16,MXN,20.5459
2024-08-16,MYR,4.872
2024-08-16,NOK,11.8185
2024-08-16,NZD,1.824
2024-08-16,PHP,62.843
2024-08-16,PLN,4.2703
2024-08-16,RON,4.9758
2024-08-16,SEK,11.5435
2024-08-16,SGD,1.4497
2024-08-16,THB,38.408
2024-08-16,TRY,37.0448
2024-08-16,USD,1.0994
2024-08-16,ZAR,19.6993
2024-08-19,AUD,1.6486
2024-08-19,BGN,1.9558
2024-08-19,BRL,6.0215
2024-08-19,CAD,1.5098
2024-08-19,CHF,0.9543
2024-08-19,CNY,7.8848
2024-08-19,CZK,25.181
2024-08-19,DKK,7.4616
2024-08-19,GBP,0.85243
2024-08-19,HKD,8.604
2024-08-19,HUF,393.08
2024-08-19,IDR,17212.31
2024-08-19,ILS,4.0907
2024-08-19,INR,92.6085
2024-08-19,ISK,151.9
2024-08-19,JPY,161.22
2024-08-19,KRW,1476.07
2024-08-19,MXN,20.6586
2024-08-19,MYR,4.8376
2024-08-19,NOK,11.7345
2024-08-19,NZD,1.817
2024-08-19,PHP,62.578
2024-08-19,PLN,4.2688
2024-08-19,RON,4.9773
2024-08-19,SEK,11.4871
2024-08-19,SGD,1.4464
2024-08-19,THB,38.053
2024-08-19,TRY,37.2418
2024-08-19,USD,1.1041
2024-08-19,ZAR,19.6951
2024-08-20,AUD,1.6454
2024-08-20,BGN,1.9558
2024-08-20,BRL,6.0376
2024-08-20,CAD,1.5085
2024-08-20,CHF,0.9527
2024-08-20,CNY,7.9192
2024-08-20,CZK,25.158
2024-08-20,DKK,7.4623
2024-08-20,GBP,0.85194
2024-08-20,HKD,8.6345
2024-08-20,HUF,393.85
2024-08-20,IDR,17126
2024-08-20,ILS,4.1073
2024-08-20,INR,92.8445
2024-08-20,ISK,152.1
2024-08-20,JPY,162.18
2024-08-20,KRW,1478.34
2024-08-20,MXN,20.844
2024-08-20,MYR,4.852
2024-08-20,NOK,11.6825
2024-08-20,NZD,1.8042
2024-08-20,PHP,62.559
2024-08-20,PLN,4.2643
2024-08-20,RON,4.9768
2024-08-20,SEK,11.3825
2024-08-20,SGD,1.4493
2024-08-20,THB,37.885
2024-08-20,TRY,37.4904
2024-08-20,USD,1.1084
2024-08-20,ZAR,19.7295
2024-08-21,AUD,1.6495
2024-08-21,BGN,1.9558
2024-08-21,BRL,6.0844
2024-08-21,CAD,1.5117
2024-08-21,CHF,0.9503
2024-08-21,CNY,7.9306
2024-08-21,CZK,25.11
2024-08-21,DKK,7.4615
2024-08-21,GBP,0.85303
2024-08-21,HKD,8.6634
2024-08-21,HUF,392.35
2024-08-21,IDR,17247.2
2024-08-21,ILS,4.1395
2024-08-21,INR,93.2585
2024-08-21,ISK,152.7
2024-08-21,JPY,162.26
2024-08-21,KRW,1485.55
2024-08-21,MXN,21.1283
2024-08-21,MYR,4.8688
2024-08-21,NOK,11.683
2024-08-21,NZD,1.8109
2024-08-21,PHP,62.817
2024-08-21,PLN,4.2858
2024-08-21,RON,4.977
2024-08-21,SEK,11.378
2024-08-21,SGD,1.4529
2024-08-21,THB,38.095
2024-08-21,TRY,37.6869
2024-08-21,USD,1.1116
2024-08-21,ZAR,19.8257
2024-08-22,AUD,1.655
2024-08-22,BGN,1.9558
2024-08-22,BRL,6.1538
2024-08-22,CAD,1.513
2024-08-22,CHF,0.949
2024-08-22,CNY,7.9491
2024-08-22,CZK,25.092
2024-08-22,DKK,7.4619
2024-08-22,GBP,0.84943
2024-08-22,HKD,8.6814
2024-08-22,HUF,394.1
2024-08-22,IDR,17405.17
2024-08-22,ILS,4.1455
2024-08-22,INR,93.478
2024-08-22,ISK,152.3
2024-08-22,JPY,162.64
2024-08-22,KRW,1490.74
2024-08-22,MXN,21.6175
2024-08-22,MYR,4.8749
2024-08-22,NOK,11.7685
2024-08-22,NZD,1.8107
2024-08-22,PHP,62.723
2024-08-22,PLN,4.2815
2024-08-22,RON,4.9764
2024-08-22,SEK,11.392
2024-08-22,SGD,1.4568
2024-08-22,THB,38.332
2024-08-22,TRY,37.7855
2024-08-22,USD,1.1135
2024-08-22,ZAR,20.0237
2024-08-23,AUD,1.6518
2024-08-23,BGN,1.9558
2024-08-23,BRL,6.1902
2024-08-23,CAD,1.5106
2024-08-23,CHF,0.9476
2024-08-23,CNY,7.9364
2024-08-23,CZK,25.078
2024-08-23,DKK,7.4615
2024-08-23,GBP,0.84733
2024-08-23,HKD,8.6728
2024-08-23,HUF,393.75
2024-08-23,IDR,17303.11
2024-08-23,ILS,4.1184
2024-08-23,INR,93.309
2024-08-23,ISK,152.3
2024-08-23,JPY,162.37
2024-08-23,KRW,1486.86
2024-08-23,MXN,21.5311
2024-08-23,MYR,4.8654
2024-08-23,NOK,11.802
2024-08-23,NZD,1.8061
2024-08-23,PHP,62.734
2024-08-23,PLN,4.2775
2024-08-23,RON,4.9763
2024-08-23,SEK,11.4355
2024-08-23,SGD,1.4551
2024-08-23,THB,38.067
2024-08-23,TRY,37.8181
2024-08-23,USD,1.1121
2024-08-23,ZAR,19.9591
2024-08-26,AUD,1.6496
2024-08-26,BGN,1.9558
2024-08-26,BRL,6.1332
2024-08-26,CAD,1.5076
2024-08-26,CHF,0.946
2024-08-26,CNY,7.9512
2024-08-26,CZK,25.034
2024-08-26,DKK,7.461
2024-08-26,GBP,0.84645
2024-08-26,HKD,8.7023
2024-08-26,HUF,395.23
2024-08-26,IDR,17236.51
2024-08-26,ILS,4.0966
2024-08-26,INR,93.6635
2024-08-26,ISK,153.1
2024-08-26,JPY,160.94
2024-08-26,KRW,1481.16
2024-08-26,MXN,21.4092
2024-08-26,MYR,4.8531
2024-08-26,NOK,11.7785
2024-08-26,NZD,1.8008
2024-08-26,PHP,62.524
2024-08-26,PLN,4.2815
2024-08-26,RON,4.9756
2024-08-26,SEK,11.403
2024-08-26,SGD,1.4546
2024-08-26,THB,37.926
2024-08-26,TRY,37.9737
2024-08-26,USD,1.1163
2024-08-26,ZAR,19.8317
2024-08-27,AUD,1.6461
2024-08-27,BGN,1.9558
2024-08-27,BRL,6.1186
2024-08-27,CAD,1.5041
2024-08-27,CHF,0.944
2024-08-27,CNY,7.9547
2024-08-27,CZK,25.034
2024-08-27,DKK,7.4609
2024-08-27,GBP,0.84438
2024-08-27,HKD,8.7073
2024-08-27,HUF,393.13
2024-08-27,IDR,17349.32
2024-08-27,ILS,4.1135
2024-08-27,INR,93.674
2024-08-27,ISK,153.1
2024-08-27,JPY,161.24
2024-08-27,KRW,1485.86
2024-08-27,MXN,21.6869
2024-08-27,MYR,4.8527
2024-08-27,NOK,11.723
2024-08-27,NZD,1.7912
2024-08-27,PHP,62.842
2024-08-27,PLN,4.2783
2024-08-27,RON,4.9771
2024-08-27,SEK,11.3758
2024-08-27,SGD,1.4552
2024-08-27,THB,38.029
2024-08-27,TRY,37.9876
2024-08-27,USD,1.1162
2024-08-27,ZAR,19.7883
2024-08-28,AUD,1.6407
2024-08-28,BGN,1.9558
2024-08-28,BRL,6.1498
2024-08-28,CAD,1.4982
2024-08-28,CHF,0.9375
2024-08-28,CNY,7.9253
2024-08-28,CZK,25.053
2024-08-28,DKK,7.4593
2024-08-28,GBP,0.84163
2024-08-28,HKD,8.6711
2024-08-28,HUF,393.4
2024-08-28,IDR,17150.03
2024-08-28,ILS,4.0759
2024-08-28,INR,93.3565
2024-08-28,ISK,153.1
2024-08-28,JPY,160.57
2024-08-28,KRW,1485.05
2024-08-28,MXN,21.8823
2024-08-28,MYR,4.8281
2024-08-28,NOK,11.712
2024-08-28,NZD,1.7823
2024-08-28,PHP,62.544
2024-08-28,PLN,4.3003
2024-08-28,RON,4.9773
2024-08-28,SEK,11.335
2024-08-28,SGD,1.4493
2024-08-28,THB,37.848
2024-08-28,TRY,37.8389
2024-08-28,USD,1.1117
2024-08-28,ZAR,19.7851
2024-08-29,AUD,1.6274
2024-08-29,BGN,1.9558
2024-08-29,BRL,6.1892
2024-08-29,CAD,1.4927
2024-08-29,CHF,0.9364
2024-08-29,CNY,7.8653
2024-08-29,CZK,25.043
2024-08-29,DKK,7.4588
2024-08-29,GBP,0.84175
2024-08-29,HKD,8.6422
2024-08-29,HUF,392.73
2024-08-29,IDR,17082.67
2024-08-29,ILS,4.0671
2024-08-29,INR,93.023
2024-08-29,ISK,152.9
2024-08-29,JPY,160.36
2024-08-29,KRW,1474.34
2024-08-29,MXN,21.8575
2024-08-29,MYR,4.78
2024-08-29,NOK,11.641
2024-08-29,NZD,1.768
2024-08-29,PHP,62.279
2024-08-29,PLN,4.2898
2024-08-29,RON,4.9774
2024-08-29,SEK,11.3455
2024-08-29,SGD,1.4432
2024-08-29,THB,37.649
2024-08-29,TRY,37.7944
2024-08-29,USD,1.1088
2024-08-29,ZAR,19.6351
2024-08-30,AUD,1.6301
2024-08-30,BGN,1.9558
2024-08-30,BRL,6.2155
2024-08-30,CAD,1.4941
2024-08-30,CHF,0.9416
2024-08-30,CNY,7.8585
2024-08-30,CZK,25.031
2024-08-30,DKK,7.4589
2024-08-30,GBP,0.8412
2024-08-30,HKD,8.6455
2024-08-30,HUF,392.53
2024-08-30,IDR,17180.03
2024-08-30,ILS,4.0245
2024-08-30,INR,92.9485
2024-08-30,ISK,152.9
2024-08-30,JPY,161.19
2024-08-30,KRW,1478.6
2024-08-30,MXN,21.7581
2024-08-30,MYR,4.7901
2024-08-30,NOK,11.662
2024-08-30,NZD,1.7709
2024-08-30,PHP,62.309
2024-08-30,PLN,4.2763
2024-08-30,RON,4.9768
2024-08-30,SEK,11.3355
2024-08-30,SGD,1.4441
2024-08-30,THB,37.541
2024-08-30,TRY,37.7651
2024-08-30,USD,1.1087
2024-08-30,ZAR,19.5358
2024-09-02,AUD,1.6322
2024-09-02,BGN,1.9558
2024-09-02,BRL,6.2185
2024-09-02,CAD,1.4932
2024-09-02,CHF,0.9415
2024-09-02,CNY,7.8677
2024-09-02,CZK,25.045
2024-09-02,DKK,7.4587
2024-09-02,GBP,0.84218
2024-09-02,HKD,8.6239
2024-09-02,HUF,392.55
2024-09-02,IDR,17189.79
2024-09-02,ILS,4.0415
2024-09-02,INR,92.8075
2024-09-02,ISK,153.1
2024-09-02,JPY,162.56
2024-09-02,KRW,1481.32
2024-09-02,MXN,21.7618
2024-09-02,MYR,4.8171
2024-09-02,NOK,11.73
2024-09-02,NZD,1.7767
2024-09-02,PHP,62.513
2024-09-02,PLN,4.275
2024-09-02,RON,4.9753
2024-09-02,SEK,11.351
2024-09-02,SGD,1.4464
2024-09-02,THB,37.834
2024-09-02,TRY,37.5814
2024-09-02,USD,1.1061
2024-09-02,ZAR,19.8166
2024-09-03,AUD,1.6394
2024-09-03,BGN,1.9558
2024-09-03,BRL,6.2056
2024-09-03,CAD,1.4951
2024-09-03,CHF,0.9409
2024-09-03,CNY,7.8614
2024-09-03,CZK,25.071
2024-09-03,DKK,7.4595
2024-09-03,GBP,0.84085
2024-09-03,HKD,8.605
2024-09-03,HUF,393.38
2024-09-03,IDR,17171.01
2024-09-03,ILS,4.0623
2024-09-03,INR,92.669
2024-09-03,ISK,153.5
2024-09-03,JPY,161.26
2024-09-03,KRW,1481.23
2024-09-03,MXN,21.8785
2024-09-03,MYR,4.8195
2024-09-03,NOK,11.766
2024-09-03,NZD,1.7839
2024-09-03,PHP,62.427
2024-09-03,PLN,4.2783
2024-09-03,RON,4.9735
2024-09-03,SEK,11.372
2024-09-03,SGD,1.4453
2024-09-03,THB,37.833
2024-09-03,TRY,37.4947
2024-09-03,USD,1.1035
2024-09-03,ZAR,19.8345
2024-09-04,AUD,1.645
2024-09-04,BGN,1.9558
2024-09-04,BRL,6.2523
2024-09-04,CAD,1.498
2024-09-04,CHF,0.9396
2024-09-04,CNY,7.8648
2024-09-04,CZK,25.086
2024-09-04,DKK,7.4605
2024-09-04,GBP,0.84248
2024-09-04,HKD,8.6174
2024-09-04,HUF,393.23
2024-09-04,IDR,17126.34
2024-09-04,ILS,4.1074
2024-09-04,INR,92.7985
2024-09-04,ISK,153.5
2024-09-04,JPY,160.26
2024-09-04,KRW,1481.5
2024-09-04,MXN,21.9638
2024-09-04,MYR,4.8101
2024-09-04,NOK,11.805
2024-09-04,NZD,1.7861
2024-09-04,PHP,62.502
2024-09-04,PLN,4.2788
2024-09-04,RON,4.9726
2024-09-04,SEK,11.411
2024-09-04,SGD,1.444
2024-09-04,THB,37.785
2024-09-04,TRY,37.623
2024-09-04,USD,1.105
2024-09-04,ZAR,19.7997
2024-09-05,AUD,1.6498
2024-09-05,BGN,1.9558
2024-09-05,BRL,6.2481
2024-09-05,CAD,1.4996
2024-09-05,CHF,0.939
2024-09-05,CNY,7.8739
2024-09-05,CZK,25.027
2024-09-05,DKK,7.4611
2024-09-05,GBP,0.84318
2024-09-05,HKD,8.6493
2024-09-05,HUF,392.3
2024-09-05,IDR,17110.19
2024-09-05,ILS,4.1011
2024-09-05,INR,93.1987
2024-09-05,ISK,153.5
2024-09-05,JPY,159.2
2024-09-05,KRW,1481.54
2024-09-05,MXN,22.279
2024-09-05,MYR,4.8136
2024-09-05,NOK,11.7895
2024-09-05,NZD,1.7874
2024-09-05,PHP,62.231
2024-09-05,PLN,4.2683
2024-09-05,RON,4.9708
2024-09-05,SEK,11.3995
2024-09-05,SGD,1.4444
2024-09-05,THB,37.303
2024-09-05,TRY,37.7192
2024-09-05,USD,1.1097
2024-09-05,ZAR,19.736
2024-09-06,AUD,1.6503
2024-09-06,BGN,1.9558
2024-09-06,BRL,6.1855
2024-09-06,CAD,1.4984
2024-09-06,CHF,0.9365
2024-09-06,CNY,7.865
2024-09-06,CZK,25.034
2024-09-06,DKK,7.462
2024-09-06,GBP,0.84293
2024-09-06,HKD,8.6526
2024-09-06,HUF,394.75
2024-09-06,IDR,17114.05
2024-09-06,ILS,4.116
2024-09-06,INR,93.206
2024-09-06,ISK,153.3
2024-09-06,JPY,158.93
2024-09-06,KRW,1477.3
2024-09-06,MXN,22.1512
2024-09-06,MYR,4.8082
2024-09-06,NOK,11.8015
2024-09-06,NZD,1.7858
2024-09-06,PHP,62.118
2024-09-06,PLN,4.28
2024-09-06,RON,4.9735
2024-09-06,SEK,11.3698
2024-09-06,SGD,1.4428
2024-09-06,THB,37.228
2024-09-06,TRY,37.7388
2024-09-06,USD,1.1103
2024-09-06,ZAR,19.6875
2024-09-09,AUD,1.6596
2024-09-09,BGN,1.9558
2024-09-09,BRL,6.2
2024-09-09,CAD,1.4979
2024-09-09,CHF,0.9376
2024-09-09,CNY,7.8589
2024-09-09,CZK,25.051
2024-09-09,DKK,7.4616
2024-09-09,GBP,0.84365
2024-09-09,HKD,8.6101
2024-09-09,HUF,395.95
2024-09-09,IDR,17083.3
2024-09-09,ILS,4.1425
2024-09-09,INR,92.711
2024-09-09,ISK,152.3
2024-09-09,JPY,158.53
2024-09-09,KRW,1485.48
2024-09-09,MXN,21.9879
2024-09-09,MYR,4.8274
2024-09-09,NOK,11.9405
2024-09-09,NZD,1.8004
2024-09-09,PHP,62.354
2024-09-09,PLN,4.278
2024-09-09,RON,4.9743
2024-09-09,SEK,11.455
2024-09-09,SGD,1.4428
2024-09-09,THB,37.474
2024-09-09,TRY,37.5989
2024-09-09,USD,1.1043
2024-09-09,ZAR,19.7659
2024-09-10,AUD,1.6551
2024-09-10,BGN,1.9558
2024-09-10,BRL,6.153
2024-09-10,CAD,1.4973
2024-09-10,CHF,0.9349
2024-09-10,CNY,7.853
2024-09-10,CZK,25.058
2024-09-10,DKK,7.4623
2024-09-10,GBP,0.84265
2024-09-10,HKD,8.6004
2024-09-10,HUF,397.38
2024-09-10,IDR,17046.54
2024-09-10,ILS,4.1539
2024-09-10,INR,92.6325
2024-09-10,ISK,152.3
2024-09-10,JPY,157.81
2024-09-10,KRW,1480.59
2024-09-10,MXN,21.9527
2024-09-10,MYR,4.7902
2024-09-10,NOK,11.902
2024-09-10,NZD,1.7921
2024-09-10,PHP,62.216
2024-09-10,PLN,4.2833
2024-09-10,RON,4.9745
2024-09-10,SEK,11.4355
2024-09-10,SGD,1.4397
2024-09-10,THB,37.235
2024-09-10,TRY,37.5708
2024-09-10,USD,1.1031
2024-09-10,ZAR,19.7464
2024-09-11,AUD,1.656
2024-09-11,BGN,1.9558
2024-09-11,BRL,6.2245
2024-09-11,CAD,1.4997
2024-09-11,CHF,0.9358
2024-09-11,CNY,7.8534
2024-09-11,CZK,25.088
2024-09-11,DKK,7.4624
2024-09-11,GBP,0.84375
2024-09-11,HKD,8.6106
2024-09-11,HUF,396.2
2024-09-11,IDR,17020.19
2024-09-11,ILS,4.1538
2024-09-11,INR,92.743
2024-09-11,ISK,152.7
2024-09-11,JPY,156.6
2024-09-11,KRW,1478.5
2024-09-11,MXN,21.9952
2024-09-11,MYR,4.7816
2024-09-11,NOK,11.937
2024-09-11,NZD,1.7966
2024-09-11,PHP,61.706
2024-09-11,PLN,4.2873
2024-09-11,RON,4.9742
2024-09-11,SEK,11.435
2024-09-11,SGD,1.4385
2024-09-11,THB,37.198
2024-09-11,TRY,37.557
2024-09-11,USD,1.1043
2024-09-11,ZAR,19.7394
2024-09-12,AUD,1.6497
2024-09-12,BGN,1.9558
2024-09-12,BRL,6.2309
2024-09-12,CAD,1.4964
2024-09-12,CHF,0.9414
2024-09-12,CNY,7.8441
2024-09-12,CZK,25.122
2024-09-12,DKK,7.462
2024-09-12,GBP,0.8446
2024-09-12,HKD,8.5945
2024-09-12,HUF,395.88
2024-09-12,IDR,17007.44
2024-09-12,ILS,4.1344
2024-09-12,INR,92.49
2024-09-12,ISK,152.3
2024-09-12,JPY,157.02
2024-09-12,KRW,1477.3
2024-09-12,MXN,21.7456
2024-09-12,MYR,4.7746
2024-09-12,NOK,11.934
2024-09-12,NZD,1.796
2024-09-12,PHP,61.852
2024-09-12,PLN,4.2978
2024-09-12,RON,4.974
2024-09-12,SEK,11.414
2024-09-12,SGD,1.438
2024-09-12,THB,37.146
2024-09-12,TRY,37.402
2024-09-12,USD,1.1016
2024-09-12,ZAR,19.7713
2024-09-13,AUD,1.6542
2024-09-13,BGN,1.9558
2024-09-13,BRL,6.2147
2024-09-13,CAD,1.5061
2024-09-13,CHF,0.9387
2024-09-13,CNY,7.8634
2024-09-13,CZK,25.147
2024-09-13,DKK,7.4627
2024-09-13,GBP,0.84475
2024-09-13,HKD,8.6411
2024-09-13,HUF,395.33
2024-09-13,IDR,17072.28
2024-09-13,ILS,4.1105
2024-09-13,INR,92.988
2024-09-13,ISK,152.3
2024-09-13,JPY,156.17
2024-09-13,KRW,1474.21
2024-09-13,MXN,21.5637
2024-09-13,MYR,4.7665
2024-09-13,NOK,11.8495
2024-09-13,NZD,1.7973
2024-09-13,PHP,62.041
2024-09-13,PLN,4.2898
2024-09-13,RON,4.9738
2024-09-13,SEK,11.3635
2024-09-13,SGD,1.4404
2024-09-13,THB,36.988
2024-09-13,TRY,37.6148
2024-09-13,USD,1.1081
2024-09-13,ZAR,19.7185
2024-09-16,AUD,1.6492
2024-09-16,BGN,1.9558
2024-09-16,BRL,6.1772
2024-09-16,CAD,1.5109
2024-09-16,CHF,0.9394
2024-09-16,CNY,7.8953
2024-09-16,CZK,25.128
2024-09-16,DKK,7.4621
2024-09-16,GBP,0.84278
2024-09-16,HKD,8.6723
2024-09-16,HUF,393.83
2024-09-16,IDR,17095.99
2024-09-16,ILS,4.1641
2024-09-16,INR,93.302
2024-09-16,ISK,152.5
2024-09-16,JPY,155.66
2024-09-16,KRW,1467.42
2024-09-16,MXN,21.4029
2024-09-16,MYR,4.7858
2024-09-16,NOK,11.78
2024-09-16,NZD,1.7958
2024-09-16,PHP,62.094
2024-09-16,PLN,4.2708
2024-09-16,RON,4.9744
2024-09-16,SEK,11.3195
2024-09-16,SGD,1.4407
2024-09-16,THB,36.983
2024-09-16,TRY,37.804
2024-09-16,USD,1.1126
2024-09-16,ZAR,19.6277
2024-09-17,AUD,1.6472
2024-09-17,BGN,1.9558
2024-09-17,BRL,6.1236
2024-09-17,CAD,1.5134
2024-09-17,CHF,0.9405
2024-09-17,CNY,7.9046
2024-09-17,CZK,25.125
2024-09-17,DKK,7.4621
2024-09-17,GBP,0.84278
2024-09-17,HKD,8.6796
2024-09-17,HUF,394.68
2024-09-17,IDR,17082.55
2024-09-17,ILS,4.1808
2024-09-17,INR,93.305
2024-09-17,ISK,152.3
2024-09-17,JPY,156.71
2024-09-17,KRW,1467.66
2024-09-17,MXN,21.529
2024-09-17,MYR,4.7441
2024-09-17,NOK,11.7885
2024-09-17,NZD,1.7965
2024-09-17,PHP,61.966
2024-09-17,PLN,4.2683
2024-09-17,RON,4.9738
2024-09-17,SEK,11.3245
2024-09-17,SGD,1.4407
2024-09-17,THB,37.104
2024-09-17,TRY,37.9137
2024-09-17,USD,1.1139
2024-09-17,ZAR,19.6418
2024-09-18,AUD,1.64
2024-09-18,BGN,1.9558
2024-09-18,BRL,6.0942
2024-09-18,CAD,1.5117
2024-09-18,CHF,0.9388
2024-09-18,CNY,7.8797
2024-09-18,CZK,25.07
2024-09-18,DKK,7.4613
2024-09-18,GBP,0.84225
2024-09-18,HKD,8.6692
2024-09-18,HUF,394.25
2024-09-18,IDR,17032.01
2024-09-18,ILS,4.1916
2024-09-18,INR,93.1315
2024-09-18,ISK,152.3
2024-09-18,JPY,157.94
2024-09-18,KRW,1473.65
2024-09-18,MXN,21.2402
2024-09-18,MYR,4.721
2024-09-18,NOK,11.7753
2024-09-18,NZD,1.7877
2024-09-18,PHP,61.988
2024-09-18,PLN,4.27
2024-09-18,RON,4.9749
2024-09-18,SEK,11.324
2024-09-18,SGD,1.4395
2024-09-18,THB,37.015
2024-09-18,TRY,37.9429
2024-09-18,USD,1.1124
2024-09-18,ZAR,19.5531
2024-09-19,AUD,1.6352
2024-09-19,BGN,1.9558
2024-09-19,BRL,6.024
2024-09-19,CAD,1.511
2024-09-19,CHF,0.946
2024-09-19,CNY,7.8827
2024-09-19,CZK,25.081
2024-09-19,DKK,7.4592
2024-09-19,GBP,0.83953
2024-09-19,HKD,8.6952
2024-09-19,HUF,394.55
2024-09-19,IDR,16924.49
2024-09-19,ILS,4.1899
2024-09-19,INR,93.325
2024-09-19,ISK,152.5
2024-09-19,JPY,159.53
2024-09-19,KRW,1481.57
2024-09-19,MXN,21.391
2024-09-19,MYR,4.6967
2024-09-19,NOK,11.6678
2024-09-19,NZD,1.7845
2024-09-19,PHP,61.949
2024-09-19,PLN,4.2658
2024-09-19,RON,4.9744
2024-09-19,SEK,11.3175
2024-09-19,SGD,1.4415
2024-09-19,THB,36.965
2024-09-19,TRY,37.9584
2024-09-19,USD,1.1156
2024-09-19,ZAR,19.4454
2024-09-20,AUD,1.6388
2024-09-20,BGN,1.9558
2024-09-20,BRL,6.057
2024-09-20,CAD,1.5148
2024-09-20,CHF,0.9486
2024-09-20,CNY,7.8776
2024-09-20,CZK,25.078
2024-09-20,DKK,7.459
2024-09-20,GBP,0.8391
2024-09-20,HKD,8.7022
2024-09-20,HUF,393.68
2024-09-20,IDR,16929.55
2024-09-20,ILS,4.2077
2024-09-20,INR,93.274
2024-09-20,ISK,152.3
2024-09-20,JPY,161.08
2024-09-20,KRW,1491.51
2024-09-20,MXN,21.6089
2024-09-20,MYR,4.6953
2024-09-20,NOK,11.733
2024-09-20,NZD,1.7919
2024-09-20,PHP,62.15
2024-09-20,PLN,4.2763
2024-09-20,RON,4.9745
2024-09-20,SEK,11.381
2024-09-20,SGD,1.4426
2024-09-20,THB,36.887
2024-09-20,TRY,38.0857
2024-09-20,USD,1.1166
2024-09-20,ZAR,19.5684
2024-09-23,AUD,1.6274
2024-09-23,BGN,1.9558
2024-09-23,BRL,6.1976
2024-09-23,CAD,1.5065
2024-09-23,CHF,0.9448
2024-09-23,CNY,7.8438
2024-09-23,CZK,25.098
2024-09-23,DKK,7.4581
2024-09-23,GBP,0.83518
2024-09-23,HKD,8.6576
2024-09-23,HUF,394.68
2024-09-23,IDR,16886.09
2024-09-23,ILS,4.201
2024-09-23,INR,92.8955
2024-09-23,ISK,151.7
2024-09-23,JPY,159.58
2024-09-23,KRW,1486.62
2024-09-23,MXN,21.5915
2024-09-23,MYR,4.6733
2024-09-23,NOK,11.686
2024-09-23,NZD,1.777
2024-09-23,PHP,62.3
2024-09-23,PLN,4.275
2024-09-23,RON,4.9742
2024-09-23,SEK,11.362
2024-09-23,SGD,1.4357
2024-09-23,THB,36.654
2024-09-23,TRY,37.9745
2024-09-23,USD,1.1119
2024-09-23,ZAR,19.3253
2024-09-24,AUD,1.6237
2024-09-24,BGN,1.9558
2024-09-24,BRL,6.137
2024-09-24,CAD,1.5033
2024-09-24,CHF,0.9439
2024-09-24,CNY,7.829
2024-09-24,CZK,25.155
2024-09-24,DKK,7.4571
2024-09-24,GBP,0.8322
2024-09-24,HKD,8.6668
2024-09-24,HUF,394.7
2024-09-24,IDR,16896.39
2024-09-24,ILS,4.1947
2024-09-24,INR,93.151
2024-09-24,ISK,151.7
2024-09-24,JPY,160.14
2024-09-24,KRW,1485.87
2024-09-24,MXN,21.5748
2024-09-24,MYR,4.6246
2024-09-24,NOK,11.612
2024-09-24,NZD,1.7707
2024-09-24,PHP,62.601
2024-09-24,PLN,4.2665
2024-09-24,RON,4.9756
2024-09-24,SEK,11.2935
2024-09-24,SGD,1.4341
2024-09-24,THB,36.569
2024-09-24,TRY,38.0064
2024-09-24,USD,1.1133
2024-09-24,ZAR,19.2869
2024-09-25,AUD,1.6276
2024-09-25,BGN,1.9558
2024-09-25,BRL,6.1104
2024-09-25,CAD,1.5044
2024-09-25,CHF,0.9495
2024-09-25,CNY,7.8692
2024-09-25,CZK,25.123
2024-09-25,DKK,7.4575
2024-09-25,GBP,0.83653
2024-09-25,HKD,8.716
2024-09-25,HUF,395.03
2024-09-25,IDR,16922.87
2024-09-25,ILS,4.205
2024-09-25,INR,93.575
2024-09-25,ISK,150.5
2024-09-25,JPY,161.49
2024-09-25,KRW,1489.46
2024-09-25,MXN,21.7426
2024-09-25,MYR,4.6242
2024-09-25,NOK,11.684
2024-09-25,NZD,1.7725
2024-09-25,PHP,62.609
2024-09-25,PLN,4.2643
2024-09-25,RON,4.976
2024-09-25,SEK,11.311
2024-09-25,SGD,1.4378
2024-09-25,THB,36.599
2024-09-25,TRY,38.209
2024-09-25,USD,1.1194
2024-09-25,ZAR,19.1932
2024-09-26,AUD,1.6217
2024-09-26,BGN,1.9558
2024-09-26,BRL,6.0372
2024-09-26,CAD,1.5025
2024-09-26,CHF,0.9452
2024-09-26,CNY,7.8213
2024-09-26,CZK,25.159
2024-09-26,DKK,7.4572
2024-09-26,GBP,0.83428
2024-09-26,HKD,8.6773
2024-09-26,HUF,395.95
2024-09-26,IDR,16878.63
2024-09-26,ILS,4.1132
2024-09-26,INR,93.297
2024-09-26,ISK,150.5
2024-09-26,JPY,160.78
2024-09-26,KRW,1478.62
2024-09-26,MXN,21.8299
2024-09-26,MYR,4.6237
2024-09-26,NOK,11.7865
2024-09-26,NZD,1.7691
2024-09-26,PHP,62.423
2024-09-26,PLN,4.271
2024-09-26,RON,4.9759
2024-09-26,SEK,11.3
2024-09-26,SGD,1.4328
2024-09-26,THB,36.215
2024-09-26,TRY,38.1022
2024-09-26,USD,1.1155
2024-09-26,ZAR,19.238
2024-09-27,AUD,1.618
2024-09-27,BGN,1.9558
2024-09-27,BRL,6.0668
2024-09-27,CAD,1.5036
2024-09-27,CHF,0.942
2024-09-27,CNY,7.823
2024-09-27,CZK,25.158
2024-09-27,DKK,7.457
2024-09-27,GBP,0.83338
2024-09-27,HKD,8.6737
2024-09-27,HUF,396.95
2024-09-27,IDR,16859.24
2024-09-27,ILS,4.1296
2024-09-27,INR,93.384
2024-09-27,ISK,150.7
2024-09-27,JPY,159.63
2024-09-27,KRW,1462.76
2024-09-27,MXN,21.8374
2024-09-27,MYR,4.6027
2024-09-27,NOK,11.7575
2024-09-27,NZD,1.7649
2024-09-27,PHP,62.591
2024-09-27,PLN,4.2738
2024-09-27,RON,4.9764
2024-09-27,SEK,11.273
2024-09-27,SGD,1.4305
2024-09-27,THB,36.135
2024-09-27,TRY,38.1336
2024-09-27,USD,1.1158
2024-09-27,ZAR,19.1092
2024-09-30,AUD,1.6166
2024-09-30,BGN,1.9558
2024-09-30,BRL,6.0504
2024-09-30,CAD,1.5133
2024-09-30,CHF,0.9439
2024-09-30,CNY,7.8511
2024-09-30,CZK,25.184
2024-09-30,DKK,7.456
2024-09-30,GBP,0.83543
2024-09-30,HKD,8.6933
2024-09-30,HUF,396.88
2024-09-30,IDR,16975.88
2024-09-30,ILS,4.1491
2024-09-30,INR,93.813
2024-09-30,ISK,150.7
2024-09-30,JPY,159.82
2024-09-30,KRW,1469.11
2024-09-30,MXN,21.9842
2024-09-30,MYR,4.6167
2024-09-30,NOK,11.7645
2024-09-30,NZD,1.7616
2024-09-30,PHP,62.74
2024-09-30,PLN,4.2788
2024-09-30,RON,4.9753
2024-09-30,SEK,11.3
2024-09-30,SGD,1.4342
2024-09-30,THB,36.107
2024-09-30,TRY,38.2693
2024-09-30,USD,1.1196
2024-09-30,ZAR,19.2258
2024-10-01,AUD,1.604
2024-10-01,BGN,1.9558
2024-10-01,BRL,6.0377
2024-10-01,CAD,1.4986
2024-10-01,CHF,0.9394
2024-10-01,CNY,7.7807
2024-10-01,CZK,25.272
2024-10-01,DKK,7.4578
2024-10-01,GBP,0.83193
2024-10-01,HKD,8.6181
2024-10-01,HUF,397.83
2024-10-01,IDR,16847.95
2024-10-01,ILS,4.1262
2024-10-01,INR,92.931
2024-10-01,ISK,149.9
2024-10-01,JPY,159.37
2024-10-01,KRW,1463.99
2024-10-01,MXN,21.8444
2024-10-01,MYR,4.6168
2024-10-01,NOK,11.7305
2024-10-01,NZD,1.7548
2024-10-01,PHP,62.287
2024-10-01,PLN,4.2853
2024-10-01,RON,4.9759
2024-10-01,SEK,11.3145
2024-10-01,SGD,1.4268
2024-10-01,THB,36.124
2024-10-01,TRY,37.9185
2024-10-01,USD,1.1086
2024-10-01,ZAR,19.1585
2024-10-02,AUD,1.6048
2024-10-02,BGN,1.9558
2024-10-02,BRL,5.9961
2024-10-02,CAD,1.4932
2024-10-02,CHF,0.9388
2024-10-02,CNY,7.7702
2024-10-02,CZK,25.316
2024-10-02,DKK,7.4593
2024-10-02,GBP,0.83288
2024-10-02,HKD,8.5947
2024-10-02,HUF,399.53
2024-10-02,IDR,16913.83
2024-10-02,ILS,4.1917
2024-10-02,INR,92.979
2024-10-02,ISK,149.9
2024-10-02,JPY,160.26
2024-10-02,KRW,1462.53
2024-10-02,MXN,21.6083
2024-10-02,MYR,4.6205
2024-10-02,NOK,11.6735
2024-10-02,NZD,1.7614
2024-10-02,PHP,62.186
2024-10-02,PLN,4.295
2024-10-02,RON,4.9763
2024-10-02,SEK,11.3495
2024-10-02,SGD,1.4266
2024-10-02,THB,36.296
2024-10-02,TRY,37.8927
2024-10-02,USD,1.1071
2024-10-02,ZAR,19.2605
2024-10-03,AUD,1.6124
2024-10-03,BGN,1.9558
2024-10-03,BRL,6.0304
2024-10-03,CAD,1.4945
2024-10-03,CHF,0.9387
2024-10-03,CNY,7.7477
2024-10-03,CZK,25.357
2024-10-03,DKK,7.4595
2024-10-03,GBP,0.84258
2024-10-03,HKD,8.5734
2024-10-03,HUF,401.43
2024-10-03,IDR,17075.07
2024-10-03,ILS,4.1859
2024-10-03,INR,92.723
2024-10-03,ISK,149.3
2024-10-03,JPY,161.98
2024-10-03,KRW,1472.89
2024-10-03,MXN,21.5389
2024-10-03,MYR,4.6601
2024-10-03,NOK,11.7195
2024-10-03,NZD,1.7749
2024-10-03,PHP,62.315
2024-10-03,PLN,4.3058
2024-10-03,RON,4.9766
2024-10-03,SEK,11.361
2024-10-03,SGD,1.4315
2024-10-03,THB,36.567
2024-10-03,TRY,37.7045
2024-10-03,USD,1.1039
2024-10-03,ZAR,19.3017
2024-10-04,AUD,1.6121
2024-10-04,BGN,1.9558
2024-10-04,BRL,6.057
2024-10-04,CAD,1.4952
2024-10-04,CHF,0.9394
2024-10-04,CNY,7.7407
2024-10-04,CZK,25.347
2024-10-04,DKK,7.4579
2024-10-04,GBP,0.83735
2024-10-04,HKD,8.5629
2024-10-04,HUF,401.33
2024-10-04,IDR,17164.54
2024-10-04,ILS,4.2022
2024-10-04,INR,92.6095
2024-10-04,ISK,149.1
2024-10-04,JPY,161.69
2024-10-04,KRW,1478.24
2024-10-04,MXN,21.2688
2024-10-04,MYR,4.6542
2024-10-04,NOK,11.6845
2024-10-04,NZD,1.7779
2024-10-04,PHP,62.126
2024-10-04,PLN,4.3145
2024-10-04,RON,4.9769
2024-10-04,SEK,11.3375
2024-10-04,SGD,1.4314
2024-10-04,THB,36.484
2024-10-04,TRY,37.7762
2024-10-04,USD,1.1029
2024-10-04,ZAR,19.2809
2024-10-07,AUD,1.6155
2024-10-07,BGN,1.9558
2024-10-07,BRL,5.972
2024-10-07,CAD,1.4914
2024-10-07,CHF,0.9388
2024-10-07,CNY,7.7077
2024-10-07,CZK,25.346
2024-10-07,DKK,7.4572
2024-10-07,GBP,0.83918
2024-10-07,HKD,8.5291
2024-10-07,HUF,402.08
2024-10-07,IDR,17260.41
2024-10-07,ILS,4.1583
2024-10-07,INR,92.2458
2024-10-07,ISK,148.5
2024-10-07,JPY,162.63
2024-10-07,KRW,1476.12
2024-10-07,MXN,21.2234
2024-10-07,MYR,4.7036
2024-10-07,NOK,11.656
2024-10-07,NZD,1.7847
2024-10-07,PHP,62.519
2024-10-07,PLN,4.3215
2024-10-07,RON,4.9778
2024-10-07,SEK,11.366
2024-10-07,SGD,1.4304
2024-10-07,THB,36.669
2024-10-07,TRY,37.6174
2024-10-07,USD,1.0982
2024-10-07,ZAR,19.0978
2024-10-08,AUD,1.6293
2024-10-08,BGN,1.9558
2024-10-08,BRL,6.0528
2024-10-08,CAD,1.4981
2024-10-08,CHF,0.941
2024-10-08,CNY,7.7449
2024-10-08,CZK,25.313
2024-10-08,DKK,7.4579
2024-10-08,GBP,0.83778
2024-10-08,HKD,8.537
2024-10-08,HUF,400.55
2024-10-08,IDR,17183.1
2024-10-08,ILS,4.1473
2024-10-08,INR,92.2065
2024-10-08,ISK,148.5
2024-10-08,JPY,162.49
2024-10-08,KRW,1478.22
2024-10-08,MXN,21.1383
2024-10-08,MYR,4.7074
2024-10-08,NOK,11.687
2024-10-08,NZD,1.7933
2024-10-08,PHP,62.392
2024-10-08,PLN,4.3083
2024-10-08,RON,4.9773
2024-10-08,SEK,11.349
2024-10-08,SGD,1.4307
2024-10-08,THB,36.724
2024-10-08,TRY,37.6381
2024-10-08,USD,1.0982
2024-10-08,ZAR,19.1784
2024-10-09,AUD,1.6283
2024-10-09,BGN,1.9558
2024-10-09,BRL,6.0743
2024-10-09,CAD,1.4985
2024-10-09,CHF,0.9397
2024-10-09,CNY,7.7435
2024-10-09,CZK,25.348
2024-10-09,DKK,7.4586
2024-10-09,GBP,0.8374
2024-10-09,HKD,8.5176
2024-10-09,HUF,399.9
2024-10-09,IDR,17130.12
2024-10-09,ILS,4.1205
2024-10-09,INR,91.9995
2024-10-09,ISK,148.7
2024-10-09,JPY,162.97
2024-10-09,KRW,1473.03
2024-10-09,MXN,21.1916
2024-10-09,MYR,4.6923
2024-10-09,NOK,11.786
2024-10-09,NZD,1.8038
2024-10-09,PHP,62.41
2024-10-09,PLN,4.2978
2024-10-09,RON,4.9759
2024-10-09,SEK,11.362
2024-10-09,SGD,1.4294
2024-10-09,THB,36.651
2024-10-09,TRY,37.5237
2024-10-09,USD,1.0957
2024-10-09,ZAR,19.3282
2024-10-10,AUD,1.6276
2024-10-10,BGN,1.9558
2024-10-10,BRL,6.1061
2024-10-10,CAD,1.5031
2024-10-10,CHF,0.9393
2024-10-10,CNY,7.7376
2024-10-10,CZK,25.317
2024-10-10,DKK,7.4592
2024-10-10,GBP,0.83686
2024-10-10,HKD,8.496
2024-10-10,HUF,400.4
2024-10-10,IDR,17165.59
2024-10-10,ILS,4.1238
2024-10-10,INR,91.7985
2024-10-10,ISK,148.5
2024-10-10,JPY,162.85
2024-10-10,KRW,1477.51
2024-10-10,MXN,21.2788
2024-10-10,MYR,4.6915
2024-10-10,NOK,11.792
2024-10-10,NZD,1.7998
2024-10-10,PHP,62.762
2024-10-10,PLN,4.3048
2024-10-10,RON,4.9756
2024-10-10,SEK,11.3655
2024-10-10,SGD,1.43
2024-10-10,THB,36.721
2024-10-10,TRY,37.4017
2024-10-10,USD,1.0932
2024-10-10,ZAR,19.2391
2024-10-11,AUD,1.6233
2024-10-11,BGN,1.9558
2024-10-11,BRL,6.0886
2024-10-11,CAD,1.5063
2024-10-11,CHF,0.9378
2024-10-11,CNY,7.7282
2024-10-11,CZK,25.293
2024-10-11,DKK,7.461
2024-10-11,GBP,0.83705
2024-10-11,HKD,8.5001
2024-10-11,HUF,400.85
2024-10-11,IDR,17043.21
2024-10-11,ILS,4.1103
2024-10-11,INR,91.9575
2024-10-11,ISK,149.1
2024-10-11,JPY,162.94
2024-10-11,KRW,1477.64
2024-10-11,MXN,21.2356
2024-10-11,MYR,4.6897
2024-10-11,NOK,11.7393
2024-10-11,NZD,1.7941
2024-10-11,PHP,62.613
2024-10-11,PLN,4.2898
2024-10-11,RON,4.9749
2024-10-11,SEK,11.354
2024-10-11,SGD,1.4283
2024-10-11,THB,36.445
2024-10-11,TRY,37.4975
2024-10-11,USD,1.0938
2024-10-11,ZAR,19.1041
2024-10-14,AUD,1.6248
2024-10-14,BGN,1.9558
2024-10-14,BRL,6.1443
2024-10-14,CAD,1.5047
2024-10-14,CHF,0.9409
2024-10-14,CNY,7.7332
2024-10-14,CZK,25.263
2024-10-14,DKK,7.4613
2024-10-14,GBP,0.83665
2024-10-14,HKD,8.4718
2024-10-14,HUF,400.78
2024-10-14,IDR,17019.81
2024-10-14,ILS,4.1029
2024-10-14,INR,91.729
2024-10-14,ISK,149.3
2024-10-14,JPY,163.39
2024-10-14,KRW,1484.03
2024-10-14,MXN,21.0353
2024-10-14,MYR,4.688
2024-10-14,NOK,11.7465
2024-10-14,NZD,1.7948
2024-10-14,PHP,62.767
2024-10-14,PLN,4.2893
2024-10-14,RON,4.9743
2024-10-14,SEK,11.3735
2024-10-14,SGD,1.4277
2024-10-14,THB,36.303
2024-10-14,TRY,37.4118
2024-10-14,USD,1.0915
2024-10-14,ZAR,19.1618
2024-10-15,AUD,1.6236
2024-10-15,BGN,1.9558
2024-10-15,BRL,6.0949
2024-10-15,CAD,1.5063
2024-10-15,CHF,0.9401
2024-10-15,CNY,7.7574
2024-10-15,CZK,25.242
2024-10-15,DKK,7.461
2024-10-15,GBP,0.83355
2024-10-15,HKD,8.469
2024-10-15,HUF,400.48
2024-10-15,IDR,16927.02
2024-10-15,ILS,4.0905
2024-10-15,INR,91.622
2024-10-15,ISK,149.3
2024-10-15,JPY,162.85
2024-10-15,KRW,1482.73
2024-10-15,MXN,21.2097
2024-10-15,MYR,4.6986
2024-10-15,NOK,11.766
2024-10-15,NZD,1.7902
2024-10-15,PHP,63.068
2024-10-15,PLN,4.2938
2024-10-15,RON,4.9758
2024-10-15,SEK,11.301
2024-10-15,SGD,1.4271
2024-10-15,THB,36.345
2024-10-15,TRY,37.3517
2024-10-15,USD,1.0903
2024-10-15,ZAR,19.1651
2024-10-16,AUD,1.6291
2024-10-16,BGN,1.9558
2024-10-16,BRL,6.1432
2024-10-16,CAD,1.5013
2024-10-16,CHF,0.9397
2024-10-16,CNY,7.7511
2024-10-16,CZK,25.296
2024-10-16,DKK,7.461
2024-10-16,GBP,0.83605
2024-10-16,HKD,8.4676
2024-10-16,HUF,401
2024-10-16,IDR,16919.28
2024-10-16,ILS,4.1013
2024-10-16,INR,91.55
2024-10-16,ISK,149.5
2024-10-16,JPY,162.57
2024-10-16,KRW,1483.1
2024-10-16,MXN,21.4791
2024-10-16,MYR,4.6803
2024-10-16,NOK,11.8015
2024-10-16,NZD,1.7924
2024-10-16,PHP,62.947
2024-10-16,PLN,4.3
2024-10-16,RON,4.9761
2024-10-16,SEK,11.346
2024-10-16,SGD,1.4264
2024-10-16,THB,36.102
2024-10-16,TRY,37.2788
2024-10-16,USD,1.0897
2024-10-16,ZAR,19.1283
2024-10-17,AUD,1.6228
2024-10-17,BGN,1.9558
2024-10-17,BRL,6.1749
2024-10-17,CAD,1.4975
2024-10-17,CHF,0.938
2024-10-17,CNY,7.7385
2024-10-17,CZK,25.256
2024-10-17,DKK,7.4605
2024-10-17,GBP,0.83455
2024-10-17,HKD,8.4477
2024-10-17,HUF,399.73
2024-10-17,IDR,16853.38
2024-10-17,ILS,4.0823
2024-10-17,INR,91.324
2024-10-17,ISK,149.1
2024-10-17,JPY,162.5
2024-10-17,KRW,1488.83
2024-10-17,MXN,21.7135
2024-10-17,MYR,4.6832
2024-10-17,NOK,11.8735
2024-10-17,NZD,1.7903
2024-10-17,PHP,62.854
2024-10-17,PLN,4.3113
2024-10-17,RON,4.9738
2024-10-17,SEK,11.418
2024-10-17,SGD,1.4261
2024-10-17,THB,36.051
2024-10-17,TRY,37.117
2024-10-17,USD,1.0866
2024-10-17,ZAR,19.2606
2024-10-18,AUD,1.6165
2024-10-18,BGN,1.9558
2024-10-18,BRL,6.1328
2024-10-18,CAD,1.496
2024-10-18,CHF,0.9401
2024-10-18,CNY,7.7065
2024-10-18,CZK,25.229
2024-10-18,DKK,7.4576
2024-10-18,GBP,0.83165
2024-10-18,HKD,8.427
2024-10-18,HUF,400.05
2024-10-18,IDR,16803.96
2024-10-18,ILS,4.0226
2024-10-18,INR,91.198
2024-10-18,ISK,149.1
2024-10-18,JPY,162.75
2024-10-18,KRW,1488.05
2024-10-18,MXN,21.4076
2024-10-18,MYR,4.6691
2024-10-18,NOK,11.8115
2024-10-18,NZD,1.7865
2024-10-18,PHP,62.359
2024-10-18,PLN,4.3085
2024-10-18,RON,4.9733
2024-10-18,SEK,11.4205
2024-10-18,SGD,1.4235
2024-10-18,THB,35.996
2024-10-18,TRY,37.197
2024-10-18,USD,1.0847
2024-10-18,ZAR,19.0769
2024-10-21,AUD,1.623
2024-10-21,BGN,1.9558
2024-10-21,BRL,6.1953
2024-10-21,CAD,1.4998
2024-10-21,CHF,0.938
2024-10-21,CNY,7.7198
2024-10-21,CZK,25.268
2024-10-21,DKK,7.4587
2024-10-21,GBP,0.83315
2024-10-21,HKD,8.4351
2024-10-21,HUF,401.6
2024-10-21,IDR,16816.56
2024-10-21,ILS,4.0948
2024-10-21,INR,91.244
2024-10-21,ISK,149.3
2024-10-21,JPY,162.79
2024-10-21,KRW,1495.73
2024-10-21,MXN,21.6539
2024-10-21,MYR,4.6744
2024-10-21,NOK,11.838
2024-10-21,NZD,1.792
2024-10-21,PHP,62.527
2024-10-21,PLN,4.3175
2024-10-21,RON,4.9728
2024-10-21,SEK,11.4275
2024-10-21,SGD,1.4246
2024-10-21,THB,36.309
2024-10-21,TRY,37.1763
2024-10-21,USD,1.0853
2024-10-21,ZAR,19.1176
2024-10-22,AUD,1.6177
2024-10-22,BGN,1.9558
2024-10-22,BRL,6.1636
2024-10-22,CAD,1.4964
2024-10-22,CHF,0.9365
2024-10-22,CNY,7.7052
2024-10-22,CZK,25.252
2024-10-22,DKK,7.4576
2024-10-22,GBP,0.8334
2024-10-22,HKD,8.411
2024-10-22,HUF,400.03
2024-10-22,IDR,16843.32
2024-10-22,ILS,4.0871
2024-10-22,INR,90.971
2024-10-22,ISK,149.3
2024-10-22,JPY,163.22
2024-10-22,KRW,1491.66
2024-10-22,MXN,21.5202
2024-10-22,MYR,4.6833
2024-10-22,NOK,11.823
2024-10-22,NZD,1.787
2024-10-22,PHP,62.58
2024-10-22,PLN,4.317
2024-10-22,RON,4.9737
2024-10-22,SEK,11.4005
2024-10-22,SGD,1.4231
2024-10-22,THB,36.229
2024-10-22,TRY,37.0599
2024-10-22,USD,1.0821
2024-10-22,ZAR,19.0184
2024-10-23,AUD,1.6233
2024-10-23,BGN,1.9558
2024-10-23,BRL,6.1583
2024-10-23,CAD,1.49
2024-10-23,CHF,0.934
2024-10-23,CNY,7.6759
2024-10-23,CZK,25.235
2024-10-23,DKK,7.4583
2024-10-23,GBP,0.83148
2024-10-23,HKD,8.3656
2024-10-23,HUF,401.83
2024-10-23,IDR,16872.7
2024-10-23,ILS,4.0845
2024-10-23,INR,90.537
2024-10-23,ISK,149.3
2024-10-23,JPY,164.66
2024-10-23,KRW,1491.54
2024-10-23,MXN,21.6115
2024-10-23,MYR,4.6836
2024-10-23,NOK,11.8525
2024-10-23,NZD,1.7918
2024-10-23,PHP,62.513
2024-10-23,PLN,4.3433
2024-10-23,RON,4.9737
2024-10-23,SEK,11.412
2024-10-23,SGD,1.4237
2024-10-23,THB,36.355
2024-10-23,TRY,36.925
2024-10-23,USD,1.0767
2024-10-23,ZAR,19.0355
2024-10-24,AUD,1.6234
2024-10-24,BGN,1.9558
2024-10-24,BRL,6.1487
2024-10-24,CAD,1.4922
2024-10-24,CHF,0.9349
2024-10-24,CNY,7.6848
2024-10-24,CZK,25.23
2024-10-24,DKK,7.4598
2024-10-24,GBP,0.8321
2024-10-24,HKD,8.3926
2024-10-24,HUF,402.93
2024-10-24,IDR,16827.69
2024-10-24,ILS,4.0804
2024-10-24,INR,90.796
2024-10-24,ISK,148.7
2024-10-24,JPY,164.12
2024-10-24,KRW,1489.82
2024-10-24,MXN,21.3667
2024-10-24,MYR,4.6963
2024-10-24,NOK,11.8155
2024-10-24,NZD,1.7914
2024-10-24,PHP,62.521
2024-10-24,PLN,4.3435
2024-10-24,RON,4.9728
2024-10-24,SEK,11.419
2024-10-24,SGD,1.4249
2024-10-24,THB,36.329
2024-10-24,TRY,36.9788
2024-10-24,USD,1.0801
2024-10-24,ZAR,19.09
2024-10-25,AUD,1.6311
2024-10-25,BGN,1.9558
2024-10-25,BRL,6.142
2024-10-25,CAD,1.4989
2024-10-25,CHF,0.9382
2024-10-25,CNY,7.7123
2024-10-25,CZK,25.25
2024-10-25,DKK,7.4609
2024-10-25,GBP,0.83358
2024-10-25,HKD,8.411
2024-10-25,HUF,404.68
2024-10-25,IDR,16978.9
2024-10-25,ILS,4.1062
2024-10-25,INR,91.027
2024-10-25,ISK,149.1
2024-10-25,JPY,164.45
2024-10-25,KRW,1504.09
2024-10-25,MXN,21.4408
2024-10-25,MYR,4.7024
2024-10-25,NOK,11.8195
2024-10-25,NZD,1.8025
2024-10-25,PHP,63.118
2024-10-25,PLN,4.3478
2024-10-25,RON,4.9733
2024-10-25,SEK,11.4475
2024-10-25,SGD,1.429
2024-10-25,THB,36.54
2024-10-25,TRY,37.118
2024-10-25,USD,1.0825
2024-10-25,ZAR,19.0627
2024-10-28,AUD,1.6372
2024-10-28,BGN,1.9558
2024-10-28,BRL,6.155
2024-10-28,CAD,1.503
2024-10-28,CHF,0.9367
2024-10-28,CNY,7.7099
2024-10-28,CZK,25.348
2024-10-28,DKK,7.4585
2024-10-28,GBP,0.8329
2024-10-28,HKD,8.4072
2024-10-28,HUF,404.83
2024-10-28,IDR,17016.01
2024-10-28,ILS,4.0327
2024-10-28,INR,90.958
2024-10-28,ISK,149.1
2024-10-28,JPY,165.18
2024-10-28,KRW,1496.45
2024-10-28,MXN,21.6223
2024-10-28,MYR,4.7177
2024-10-28,NOK,11.912
2024-10-28,NZD,1.8059
2024-10-28,PHP,62.969
2024-10-28,PLN,4.35
2024-10-28,RON,4.9738
2024-10-28,SEK,11.471
2024-10-28,SGD,1.4302
2024-10-28,THB,36.538
2024-10-28,TRY,37.1009
2024-10-28,USD,1.0818
2024-10-28,ZAR,19.1877
2024-10-29,AUD,1.6423
2024-10-29,BGN,1.9558
2024-10-29,BRL,6.1613
2024-10-29,CAD,1.4981
2024-10-29,CHF,0.9369
2024-10-29,CNY,7.6895
2024-10-29,CZK,25.372
2024-10-29,DKK,7.4588
2024-10-29,GBP,0.8302
2024-10-29,HKD,8.3716
2024-10-29,HUF,405.23
2024-10-29,IDR,16993.4
2024-10-29,ILS,4.0298
2024-10-29,INR,90.57
2024-10-29,ISK,148.7
2024-10-29,JPY,165.66
2024-10-29,KRW,1496.4
2024-10-29,MXN,21.5719
2024-10-29,MYR,4.7172
2024-10-29,NOK,11.8415
2024-10-29,NZD,1.8076
2024-10-29,PHP,62.857
2024-10-29,PLN,4.348
2024-10-29,RON,4.9749
2024-10-29,SEK,11.517
2024-10-29,SGD,1.4287
2024-10-29,THB,36.4
2024-10-29,TRY,36.9491
2024-10-29,USD,1.0774
2024-10-29,ZAR,19.1063
2024-10-30,AUD,1.646
2024-10-30,BGN,1.9558
2024-10-30,BRL,6.2564
2024-10-30,CAD,1.5072
2024-10-30,CHF,0.9393
2024-10-30,CNY,7.7054
2024-10-30,CZK,25.377
2024-10-30,DKK,7.4606
2024-10-30,GBP,0.83425
2024-10-30,HKD,8.405
2024-10-30,HUF,408.38
2024-10-30,IDR,16966.73
2024-10-30,ILS,4.0214
2024-10-30,INR,90.943
2024-10-30,ISK,148.5
2024-10-30,JPY,165.91
2024-10-30,KRW,1493.02
2024-10-30,MXN,21.8174
2024-10-30,MYR,4.7359
2024-10-30,NOK,11.8785
2024-10-30,NZD,1.8099
2024-10-30,PHP,63.01
2024-10-30,PLN,4.3463
2024-10-30,RON,4.9747
2024-10-30,SEK,11.566
2024-10-30,SGD,1.4329
2024-10-30,THB,36.522
2024-10-30,TRY,37.0855
2024-10-30,USD,1.0815
2024-10-30,ZAR,19.1535
2024-10-31,AUD,1.6559
2024-10-31,BGN,1.9558
2024-10-31,BRL,6.2635
2024-10-31,CAD,1.5134
2024-10-31,CHF,0.9412
2024-10-31,CNY,7.7436
2024-10-31,CZK,25.327
2024-10-31,DKK,7.4601
2024-10-31,GBP,0.83753
2024-10-31,HKD,8.4598
2024-10-31,HUF,408.28
2024-10-31,IDR,17105.85
2024-10-31,ILS,4.0441
2024-10-31,INR,91.493
2024-10-31,ISK,148.9
2024-10-31,JPY,166.3
2024-10-31,KRW,1500.05
2024-10-31,MXN,21.8087
2024-10-31,MYR,4.7652
2024-10-31,NOK,11.9385
2024-10-31,NZD,1.822
2024-10-31,PHP,63.364
2024-10-31,PLN,4.3508
2024-10-31,RON,4.9749
2024-10-31,SEK,11.6308
2024-10-31,SGD,1.4377
2024-10-31,THB,36.754
2024-10-31,TRY,37.268
2024-10-31,USD,1.0882
2024-10-31,ZAR,19.1869
2024-11-01,AUD,1.653
2024-11-01,BGN,1.9558
2024-11-01,BRL,6.2813
2024-11-01,CAD,1.5144
2024-11-01,CHF,0.9427
2024-11-01,CNY,7.7403
2024-11-01,CZK,25.33
2024-11-01,DKK,7.4562
2024-11-01,GBP,0.83998
2024-11-01,HKD,8.466
2024-11-01,HUF,407.75
2024-11-01,IDR,17132.28
2024-11-01,ILS,4.0681
2024-11-01,INR,91.4955
2024-11-01,ISK,149.1
2024-11-01,JPY,165.54
2024-11-01,KRW,1498.21
2024-11-01,MXN,21.7247
2024-11-01,MYR,4.766
2024-11-01,NOK,11.96
2024-11-01,NZD,1.8164
2024-11-01,PHP,63.525
2024-11-01,PLN,4.3543
2024-11-01,RON,4.9745
2024-11-01,SEK,11.6115
2024-11-01,SGD,1.4392
2024-11-01,THB,36.873
2024-11-01,TRY,37.3758
2024-11-01,USD,1.0885
2024-11-01,ZAR,19.1111
2024-11-04,AUD,1.6516
2024-11-04,BGN,1.9558
2024-11-04,BRL,6.3344
2024-11-04,CAD,1.5155
2024-11-04,CHF,0.941
2024-11-04,CNY,7.7363
2024-11-04,CZK,25.288
2024-11-04,DKK,7.4578
2024-11-04,GBP,0.84063
2024-11-04,HKD,8.4761
2024-11-04,HUF,407.83
2024-11-04,IDR,17190.86
2024-11-04,ILS,4.0879
2024-11-04,INR,91.718
2024-11-04,ISK,148.9
2024-11-04,JPY,165.47
2024-11-04,KRW,1497.97
2024-11-04,MXN,21.9187
2024-11-04,MYR,4.7678
2024-11-04,NOK,11.9465
2024-11-04,NZD,1.8196
2024-11-04,PHP,63.762
2024-11-04,PLN,4.3423
2024-11-04,RON,4.975
2024-11-04,SEK,11.6445
2024-11-04,SGD,1.4356
2024-11-04,THB,36.736
2024-11-04,TRY,37.4528
2024-11-04,USD,1.0904
2024-11-04,ZAR,19.1248
2024-11-05,AUD,1.6452
2024-11-05,BGN,1.9558
2024-11-05,BRL,6.3039
2024-11-05,CAD,1.5128
2024-11-05,CHF,0.9402
2024-11-05,CNY,7.7405
2024-11-05,CZK,25.343
2024-11-05,DKK,7.4586
2024-11-05,GBP,0.8392
2024-11-05,HKD,8.4687
2024-11-05,HUF,409.25
2024-11-05,IDR,17180.21
2024-11-05,ILS,4.0828
2024-11-05,INR,91.6565
2024-11-05,ISK,148.9
2024-11-05,JPY,165.93
2024-11-05,KRW,1503.71
2024-11-05,MXN,21.9579
2024-11-05,MYR,4.7353
2024-11-05,NOK,11.96
2024-11-05,NZD,1.8169
2024-11-05,PHP,63.553
2024-11-05,PLN,4.358
2024-11-05,RON,4.9756
2024-11-05,SEK,11.6665
2024-11-05,SGD,1.4351
2024-11-05,THB,36.652
2024-11-05,TRY,37.4292
2024-11-05,USD,1.0897
2024-11-05,ZAR,19.0277
2024-11-06,AUD,1.6301
2024-11-06,BGN,1.9558
2024-11-06,BRL,6.2127
2024-11-06,CAD,1.4893
2024-11-06,CHF,0.9368
2024-11-06,CNY,7.6779
2024-11-06,CZK,25.339
2024-11-06,DKK,7.457
2024-11-06,GBP,0.83223
2024-11-06,HKD,8.3167
2024-11-06,HUF,410.08
2024-11-06,IDR,16976.6
2024-11-06,ILS,4.0115
2024-11-06,INR,90.181
2024-11-06,ISK,148.3
2024-11-06,JPY,165.05
2024-11-06,KRW,1500.9
2024-11-06,MXN,22.0755
2024-11-06,MYR,4.7095
2024-11-06,NOK,11.909
2024-11-06,NZD,1.7997
2024-11-06,PHP,62.949
2024-11-06,PLN,4.3493
2024-11-06,RON,4.9755
2024-11-06,SEK,11.6515
2024-11-06,SGD,1.4281
2024-11-06,THB,36.705
2024-11-06,TRY,36.6357
2024-11-06,USD,1.0695
2024-11-06,ZAR,18.9842
2024-11-07,AUD,1.6196
2024-11-07,BGN,1.9558
2024-11-07,BRL,6.0988
2024-11-07,CAD,1.496
2024-11-07,CHF,0.9432
2024-11-07,CNY,7.7159
2024-11-07,CZK,25.262
2024-11-07,DKK,7.4574
2024-11-07,GBP,0.83185
2024-11-07,HKD,8.3818
2024-11-07,HUF,404.58
2024-11-07,IDR,16889.15
2024-11-07,ILS,4.0094
2024-11-07,INR,90.9355
2024-11-07,ISK,148.3
2024-11-07,JPY,165.71
2024-11-07,KRW,1495.78
2024-11-07,MXN,21.3897
2024-11-07,MYR,4.7492
2024-11-07,NOK,11.7485
2024-11-07,NZD,1.7932
2024-11-07,PHP,63.1
2024-11-07,PLN,4.3253
2024-11-07,RON,4.9759
2024-11-07,SEK,11.599
2024-11-07,SGD,1.4258
2024-11-07,THB,36.798
2024-11-07,TRY,36.9319
2024-11-07,USD,1.0785
2024-11-07,ZAR,18.7328
2024-11-08,AUD,1.6259
2024-11-08,BGN,1.9558
2024-11-08,BRL,6.2034
2024-11-08,CAD,1.4983
2024-11-08,CHF,0.9393
2024-11-08,CNY,7.7233
2024-11-08,CZK,25.208
2024-11-08,DKK,7.4573
2024-11-08,GBP,0.83188
2024-11-08,HKD,8.3745
2024-11-08,HUF,406.68
2024-11-08,IDR,16801.68
2024-11-08,ILS,4.024
2024-11-08,INR,90.89
2024-11-08,ISK,148.7
2024-11-08,JPY,164.18
2024-11-08,KRW,1495.41
2024-11-08,MXN,21.5349
2024-11-08,MYR,4.7208
2024-11-08,NOK,11.7735
2024-11-08,NZD,1.797
2024-11-08,PHP,62.85
2024-11-08,PLN,4.3255
2024-11-08,RON,4.9748
2024-11-08,SEK,11.59
2024-11-08,SGD,1.4251
2024-11-08,THB,36.695
2024-11-08,TRY,37.0104
2024-11-08,USD,1.0772
2024-11-08,ZAR,18.8777
2024-11-11,AUD,1.6186
2024-11-11,BGN,1.9558
2024-11-11,BRL,6.1877
2024-11-11,CAD,1.4848
2024-11-11,CHF,0.9369
2024-11-11,CNY,7.6719
2024-11-11,CZK,25.339
2024-11-11,DKK,7.4574
2024-11-11,GBP,0.8268
2024-11-11,HKD,8.2812
2024-11-11,HUF,409.63
2024-11-11,IDR,16750.08
2024-11-11,ILS,3.9832
2024-11-11,INR,89.8935
2024-11-11,ISK,148.3
2024-11-11,JPY,163.82
2024-11-11,KRW,1489.97
2024-11-11,MXN,21.8559
2024-11-11,MYR,4.6971
2024-11-11,NOK,11.7865
2024-11-11,NZD,1.7857
2024-11-11,PHP,62.461
2024-11-11,PLN,4.344
2024-11-11,RON,4.9749
2024-11-11,SEK,11.592
2024-11-11,SGD,1.4197
2024-11-11,THB,36.703
2024-11-11,TRY,36.567
2024-11-11,USD,1.0651
2024-11-11,ZAR,19.0171
2024-11-12,AUD,1.6206
2024-11-12,BGN,1.9558
2024-11-12,BRL,6.1131
2024-11-12,CAD,1.4799
2024-11-12,CHF,0.9354
2024-11-12,CNY,7.6781
2024-11-12,CZK,25.39
2024-11-12,DKK,7.4591
2024-11-12,GBP,0.82835
2024-11-12,HKD,8.2586
2024-11-12,HUF,410.7
2024-11-12,IDR,16770.14
2024-11-12,ILS,3.982
2024-11-12,INR,89.5888
2024-11-12,ISK,147.9
2024-11-12,JPY,163.71
2024-11-12,KRW,1492.15
2024-11-12,MXN,21.6428
2024-11-12,MYR,4.7139
2024-11-12,NOK,11.7385
2024-11-12,NZD,1.7848
2024-11-12,PHP,62.273
2024-11-12,PLN,4.3503
2024-11-12,RON,4.9763
2024-11-12,SEK,11.542
2024-11-12,SGD,1.4204
2024-11-12,THB,36.942
2024-11-12,TRY,36.5039
2024-11-12,USD,1.0617
2024-11-12,ZAR,19.1584
2024-11-13,AUD,1.6299
2024-11-13,BGN,1.9558
2024-11-13,BRL,6.1031
2024-11-13,CAD,1.484
2024-11-13,CHF,0.9379
2024-11-13,CNY,7.6626
2024-11-13,CZK,25.295
2024-11-13,DKK,7.4598
2024-11-13,GBP,0.83413
2024-11-13,HKD,8.2682
2024-11-13,HUF,408.7
2024-11-13,IDR,16716.39
2024-11-13,ILS,3.9774
2024-11-13,INR,89.6915
2024-11-13,ISK,147.9
2024-11-13,JPY,164.71
2024-11-13,KRW,1487.4
2024-11-13,MXN,21.7942
2024-11-13,MYR,4.7278
2024-11-13,NOK,11.7645
2024-11-13,NZD,1.7941
2024-11-13,PHP,62.327
2024-11-13,PLN,4.3425
2024-11-13,RON,4.9764
2024-11-13,SEK,11.5895
2024-11-13,SGD,1.4214
2024-11-13,THB,36.861
2024-11-13,TRY,36.5216
2024-11-13,USD,1.0629
2024-11-13,ZAR,19.1406
2024-11-14,AUD,1.6285
2024-11-14,BGN,1.9558
2024-11-14,BRL,6.1122
2024-11-14,CAD,1.4759
2024-11-14,CHF,0.9369
2024-11-14,CNY,7.6267
2024-11-14,CZK,25.305
2024-11-14,DKK,7.4593
2024-11-14,GBP,0.83158
2024-11-14,HKD,8.1975
2024-11-14,HUF,407.05
2024-11-14,IDR,16803.82
2024-11-14,ILS,3.9374
2024-11-14,INR,88.9645
2024-11-14,ISK,146.3
2024-11-14,JPY,164.24
2024-11-14,KRW,1478.78
2024-11-14,MXN,21.7209
2024-11-14,MYR,4.7193
2024-11-14,NOK,11.759
2024-11-14,NZD,1.7958
2024-11-14,PHP,61.972
2024-11-14,PLN,4.3383
2024-11-14,RON,4.9764
2024-11-14,SEK,11.603
2024-11-14,SGD,1.4175
2024-11-14,THB,36.887
2024-11-14,TRY,36.1969
2024-11-14,USD,1.0533
2024-11-14,ZAR,19.3136
2024-11-15,AUD,1.6345
2024-11-15,BGN,1.9558
2024-11-15,BRL,6.1335
2024-11-15,CAD,1.4861
2024-11-15,CHF,0.9389
2024-11-15,CNY,7.6492
2024-11-15,CZK,25.286
2024-11-15,DKK,7.459
2024-11-15,GBP,0.83455
2024-11-15,HKD,8.2385
2024-11-15,HUF,407.23
2024-11-15,IDR,16810
2024-11-15,ILS,3.9586
2024-11-15,INR,89.3465
2024-11-15,ISK,145.7
2024-11-15,JPY,164.36
2024-11-15,KRW,1476.23
2024-11-15,MXN,21.5697
2024-11-15,MYR,4.7311
2024-11-15,NOK,11.699
2024-11-15,NZD,1.8015
2024-11-15,PHP,62.162
2024-11-15,PLN,4.32
2024-11-15,RON,4.9768
2024-11-15,SEK,11.5905
2024-11-15,SGD,1.4187
2024-11-15,THB,36.861
2024-11-15,TRY,36.4294
2024-11-15,USD,1.0583
2024-11-15,ZAR,19.2353
2024-11-18,AUD,1.6352
2024-11-18,BGN,1.9558
2024-11-18,BRL,6.103
2024-11-18,CAD,1.4873
2024-11-18,CHF,0.9364
2024-11-18,CNY,7.6442
2024-11-18,CZK,25.282
2024-11-18,DKK,7.4591
2024-11-18,GBP,0.8356
2024-11-18,HKD,8.214
2024-11-18,HUF,408.7
2024-11-18,IDR,16732.73
2024-11-18,ILS,3.9468
2024-11-18,INR,89.0765
2024-11-18,ISK,144.3
2024-11-18,JPY,163.74
2024-11-18,KRW,1474.49
2024-11-18,MXN,21.5023
2024-11-18,MYR,4.7278
2024-11-18,NOK,11.717
2024-11-18,NZD,1.8062
2024-11-18,PHP,61.929
2024-11-18,PLN,4.3278
2024-11-18,RON,4.9765
2024-11-18,SEK,11.6
2024-11-18,SGD,1.4186
2024-11-18,THB,36.758
2024-11-18,TRY,36.4467
2024-11-18,USD,1.0552
2024-11-18,ZAR,19.0768
2024-11-19,AUD,1.6264
2024-11-19,BGN,1.9558
2024-11-19,BRL,6.1212
2024-11-19,CAD,1.4833
2024-11-19,CHF,0.9329
2024-11-19,CNY,7.6578
2024-11-19,CZK,25.284
2024-11-19,DKK,7.4591
2024-11-19,GBP,0.83638
2024-11-19,HKD,8.2335
2024-11-19,HUF,407.45
2024-11-19,IDR,16759.52
2024-11-19,ILS,3.9611
2024-11-19,INR,89.2935
2024-11-19,ISK,145.3
2024-11-19,JPY,162.71
2024-11-19,KRW,1472.84
2024-11-19,MXN,21.4956
2024-11-19,MYR,4.7315
2024-11-19,NOK,11.6595
2024-11-19,NZD,1.7949
2024-11-19,PHP,62.314
2024-11-19,PLN,4.3303
2024-11-19,RON,4.9769
2024-11-19,SEK,11.584
2024-11-19,SGD,1.4163
2024-11-19,THB,36.521
2024-11-19,TRY,36.5558
2024-11-19,USD,1.0578
2024-11-19,ZAR,19.097
2024-11-20,AUD,1.6225
2024-11-20,BGN,1.9558
2024-11-20,BRL,6.0975
2024-11-20,CAD,1.4767
2024-11-20,CHF,0.9342
2024-11-20,CNY,7.6528
2024-11-20,CZK,25.286
2024-11-20,DKK,7.4592
2024-11-20,GBP,0.8338
2024-11-20,HKD,8.2208
2024-11-20,HUF,409.6
2024-11-20,IDR,16790.04
2024-11-20,ILS,3.9413
2024-11-20,INR,89.1025
2024-11-20,ISK,145.5
2024-11-20,JPY,164.42
2024-11-20,KRW,1474.4
2024-11-20,MXN,21.3036
2024-11-20,MYR,4.7228
2024-11-20,NOK,11.644
2024-11-20,NZD,1.7947
2024-11-20,PHP,62.282
2024-11-20,PLN,4.3308
2024-11-20,RON,4.9765
2024-11-20,SEK,11.605
2024-11-20,SGD,1.4173
2024-11-20,THB,36.581
2024-11-20,TRY,36.4025
2024-11-20,USD,1.0562
2024-11-20,ZAR,19.1266
2024-11-21,AUD,1.6141
2024-11-21,BGN,1.9558
2024-11-21,BRL,6.1277
2024-11-21,CAD,1.47
2024-11-21,CHF,0.9294
2024-11-21,CNY,7.6204
2024-11-21,CZK,25.346
2024-11-21,DKK,7.4588
2024-11-21,GBP,0.83273
2024-11-21,HKD,8.1921
2024-11-21,HUF,410.5
2024-11-21,IDR,16732.97
2024-11-21,ILS,3.9291
2024-11-21,INR,88.9158
2024-11-21,ISK,145.9
2024-11-21,JPY,162.53
2024-11-21,KRW,1471.6
2024-11-21,MXN,21.4444
2024-11-21,MYR,4.6999
2024-11-21,NOK,11.62
2024-11-21,NZD,1.7924
2024-11-21,PHP,62.116
2024-11-21,PLN,4.3418
2024-11-21,RON,4.977
2024-11-21,SEK,11.607
2024-11-21,SGD,1.4144
2024-11-21,THB,36.467
2024-11-21,TRY,36.2958
2024-11-21,USD,1.0526
2024-11-21,ZAR,19.0284
2024-11-22,AUD,1.6018
2024-11-22,BGN,1.9558
2024-11-22,BRL,6.0483
2024-11-22,CAD,1.4561
2024-11-22,CHF,0.9272
2024-11-22,CNY,7.5458
2024-11-22,CZK,25.358
2024-11-22,DKK,7.4577
2024-11-22,GBP,0.83205
2024-11-22,HKD,8.1052
2024-11-22,HUF,411.13
2024-11-22,IDR,16569.6
2024-11-22,ILS,3.8717
2024-11-22,INR,87.929
2024-11-22,ISK,145.7
2024-11-22,JPY,160.84
2024-11-22,KRW,1464.43
2024-11-22,MXN,21.2742
2024-11-22,MYR,4.6516
2024-11-22,NOK,11.568
2024-11-22,NZD,1.7824
2024-11-22,PHP,61.368
2024-11-22,PLN,4.3373
2024-11-22,RON,4.9767
2024-11-22,SEK,11.553
2024-11-22,SGD,1.4034
2024-11-22,THB,35.968
2024-11-22,TRY,35.9737
2024-11-22,USD,1.0412
2024-11-22,ZAR,18.7942
2024-11-25,AUD,1.6111
2024-11-25,BGN,1.9558
2024-11-25,BRL,6.0941
2024-11-25,CAD,1.4648
2024-11-25,CHF,0.9324
2024-11-25,CNY,7.6018
2024-11-25,CZK,25.295
2024-11-25,DKK,7.4586
2024-11-25,GBP,0.83465
2024-11-25,HKD,8.1659
2024-11-25,HUF,409.78
2024-11-25,IDR,16651.89
2024-11-25,ILS,3.8493
2024-11-25,INR,88.4595
2024-11-25,ISK,145.3
2024-11-25,JPY,161.64
2024-11-25,KRW,1469.87
2024-11-25,MXN,21.3301
2024-11-25,MYR,4.6724
2024-11-25,NOK,11.5865
2024-11-25,NZD,1.7926
2024-11-25,PHP,61.936
2024-11-25,PLN,4.3185
2024-11-25,RON,4.9767
2024-11-25,SEK,11.503
2024-11-25,SGD,1.4128
2024-11-25,THB,36.271
2024-11-25,TRY,36.302
2024-11-25,USD,1.0495
2024-11-25,ZAR,18.9592
2024-11-26,AUD,1.6191
2024-11-26,BGN,1.9558
2024-11-26,BRL,6.1005
2024-11-26,CAD,1.4833
2024-11-26,CHF,0.9314
2024-11-26,CNY,7.6265
2024-11-26,CZK,25.294
2024-11-26,DKK,7.4585
2024-11-26,GBP,0.8348
2024-11-26,HKD,8.187
2024-11-26,HUF,410.98
2024-11-26,IDR,16706.73
2024-11-26,ILS,3.8402
2024-11-26,INR,88.6999
2024-11-26,ISK,145.3
2024-11-26,JPY,161.13
2024-11-26,KRW,1468.29
2024-11-26,MXN,21.5593
2024-11-26,MYR,4.6902
2024-11-26,NOK,11.6815
2024-11-26,NZD,1.796
2024-11-26,PHP,62.04
2024-11-26,PLN,4.3105
2024-11-26,RON,4.9771
2024-11-26,SEK,11.523
2024-11-26,SGD,1.4153
2024-11-26,THB,36.411
2024-11-26,TRY,36.4491
2024-11-26,USD,1.0522
2024-11-26,ZAR,19.0331
2024-11-27,AUD,1.6247
2024-11-27,BGN,1.9558
2024-11-27,BRL,6.1293
2024-11-27,CAD,1.4807
2024-11-27,CHF,0.9309
2024-11-27,CNY,7.6347
2024-11-27,CZK,25.267
2024-11-27,DKK,7.4583
2024-11-27,GBP,0.834
2024-11-27,HKD,8.1949
2024-11-27,HUF,412.08
2024-11-27,IDR,16705.22
2024-11-27,ILS,3.8504
2024-11-27,INR,88.894
2024-11-27,ISK,144.7
2024-11-27,JPY,159.65
2024-11-27,KRW,1466.33
2024-11-27,MXN,21.8466
2024-11-27,MYR,4.6784
2024-11-27,NOK,11.69
2024-11-27,NZD,1.7893
2024-11-27,PHP,61.87
2024-11-27,PLN,4.312
2024-11-27,RON,4.9768
2024-11-27,SEK,11.529
2024-11-27,SGD,1.4147
2024-11-27,THB,36.327
2024-11-27,TRY,36.4981
2024-11-27,USD,1.0531
2024-11-27,ZAR,19.1091
2024-11-28,AUD,1.6228
2024-11-28,BGN,1.9558
2024-11-28,BRL,6.2891
2024-11-28,CAD,1.477
2024-11-28,CHF,0.9314
2024-11-28,CNY,7.6403
2024-11-28,CZK,25.271
2024-11-28,DKK,7.4577
2024-11-28,GBP,0.8323
2024-11-28,HKD,8.2046
2024-11-28,HUF,412.83
2024-11-28,IDR,16734.74
2024-11-28,ILS,3.8453
2024-11-28,INR,89.0495
2024-11-28,ISK,145.1
2024-11-28,JPY,159.89
2024-11-28,KRW,1472.29
2024-11-28,MXN,21.4419
2024-11-28,MYR,4.688
2024-11-28,NOK,11.664
2024-11-28,NZD,1.7912
2024-11-28,PHP,61.872
2024-11-28,PLN,4.31
2024-11-28,RON,4.9773
2024-11-28,SEK,11.5375
2024-11-28,SGD,1.4165
2024-11-28,THB,36.291
2024-11-28,TRY,36.4814
2024-11-28,USD,1.0542
2024-11-28,ZAR,19.136
2024-11-29,AUD,1.6245
2024-11-29,BGN,1.9558
2024-11-29,BRL,6.4361
2024-11-29,CAD,1.4796
2024-11-29,CHF,0.9309
2024-11-29,CNY,7.6484
2024-11-29,CZK,25.256
2024-11-29,DKK,7.4579
2024-11-29,GBP,0.83205
2024-11-29,HKD,8.2211
2024-11-29,HUF,411.75
2024-11-29,IDR,16753.81
2024-11-29,ILS,3.8411
2024-11-29,INR,89.3245
2024-11-29,ISK,145.7
2024-11-29,JPY,158.64
2024-11-29,KRW,1476.11
2024-11-29,MXN,21.537
2024-11-29,MYR,4.6948
2024-11-29,NOK,11.6805
2024-11-29,NZD,1.7873
2024-11-29,PHP,61.939
2024-11-29,PLN,4.296
2024-11-29,RON,4.9774
2024-11-29,SEK,11.518
2024-11-29,SGD,1.4159
2024-11-29,THB,36.217
2024-11-29,TRY,36.639
2024-11-29,USD,1.0562
2024-11-29,ZAR,19.0777
2024-12-02,AUD,1.6211
2024-12-02,BGN,1.9558
2024-12-02,BRL,6.3323
2024-12-02,CAD,1.4748
2024-12-02,CHF,0.9316
2024-12-02,CNY,7.6421
2024-12-02,CZK,25.266
2024-12-02,DKK,7.4583
2024-12-02,GBP,0.82898
2024-12-02,HKD,8.1753
2024-12-02,HUF,414.95
2024-12-02,IDR,16703.82
2024-12-02,ILS,3.8205
2024-12-02,INR,89.001
2024-12-02,ISK,145.9
2024-12-02,JPY,157.74
2024-12-02,KRW,1475.53
2024-12-02,MXN,21.5341
2024-12-02,MYR,4.6851
2024-12-02,NOK,11.659
2024-12-02,NZD,1.7842
2024-12-02,PHP,61.655
2024-12-02,PLN,4.2905
2024-12-02,RON,4.977
2024-12-02,SEK,11.527
2024-12-02,SGD,1.4138
2024-12-02,THB,36.207
2024-12-02,TRY,36.4772
2024-12-02,USD,1.0507
2024-12-02,ZAR,19.1038
2024-12-03,AUD,1.622
2024-12-03,BGN,1.9558
2024-12-03,BRL,6.382
2024-12-03,CAD,1.4753
2024-12-03,CHF,0.9309
2024-12-03,CNY,7.6589
2024-12-03,CZK,25.224
2024-12-03,DKK,7.4589
2024-12-03,GBP,0.83123
2024-12-03,HKD,8.1818
2024-12-03,HUF,414.65
2024-12-03,IDR,16749.14
2024-12-03,ILS,3.8202
2024-12-03,INR,89.017
2024-12-03,ISK,145.7
2024-12-03,JPY,157.3
2024-12-03,KRW,1474.9
2024-12-03,MXN,21.3906
2024-12-03,MYR,4.6989
2024-12-03,NOK,11.629
2024-12-03,NZD,1.7873
2024-12-03,PHP,61.584
2024-12-03,PLN,4.2973
2024-12-03,RON,4.9769
2024-12-03,SEK,11.5755
2024-12-03,SGD,1.414
2024-12-03,THB,36.182
2024-12-03,TRY,36.5294
2024-12-03,USD,1.0512
2024-12-03,ZAR,19.0304
2024-12-04,AUD,1.6384
2024-12-04,BGN,1.9558
2024-12-04,BRL,6.3472
2024-12-04,CAD,1.4755
2024-12-04,CHF,0.9305
2024-12-04,CNY,7.6285
2024-12-04,CZK,25.196
2024-12-04,DKK,7.4577
2024-12-04,GBP,0.8283
2024-12-04,HKD,8.167
2024-12-04,HUF,414.39
2024-12-04,IDR,16707.46
2024-12-04,ILS,3.7891
2024-12-04,INR,88.9315
2024-12-04,ISK,145.3
2024-12-04,JPY,158.59
2024-12-04,KRW,1487.28
2024-12-04,MXN,21.3067
2024-12-04,MYR,4.6716
2024-12-04,NOK,11.6205
2024-12-04,NZD,1.7987
2024-12-04,PHP,61.113
2024-12-04,PLN,4.2868
2024-12-04,RON,4.977
2024-12-04,SEK,11.548
2024-12-04,SGD,1.4135
2024-12-04,THB,36.04
2024-12-04,TRY,36.4667
2024-12-04,USD,1.0492
2024-12-04,ZAR,19.0679
2024-12-05,AUD,1.6377
2024-12-05,BGN,1.9558
2024-12-05,BRL,6.3219
2024-12-05,CAD,1.4809
2024-12-05,CHF,0.9305
2024-12-05,CNY,7.6577
2024-12-05,CZK,25.146
2024-12-05,DKK,7.4579
2024-12-05,GBP,0.828
2024-12-05,HKD,8.2027
2024-12-05,HUF,411.8
2024-12-05,IDR,16711.17
2024-12-05,ILS,3.7981
2024-12-05,INR,89.2543
2024-12-05,ISK,145.5
2024-12-05,JPY,158.52
2024-12-05,KRW,1494.61
2024-12-05,MXN,21.386
2024-12-05,MYR,4.6666
2024-12-05,NOK,11.66
2024-12-05,NZD,1.7985
2024-12-05,PHP,60.946
2024-12-05,PLN,4.2745
2024-12-05,RON,4.9774
2024-12-05,SEK,11.5095
2024-12-05,SGD,1.4133
2024-12-05,THB,35.973
2024-12-05,TRY,36.5975
2024-12-05,USD,1.054
2024-12-05,ZAR,19.0427
2024-12-06,AUD,1.6506
2024-12-06,BGN,1.9558
2024-12-06,BRL,6.3546
2024-12-06,CAD,1.4882
2024-12-06,CHF,0.9284
2024-12-06,CNY,7.6852
2024-12-06,CZK,25.11
2024-12-06,DKK,7.4584
2024-12-06,GBP,0.82855
2024-12-06,HKD,8.2314
2024-12-06,HUF,414.35
2024-12-06,IDR,16743.43
2024-12-06,ILS,3.8074
2024-12-06,INR,89.613
2024-12-06,ISK,145.7
2024-12-06,JPY,159.25
2024-12-06,KRW,1502.23
2024-12-06,MXN,21.3595
2024-12-06,MYR,4.6763
2024-12-06,NOK,11.7445
2024-12-06,NZD,1.8113
2024-12-06,PHP,61.215
2024-12-06,PLN,4.267
2024-12-06,RON,4.9774
2024-12-06,SEK,11.523
2024-12-06,SGD,1.4174
2024-12-06,THB,35.97
2024-12-06,TRY,36.8199
2024-12-06,USD,1.0581
2024-12-06,ZAR,19.1076
2024-12-09,AUD,1.638
2024-12-09,BGN,1.9558
2024-12-09,BRL,6.3852
2024-12-09,CAD,1.4919
2024-12-09,CHF,0.9295
2024-12-09,CNY,7.677
2024-12-09,CZK,25.093
2024-12-09,DKK,7.4578
2024-12-09,GBP,0.82805
2024-12-09,HKD,8.2164
2024-12-09,HUF,411.25
2024-12-09,IDR,16779.92
2024-12-09,ILS,3.7649
2024-12-09,INR,89.689
2024-12-09,ISK,145.9
2024-12-09,JPY,159.4
2024-12-09,KRW,1513.49
2024-12-09,MXN,21.304
2024-12-09,MYR,4.6763
2024-12-09,NOK,11.7435
2024-12-09,NZD,1.803
2024-12-09,PHP,61.297
2024-12-09,PLN,4.2593
2024-12-09,RON,4.972
2024-12-09,SEK,11.536
2024-12-09,SGD,1.4157
2024-12-09,THB,35.656
2024-12-09,TRY,36.7915
2024-12-09,USD,1.0568
2024-12-09,ZAR,18.8315
2024-12-10,AUD,1.6452
2024-12-10,BGN,1.9558
2024-12-10,BRL,6.3811
2024-12-10,CAD,1.4908
2024-12-10,CHF,0.9267
2024-12-10,CNY,7.6354
2024-12-10,CZK,25.098
2024-12-10,DKK,7.4578
2024-12-10,GBP,0.82555
2024-12-10,HKD,8.1858
2024-12-10,HUF,411.15
2024-12-10,IDR,16709.98
2024-12-10,ILS,3.7661
2024-12-10,INR,89.3525
2024-12-10,ISK,145.9
2024-12-10,JPY,159.74
2024-12-10,KRW,1507.31
2024-12-10,MXN,21.2298
2024-12-10,MYR,4.6614
2024-12-10,NOK,11.7315
2024-12-10,NZD,1.8083
2024-12-10,PHP,61.05
2024-12-10,PLN,4.2678
2024-12-10,RON,4.9713
2024-12-10,SEK,11.5335
2024-12-10,SGD,1.4118
2024-12-10,THB,35.55
2024-12-10,TRY,36.6838
2024-12-10,USD,1.0527
2024-12-10,ZAR,18.8204
2024-12-11,AUD,1.6525
2024-12-11,BGN,1.9558
2024-12-11,BRL,6.3431
2024-12-11,CAD,1.4905
2024-12-11,CHF,0.928
2024-12-11,CNY,7.6318
2024-12-11,CZK,25.117
2024-12-11,DKK,7.4574
2024-12-11,GBP,0.82458
2024-12-11,HKD,8.1677
2024-12-11,HUF,409.48
2024-12-11,IDR,16740.07
2024-12-11,ILS,3.7665
2024-12-11,INR,89.1495
2024-12-11,ISK,145.9
2024-12-11,JPY,160.35
2024-12-11,KRW,1502.88
2024-12-11,MXN,21.2325
2024-12-11,MYR,4.6578
2024-12-11,NOK,11.712
2024-12-11,NZD,1.818
2024-12-11,PHP,61.266
2024-12-11,PLN,4.2643
2024-12-11,RON,4.9674
2024-12-11,SEK,11.5165
2024-12-11,SGD,1.4114
2024-12-11,THB,35.603
2024-12-11,TRY,36.638
2024-12-11,USD,1.0507
2024-12-11,ZAR,18.6794
2024-12-12,AUD,1.6413
2024-12-12,BGN,1.9558
2024-12-12,BRL,6.1975
2024-12-12,CAD,1.4865
2024-12-12,CHF,0.9319
2024-12-12,CNY,7.6272
2024-12-12,CZK,25.065
2024-12-12,DKK,7.4583
2024-12-12,GBP,0.82428
2024-12-12,HKD,8.1575
2024-12-12,HUF,408.45
2024-12-12,IDR,16747.78
2024-12-12,ILS,3.745
2024-12-12,INR,89.044
2024-12-12,ISK,145.9
2024-12-12,JPY,159.6
2024-12-12,KRW,1500.97
2024-12-12,MXN,21.1588
2024-12-12,MYR,4.6549
2024-12-12,NOK,11.654
2024-12-12,NZD,1.8114
2024-12-12,PHP,61.185
2024-12-12,PLN,4.2758
2024-12-12,RON,4.9704
2024-12-12,SEK,11.5
2024-12-12,SGD,1.4108
2024-12-12,THB,35.512
2024-12-12,TRY,36.5895
2024-12-12,USD,1.0491
2024-12-12,ZAR,18.5627
2024-12-13,AUD,1.6488
2024-12-13,BGN,1.9558
2024-12-13,BRL,6.3481
2024-12-13,CAD,1.4954
2024-12-13,CHF,0.9385
2024-12-13,CNY,7.651
2024-12-13,CZK,25.019
2024-12-13,DKK,7.457
2024-12-13,GBP,0.83043
2024-12-13,HKD,8.1777
2024-12-13,HUF,408.9
2024-12-13,IDR,16850.2
2024-12-13,ILS,3.7775
2024-12-13,INR,89.191
2024-12-13,ISK,145.9
2024-12-13,JPY,161.45
2024-12-13,KRW,1507.58
2024-12-13,MXN,21.2438
2024-12-13,MYR,4.6805
2024-12-13,NOK,11.6758
2024-12-13,NZD,1.8218
2024-12-13,PHP,61.641
2024-12-13,PLN,4.2643
2024-12-13,RON,4.9732
2024-12-13,SEK,11.515
2024-12-13,SGD,1.417
2024-12-13,THB,35.903
2024-12-13,TRY,36.7584
2024-12-13,USD,1.0518
2024-12-13,ZAR,18.8131
2024-12-16,AUD,1.651
2024-12-16,BGN,1.9558
2024-12-16,BRL,6.3397
2024-12-16,CAD,1.4959
2024-12-16,CHF,0.9372
2024-12-16,CNY,7.6463
2024-12-16,CZK,25.036
2024-12-16,DKK,7.4588
2024-12-16,GBP,0.82945
2024-12-16,HKD,8.1625
2024-12-16,HUF,409.03
2024-12-16,IDR,16820.21
2024-12-16,ILS,3.7767
2024-12-16,INR,89.123
2024-12-16,ISK,145.1
2024-12-16,JPY,161.73
2024-12-16,KRW,1509.15
2024-12-16,MXN,21.1635
2024-12-16,MYR,4.6742
2024-12-16,NOK,11.716
2024-12-16,NZD,1.8189
2024-12-16,PHP,61.706
2024-12-16,PLN,4.264
2024-12-16,RON,4.9763
2024-12-16,SEK,11.4541
2024-12-16,SGD,1.4173
2024-12-16,THB,35.782
2024-12-16,TRY,36.7034
2024-12-16,USD,1.0498
2024-12-16,ZAR,18.7692
2024-12-17,AUD,1.6547
2024-12-17,BGN,1.9558
2024-12-17,BRL,6.4584
2024-12-17,CAD,1.4995
2024-12-17,CHF,0.9413
2024-12-17,CNY,7.6464
2024-12-17,CZK,25.064
2024-12-17,DKK,7.459
2024-12-17,GBP,0.82648
2024-12-17,HKD,8.1571
2024-12-17,HUF,409.45
2024-12-17,IDR,16940.06
2024-12-17,ILS,3.779
2024-12-17,INR,89.14
2024-12-17,ISK,144.7
2024-12-17,JPY,161.63
2024-12-17,KRW,1508.13
2024-12-17,MXN,21.1368
2024-12-17,MYR,4.6885
2024-12-17,NOK,11.7635
2024-12-17,NZD,1.8229
2024-12-17,PHP,61.971
2024-12-17,PLN,4.2635
2024-12-17,RON,4.9753
2024-12-17,SEK,11.472
2024-12-17,SGD,1.4181
2024-12-17,THB,35.926
2024-12-17,TRY,36.7302
2024-12-17,USD,1.0497
2024-12-17,ZAR,19.0296
2024-12-18,AUD,1.6602
2024-12-18,BGN,1.9558
2024-12-18,BRL,6.4544
2024-12-18,CAD,1.5022
2024-12-18,CHF,0.9382
2024-12-18,CNY,7.6463
2024-12-18,CZK,25.127
2024-12-18,DKK,7.4606
2024-12-18,GBP,0.8252
2024-12-18,HKD,8.1563
2024-12-18,HUF,410.88
2024-12-18,IDR,16909.32
2024-12-18,ILS,3.766
2024-12-18,INR,89.161
2024-12-18,ISK,144.9
2024-12-18,JPY,161.52
2024-12-18,KRW,1509.48
2024-12-18,MXN,21.1393
2024-12-18,MYR,4.6917
2024-12-18,NOK,11.762
2024-12-18,NZD,1.8303
2024-12-18,PHP,61.855
2024-12-18,PLN,4.2578
2024-12-18,RON,4.9752
2024-12-18,SEK,11.4895
2024-12-18,SGD,1.4177
2024-12-18,THB,35.933
2024-12-18,TRY,36.7556
2024-12-18,USD,1.0496
2024-12-18,ZAR,18.9602
2024-12-19,AUD,1.6631
2024-12-19,BGN,1.9558
2024-12-19,BRL,6.5335
2024-12-19,CAD,1.493
2024-12-19,CHF,0.9319
2024-12-19,CNY,7.5858
2024-12-19,CZK,25.127
2024-12-19,DKK,7.4613
2024-12-19,GBP,0.82445
2024-12-19,HKD,8.0785
2024-12-19,HUF,416.05
2024-12-19,IDR,16957.88
2024-12-19,ILS,3.7647
2024-12-19,INR,88.481
2024-12-19,ISK,144.7
2024-12-19,JPY,163.07
2024-12-19,KRW,1505.3
2024-12-19,MXN,21.1339
2024-12-19,MYR,4.6835
2024-12-19,NOK,11.8143
2024-12-19,NZD,1.8387
2024-12-19,PHP,61.396
2024-12-19,PLN,4.25
2024-12-19,RON,4.976
2024-12-19,SEK,11.4625
2024-12-19,SGD,1.4131
2024-12-19,THB,35.946
2024-12-19,TRY,36.4565
2024-12-19,USD,1.0395
2024-12-19,ZAR,19.035
2024-12-20,AUD,1.6674
2024-12-20,BGN,1.9558
2024-12-20,BRL,6.3173
2024-12-20,CAD,1.4946
2024-12-20,CHF,0.9297
2024-12-20,CNY,7.5831
2024-12-20,CZK,25.121
2024-12-20,DKK,7.4614
2024-12-20,GBP,0.82965
2024-12-20,HKD,8.0755
2024-12-20,HUF,414.18
2024-12-20,IDR,16863.07
2024-12-20,ILS,3.806
2024-12-20,INR,88.355
2024-12-20,ISK,144.7
2024-12-20,JPY,162.89
2024-12-20,KRW,1502.7
2024-12-20,MXN,21.0194
2024-12-20,MYR,4.6838
2024-12-20,NOK,11.8685
2024-12-20,NZD,1.8445
2024-12-20,PHP,61.1
2024-12-20,PLN,4.2623
2024-12-20,RON,4.9762
2024-12-20,SEK,11.476
2024-12-20,SGD,1.41
2024-12-20,THB,35.757
2024-12-20,TRY,36.5544
2024-12-20,USD,1.039
2024-12-20,ZAR,19.1104
2024-12-23,AUD,1.6667
2024-12-23,BGN,1.9558
2024-12-23,BRL,6.3916
2024-12-23,CAD,1.4978
2024-12-23,CHF,0.9336
2024-12-23,CNY,7.5861
2024-12-23,CZK,25.165
2024-12-23,DKK,7.459
2024-12-23,GBP,0.82995
2024-12-23,HKD,8.0757
2024-12-23,HUF,414.7
2024-12-23,IDR,16817.59
2024-12-23,ILS,3.7938
2024-12-23,INR,88.4635
2024-12-23,ISK,145.1
2024-12-23,JPY,163.36
2024-12-23,KRW,1510.56
2024-12-23,MXN,21.0069
2024-12-23,MYR,4.6665
2024-12-23,NOK,11.807
2024-12-23,NZD,1.8429
2024-12-23,PHP,60.899
2024-12-23,PLN,4.2753
2024-12-23,RON,4.9763
2024-12-23,SEK,11.484
2024-12-23,SGD,1.4103
2024-12-23,THB,35.632
2024-12-23,TRY,36.6032
2024-12-23,USD,1.0393
2024-12-23,ZAR,19.2042
2024-12-24,AUD,1.6681
2024-12-24,BGN,1.9558
2024-12-24,BRL,6.4384
2024-12-24,CAD,1.4988
2024-12-24,CHF,0.9358
2024-12-24,CNY,7.5843
2024-12-24,CZK,25.135
2024-12-24,DKK,7.4608
2024-12-24,GBP,0.82805
2024-12-24,HKD,8.0743
2024-12-24,HUF,411.73
2024-12-24,IDR,16843.33
2024-12-24,ILS,3.8133
2024-12-24,INR,88.5275
2024-12-24,ISK,145.1
2024-12-24,JPY,163.25
2024-12-24,KRW,1515.98
2024-12-24,MXN,20.949
2024-12-24,MYR,4.6642
2024-12-24,NOK,11.849
2024-12-24,NZD,1.8429
2024-12-24,PHP,60.787
2024-12-24,PLN,4.2715
2024-12-24,RON,4.9745
2024-12-24,SEK,11.5335
2024-12-24,SGD,1.4129
2024-12-24,THB,35.489
2024-12-24,TRY,36.6474
2024-12-24,USD,1.0395
2024-12-24,ZAR,19.3293
2024-12-27,AUD,1.6777
2024-12-27,BGN,1.9558
2024-12-27,BRL,6.4586
2024-12-27,CAD,1.5002
2024-12-27,CHF,0.9396
2024-12-27,CNY,7.6169
2024-12-27,CZK,25.201
2024-12-27,DKK,7.4602
2024-12-27,GBP,0.83098
2024-12-27,HKD,8.099
2024-12-27,HUF,411.45
2024-12-27,IDR,16922.75
2024-12-27,ILS,3.8364
2024-12-27,INR,89.21
2024-12-27,ISK,145.1
2024-12-27,JPY,164.65
2024-12-27,KRW,1537.65
2024-12-27,MXN,21.1453
2024-12-27,MYR,4.666
2024-12-27,NOK,11.8435
2024-12-27,NZD,1.8508
2024-12-27,PHP,60.683
2024-12-27,PLN,4.2753
2024-12-27,RON,4.9769
2024-12-27,SEK,11.4795
2024-12-27,SGD,1.4174
2024-12-27,THB,35.495
2024-12-27,TRY,36.7456
2024-12-27,USD,1.0435
2024-12-27,ZAR,19.5259
2024-12-30,AUD,1.6756
2024-12-30,BGN,1.9558
2024-12-30,BRL,6.476
2024-12-30,CAD,1.5035
2024-12-30,CHF,0.9435
2024-12-30,CNY,7.6234
2024-12-30,CZK,25.226
2024-12-30,DKK,7.46
2024-12-30,GBP,0.8295
2024-12-30,HKD,8.1065
2024-12-30,HUF,411.53
2024-12-30,IDR,16881
2024-12-30,ILS,3.812
2024-12-30,INR,89.2685
2024-12-30,ISK,143.9
2024-12-30,JPY,164.57
2024-12-30,KRW,1539.13
2024-12-30,MXN,21.2847
2024-12-30,MYR,4.6632
2024-12-30,NOK,11.8455
2024-12-30,NZD,1.847
2024-12-30,PHP,60.411
2024-12-30,PLN,4.2655
2024-12-30,RON,4.9765
2024-12-30,SEK,11.4865
2024-12-30,SGD,1.4166
2024-12-30,THB,35.64
2024-12-30,TRY,36.8914
2024-12-30,USD,1.0444
2024-12-30,ZAR,19.5691
2024-12-31,AUD,1.6772
2024-12-31,BGN,1.9558
2024-12-31,BRL,6.4253
2024-12-31,CAD,1.4948
2024-12-31,CHF,0.9412
2024-12-31,CNY,7.5833
2024-12-31,CZK,25.185
2024-12-31,DKK,7.4578
2024-12-31,GBP,0.82918
2024-12-31,HKD,8.0686
2024-12-31,HUF,411.35
2024-12-31,IDR,16820.88
2024-12-31,ILS,3.7885
2024-12-31,INR,88.9335
2024-12-31,ISK,143.9
2024-12-31,JPY,163.06
2024-12-31,KRW,1532.15
2024-12-31,MXN,21.5504
2024-12-31,MYR,4.6454
2024-12-31,NOK,11.795
2024-12-31,NZD,1.8532
2024-12-31,PHP,60.301
2024-12-31,PLN,4.275
2024-12-31,RON,4.9743
2024-12-31,SEK,11.459
2024-12-31,SGD,1.4164
2024-12-31,THB,35.676
2024-12-31,TRY,36.7372
2024-12-31,USD,1.0389
2024-12-31,ZAR,19.6188
2025-01-02,AUD,1.6618
2025-01-02,BGN,1.9558
2025-01-02,BRL,6.42
2025-01-02,CAD,1.4885
2025-01-02,CHF,0.9371
2025-01-02,CNY,7.5338
2025-01-02,CZK,25.177
2025-01-02,DKK,7.4583
2025-01-02,GBP,0.83118
2025-01-02,HKD,8.0261
2025-01-02,HUF,412.9
2025-01-02,IDR,16726.78
2025-01-02,ILS,3.7676
2025-01-02,INR,88.507
2025-01-02,ISK,143.9
2025-01-02,JPY,162.04
2025-01-02,KRW,1515.07
2025-01-02,MXN,21.4375
2025-01-02,MYR,4.6223
2025-01-02,NOK,11.7173
2025-01-02,NZD,1.8402
2025-01-02,PHP,59.769
2025-01-02,PLN,4.2753
2025-01-02,RON,4.9743
2025-01-02,SEK,11.4223
2025-01-02,SGD,1.4091
2025-01-02,THB,35.355
2025-01-02,TRY,36.4523
2025-01-02,USD,1.0321
2025-01-02,ZAR,19.2719
2025-01-03,AUD,1.6556
2025-01-03,BGN,1.9558
2025-01-03,BRL,6.3478
2025-01-03,CAD,1.4842
2025-01-03,CHF,0.9362
2025-01-03,CNY,7.5371
2025-01-03,CZK,25.166
2025-01-03,DKK,7.4599
2025-01-03,GBP,0.82993
2025-01-03,HKD,8.0122
2025-01-03,HUF,414.93
2025-01-03,IDR,16703.85
2025-01-03,ILS,3.7614
2025-01-03,INR,88.3335
2025-01-03,ISK,144.1
2025-01-03,JPY,161.77
2025-01-03,KRW,1512.7
2025-01-03,MXN,21.2331
2025-01-03,MYR,4.6346
2025-01-03,NOK,11.713
2025-01-03,NZD,1.8366
2025-01-03,PHP,59.835
2025-01-03,PLN,4.2725
2025-01-03,RON,4.9752
2025-01-03,SEK,11.4395
2025-01-03,SGD,1.4113
2025-01-03,THB,35.475
2025-01-03,TRY,36.4248
2025-01-03,USD,1.0299
2025-01-03,ZAR,19.2957
2025-01-06,AUD,1.6555
2025-01-06,BGN,1.9558
2025-01-06,BRL,6.3649
2025-01-06,CAD,1.4914
2025-01-06,CHF,0.9396
2025-01-06,CNY,7.6284
2025-01-06,CZK,25.154
2025-01-06,DKK,7.4591
2025-01-06,GBP,0.83098
2025-01-06,HKD,8.1035
2025-01-06,HUF,414.68
2025-01-06,IDR,16834.71
2025-01-06,ILS,3.7905
2025-01-06,INR,89.2605
2025-01-06,ISK,144.7
2025-01-06,JPY,163.25
2025-01-06,KRW,1518.24
2025-01-06,MXN,21.1962
2025-01-06,MYR,4.7032
2025-01-06,NOK,11.7095
2025-01-06,NZD,1.8354
2025-01-06,PHP,60.369
2025-01-06,PLN,4.2518
2025-01-06,RON,4.9747
2025-01-06,SEK,11.4645
2025-01-06,SGD,1.4168
2025-01-06,THB,35.834
2025-01-06,TRY,36.8305
2025-01-06,USD,1.0426
2025-01-06,ZAR,19.2724
2025-01-07,AUD,1.6557
2025-01-07,BGN,1.9558
2025-01-07,BRL,6.3134
2025-01-07,CAD,1.4878
2025-01-07,CHF,0.9426
2025-01-07,CNY,7.6142
2025-01-07,CZK,25.137
2025-01-07,DKK,7.4592
2025-01-07,GBP,0.82915
2025-01-07,HKD,8.0824
2025-01-07,HUF,415.73
2025-01-07,IDR,16794.93
2025-01-07,ILS,3.7681
2025-01-07,INR,89.112
2025-01-07,ISK,145.5
2025-01-07,JPY,163.86
2025-01-07,KRW,1507.35
2025-01-07,MXN,21.1387
2025-01-07,MYR,4.6639
2025-01-07,NOK,11.7385
2025-01-07,NZD,1.8317
2025-01-07,PHP,60.378
2025-01-07,PLN,4.2583
2025-01-07,RON,4.9744
2025-01-07,SEK,11.475
2025-01-07,SGD,1.415
2025-01-07,THB,35.83
2025-01-07,TRY,36.7432
2025-01-07,USD,1.0393
2025-01-07,ZAR,19.3216
2025-01-08,AUD,1.66
2025-01-08,BGN,1.9558
2025-01-08,BRL,6.3075
2025-01-08,CAD,1.4803
2025-01-08,CHF,0.9379
2025-01-08,CNY,7.5413
2025-01-08,CZK,25.15
2025-01-08,DKK,7.4608
2025-01-08,GBP,0.83403
2025-01-08,HKD,8.0018
2025-01-08,HUF,416.25
2025-01-08,IDR,16719.53
2025-01-08,ILS,3.7798
2025-01-08,INR,88.352
2025-01-08,ISK,145.1
2025-01-08,JPY,162.94
2025-01-08,KRW,1503.5
2025-01-08,MXN,21.0093
2025-01-08,MYR,4.6313
2025-01-08,NOK,11.738
2025-01-08,NZD,1.8383
2025-01-08,PHP,60.192
2025-01-08,PLN,4.2765
2025-01-08,RON,4.9739
2025-01-08,SEK,11.5125
2025-01-08,SGD,1.4096
2025-01-08,THB,35.682
2025-01-08,TRY,36.3952
2025-01-08,USD,1.0286
2025-01-08,ZAR,19.4357
2025-01-09,AUD,1.663
2025-01-09,BGN,1.9558
2025-01-09,BRL,6.2991
2025-01-09,CAD,1.4831
2025-01-09,CHF,0.9397
2025-01-09,CNY,7.5558
2025-01-09,CZK,25.116
2025-01-09,DKK,7.4609
2025-01-09,GBP,0.83808
2025-01-09,HKD,8.0189
2025-01-09,HUF,413.98
2025-01-09,IDR,16693.79
2025-01-09,ILS,3.7713
2025-01-09,INR,88.474
2025-01-09,ISK,144.9
2025-01-09,JPY,162.56
2025-01-09,KRW,1504.23
2025-01-09,MXN,21.1013
2025-01-09,MYR,4.6403
2025-01-09,NOK,11.7605
2025-01-09,NZD,1.8417
2025-01-09,PHP,60.281
2025-01-09,PLN,4.2723
2025-01-09,RON,4.9734
2025-01-09,SEK,11.4945
2025-01-09,SGD,1.4102
2025-01-09,THB,35.645
2025-01-09,TRY,36.4212
2025-01-09,USD,1.0305
2025-01-09,ZAR,19.4534
2025-01-10,AUD,1.6655
2025-01-10,BGN,1.9558
2025-01-10,BRL,6.2397
2025-01-10,CAD,1.4845
2025-01-10,CHF,0.9416
2025-01-10,CNY,7.5542
2025-01-10,CZK,25.09
2025-01-10,DKK,7.4606
2025-01-10,GBP,0.83693
2025-01-10,HKD,8.0224
2025-01-10,HUF,413.68
2025-01-10,IDR,16680.99
2025-01-10,ILS,3.7889
2025-01-10,INR,88.6265
2025-01-10,ISK,145.3
2025-01-10,JPY,162.86
2025-01-10,KRW,1511.32
2025-01-10,MXN,21.1258
2025-01-10,MYR,4.6332
2025-01-10,NOK,11.757
2025-01-10,NZD,1.8454
2025-01-10,PHP,60.242
2025-01-10,PLN,4.266
2025-01-10,RON,4.9735
2025-01-10,SEK,11.497
2025-01-10,SGD,1.4092
2025-01-10,THB,35.616
2025-01-10,TRY,36.4849
2025-01-10,USD,1.0304
2025-01-10,ZAR,19.6165
2025-01-13,AUD,1.6578
2025-01-13,BGN,1.9558
2025-01-13,BRL,6.2109
2025-01-13,CAD,1.4699
2025-01-13,CHF,0.9346
2025-01-13,CNY,7.4771
2025-01-13,CZK,25.23
2025-01-13,DKK,7.4605
2025-01-13,GBP,0.8416
2025-01-13,HKD,7.9412
2025-01-13,HUF,413.68
2025-01-13,IDR,16640.94
2025-01-13,ILS,3.7436
2025-01-13,INR,88.4165
2025-01-13,ISK,144.5
2025-01-13,JPY,160.22
2025-01-13,KRW,1497.52
2025-01-13,MXN,21.1803
2025-01-13,MYR,4.5993
2025-01-13,NOK,11.709
2025-01-13,NZD,1.8358
2025-01-13,PHP,59.851
2025-01-13,PLN,4.2715
2025-01-13,RON,4.9731
2025-01-13,SEK,11.5055
2025-01-13,SGD,1.401
2025-01-13,THB,35.464
2025-01-13,TRY,36.2019
2025-01-13,USD,1.0198
2025-01-13,ZAR,19.5236
2025-01-14,AUD,1.6601
2025-01-14,BGN,1.9558
2025-01-14,BRL,6.2299
2025-01-14,CAD,1.4744
2025-01-14,CHF,0.9395
2025-01-14,CNY,7.5108
2025-01-14,CZK,25.294
2025-01-14,DKK,7.4607
2025-01-14,GBP,0.84288
2025-01-14,HKD,7.9761
2025-01-14,HUF,412.05
2025-01-14,IDR,16708.88
2025-01-14,ILS,3.7185
2025-01-14,INR,88.6925
2025-01-14,ISK,144.9
2025-01-14,JPY,161.63
2025-01-14,KRW,1496.39
2025-01-14,MXN,21.1339
2025-01-14,MYR,4.6154
2025-01-14,NOK,11.7195
2025-01-14,NZD,1.8324
2025-01-14,PHP,60.196
2025-01-14,PLN,4.2683
2025-01-14,RON,4.9749
2025-01-14,SEK,11.512
2025-01-14,SGD,1.4036
2025-01-14,THB,35.612
2025-01-14,TRY,36.3634
2025-01-14,USD,1.0245
2025-01-14,ZAR,19.4143
2025-01-15,AUD,1.6616
2025-01-15,BGN,1.9558
2025-01-15,BRL,6.2377
2025-01-15,CAD,1.4784
2025-01-15,CHF,0.9394
2025-01-15,CNY,7.5515
2025-01-15,CZK,25.218
2025-01-15,DKK,7.4611
2025-01-15,GBP,0.84313
2025-01-15,HKD,8.0201
2025-01-15,HUF,410.63
2025-01-15,IDR,16872.43
2025-01-15,ILS,3.7299
2025-01-15,INR,89.0145
2025-01-15,ISK,144.7
2025-01-15,JPY,161.75
2025-01-15,KRW,1503.15
2025-01-15,MXN,21.09
2025-01-15,MYR,4.634
2025-01-15,NOK,11.7035
2025-01-15,NZD,1.8381
2025-01-15,PHP,60.358
2025-01-15,PLN,4.2613
2025-01-15,RON,4.9742
2025-01-15,SEK,11.5015
2025-01-15,SGD,1.4089
2025-01-15,THB,35.762
2025-01-15,TRY,36.5477
2025-01-15,USD,1.03
2025-01-15,ZAR,19.4319
2025-01-16,AUD,1.6574
2025-01-16,BGN,1.9558
2025-01-16,BRL,6.1984
2025-01-16,CAD,1.4776
2025-01-16,CHF,0.9376
2025-01-16,CNY,7.5311
2025-01-16,CZK,25.231
2025-01-16,DKK,7.4609
2025-01-16,GBP,0.84258
2025-01-16,HKD,8.0007
2025-01-16,HUF,412.35
2025-01-16,IDR,16852.5
2025-01-16,ILS,3.7232
2025-01-16,INR,88.943
2025-01-16,ISK,145.1
2025-01-16,JPY,160.46
2025-01-16,KRW,1499.04
2025-01-16,MXN,21.1824
2025-01-16,MYR,4.625
2025-01-16,NOK,11.6965
2025-01-16,NZD,1.8389
2025-01-16,PHP,60.157
2025-01-16,PLN,4.2688
2025-01-16,RON,4.9754
2025-01-16,SEK,11.485
2025-01-16,SGD,1.4061
2025-01-16,THB,35.592
2025-01-16,TRY,36.4071
2025-01-16,USD,1.0272
2025-01-16,ZAR,19.4048
2025-01-17,AUD,1.6646
2025-01-17,BGN,1.9558
2025-01-17,BRL,6.2518
2025-01-17,CAD,1.4864
2025-01-17,CHF,0.9394
2025-01-17,CNY,7.5474
2025-01-17,CZK,25.265
2025-01-17,DKK,7.4608
2025-01-17,GBP,0.84453
2025-01-17,HKD,8.0194
2025-01-17,HUF,412.65
2025-01-17,IDR,16887.38
2025-01-17,ILS,3.6971
2025-01-17,INR,89.198
2025-01-17,ISK,145.1
2025-01-17,JPY,160.23
2025-01-17,KRW,1502.05
2025-01-17,MXN,21.4193
2025-01-17,MYR,4.6403
2025-01-17,NOK,11.759
2025-01-17,NZD,1.8435
2025-01-17,PHP,60.337
2025-01-17,PLN,4.2585
2025-01-17,RON,4.9765
2025-01-17,SEK,11.506
2025-01-17,SGD,1.4083
2025-01-17,THB,35.492
2025-01-17,TRY,36.6271
2025-01-17,USD,1.0298
2025-01-17,ZAR,19.3288
2025-01-20,AUD,1.6627
2025-01-20,BGN,1.9558
2025-01-20,BRL,6.2688
2025-01-20,CAD,1.4924
2025-01-20,CHF,0.9429
2025-01-20,CNY,7.5431
2025-01-20,CZK,25.209
2025-01-20,DKK,7.4611
2025-01-20,GBP,0.84588
2025-01-20,HKD,8.0301
2025-01-20,HUF,413.15
2025-01-20,IDR,16908.13
2025-01-20,ILS,3.6994
2025-01-20,INR,89.2735
2025-01-20,ISK,145.5
2025-01-20,JPY,161.36
2025-01-20,KRW,1497.2
2025-01-20,MXN,21.5304
2025-01-20,MYR,4.635
2025-01-20,NOK,11.7665
2025-01-20,NZD,1.8407
2025-01-20,PHP,60.334
2025-01-20,PLN,4.2568
2025-01-20,RON,4.9769
2025-01-20,SEK,11.4945
2025-01-20,SGD,1.4077
2025-01-20,THB,35.337
2025-01-20,TRY,36.7135
2025-01-20,USD,1.0316
2025-01-20,ZAR,19.3381
2025-01-21,AUD,1.6639
2025-01-21,BGN,1.9558
2025-01-21,BRL,6.2685
2025-01-21,CAD,1.4963
2025-01-21,CHF,0.9427
2025-01-21,CNY,7.5443
2025-01-21,CZK,25.178
2025-01-21,DKK,7.4614
2025-01-21,GBP,0.84553
2025-01-21,HKD,8.0636
2025-01-21,HUF,411.48
2025-01-21,IDR,16921.73
2025-01-21,ILS,3.7145
2025-01-21,INR,89.686
2025-01-21,ISK,145.9
2025-01-21,JPY,161.26
2025-01-21,KRW,1493.41
2025-01-21,MXN,21.4878
2025-01-21,MYR,4.6353
2025-01-21,NOK,11.817
2025-01-21,NZD,1.8406
2025-01-21,PHP,60.621
2025-01-21,PLN,4.2538
2025-01-21,RON,4.9768
2025-01-21,SEK,11.475
2025-01-21,SGD,1.4078
2025-01-21,THB,35.281
2025-01-21,TRY,36.9008
2025-01-21,USD,1.0357
2025-01-21,ZAR,19.2676
2025-01-22,AUD,1.6603
2025-01-22,BGN,1.9558
2025-01-22,BRL,6.2738
2025-01-22,CAD,1.4972
2025-01-22,CHF,0.9449
2025-01-22,CNY,7.5892
2025-01-22,CZK,25.139
2025-01-22,DKK,7.4612
2025-01-22,GBP,0.84466
2025-01-22,HKD,8.1322
2025-01-22,HUF,411.08
2025-01-22,IDR,16928.83
2025-01-22,ILS,3.6962
2025-01-22,INR,90.209
2025-01-22,ISK,146.5
2025-01-22,JPY,162.72
2025-01-22,KRW,1496.01
2025-01-22,MXN,21.4707
2025-01-22,MYR,4.633
2025-01-22,NOK,11.7525
2025-01-22,NZD,1.8387
2025-01-22,PHP,61.003
2025-01-22,PLN,4.23
2025-01-22,RON,4.9768
2025-01-22,SEK,11.467
2025-01-22,SGD,1.4126
2025-01-22,THB,35.334
2025-01-22,TRY,37.2312
2025-01-22,USD,1.0443
2025-01-22,ZAR,19.2877
2025-01-23,AUD,1.6594
2025-01-23,BGN,1.9558
2025-01-23,BRL,6.1921
2025-01-23,CAD,1.4984
2025-01-23,CHF,0.9442
2025-01-23,CNY,7.5829
2025-01-23,CZK,25.14
2025-01-23,DKK,7.4606
2025-01-23,GBP,0.84468
2025-01-23,HKD,8.1045
2025-01-23,HUF,409.7
2025-01-23,IDR,16895.73
2025-01-23,ILS,3.7117
2025-01-23,INR,89.9285
2025-01-23,ISK,145.9
2025-01-23,JPY,162.58
2025-01-23,KRW,1494.9
2025-01-23,MXN,21.2962
2025-01-23,MYR,4.6235
2025-01-23,NOK,11.7305
2025-01-23,NZD,1.8377
2025-01-23,PHP,61.063
2025-01-23,PLN,4.211
2025-01-23,RON,4.9763
2025-01-23,SEK,11.4685
2025-01-23,SGD,1.4114
2025-01-23,THB,35.4
2025-01-23,TRY,37.0993
2025-01-23,USD,1.0404
2025-01-23,ZAR,19.3143
2025-01-24,AUD,1.66
2025-01-24,BGN,1.9558
2025-01-24,BRL,6.1866
2025-01-24,CAD,1.5015
2025-01-24,CHF,0.9494
2025-01-24,CNY,7.5891
2025-01-24,CZK,25.097
2025-01-24,DKK,7.4614
2025-01-24,GBP,0.84413
2025-01-24,HKD,8.1559
2025-01-24,HUF,408.85
2025-01-24,IDR,16900.5
2025-01-24,ILS,3.7585
2025-01-24,INR,90.33
2025-01-24,ISK,146.3
2025-01-24,JPY,163.9
2025-01-24,KRW,1501.6
2025-01-24,MXN,21.2056
2025-01-24,MYR,4.5841
2025-01-24,NOK,11.7495
2025-01-24,NZD,1.8364
2025-01-24,PHP,61.145
2025-01-24,PLN,4.2138
2025-01-24,RON,4.9761
2025-01-24,SEK,11.459
2025-01-24,SGD,1.4129
2025-01-24,THB,35.27
2025-01-24,TRY,37.3769
2025-01-24,USD,1.0472
2025-01-24,ZAR,19.252
2025-01-27,AUD,1.67
2025-01-27,BGN,1.9558
2025-01-27,BRL,6.2375
2025-01-27,CAD,1.5096
2025-01-27,CHF,0.9453
2025-01-27,CNY,7.6306
2025-01-27,CZK,25.102
2025-01-27,DKK,7.4625
2025-01-27,GBP,0.84106
2025-01-27,HKD,8.1987
2025-01-27,HUF,408.78
2025-01-27,IDR,17007.37
2025-01-27,ILS,3.8064
2025-01-27,INR,90.88
2025-01-27,ISK,146.3
2025-01-27,JPY,162.21
2025-01-27,KRW,1507.97
2025-01-27,MXN,21.5878
2025-01-27,MYR,4.6106
2025-01-27,NOK,11.8095
2025-01-27,NZD,1.8464
2025-01-27,PHP,61.408
2025-01-27,PLN,4.2193
2025-01-27,RON,4.975
2025-01-27,SEK,11.496
2025-01-27,SGD,1.4134
2025-01-27,THB,35.402
2025-01-27,TRY,37.6265
2025-01-27,USD,1.053
2025-01-27,ZAR,19.6537
2025-01-28,AUD,1.6698
2025-01-28,BGN,1.9558
2025-01-28,BRL,6.1535
2025-01-28,CAD,1.5019
2025-01-28,CHF,0.9441
2025-01-28,CNY,7.5517
2025-01-28,CZK,25.091
2025-01-28,DKK,7.4626
2025-01-28,GBP,0.83868
2025-01-28,HKD,8.1189
2025-01-28,HUF,408.13
2025-01-28,IDR,16907.81
2025-01-28,ILS,3.7725
2025-01-28,INR,90.1955
2025-01-28,ISK,146.1
2025-01-28,JPY,161.86
2025-01-28,KRW,1506.81
2025-01-28,MXN,21.5381
2025-01-28,MYR,4.5779
2025-01-28,NOK,11.7785
2025-01-28,NZD,1.8439
2025-01-28,PHP,60.9
2025-01-28,PLN,4.2078
2025-01-28,RON,4.9749
2025-01-28,SEK,11.478
2025-01-28,SGD,1.4087
2025-01-28,THB,35.306
2025-01-28,TRY,37.2705
2025-01-28,USD,1.0421
2025-01-28,ZAR,19.4839
2025-01-29,AUD,1.671
2025-01-29,BGN,1.9558
2025-01-29,BRL,6.0791
2025-01-29,CAD,1.5011
2025-01-29,CHF,0.943
2025-01-29,CNY,7.5385
2025-01-29,CZK,25.122
2025-01-29,DKK,7.4627
2025-01-29,GBP,0.83723
2025-01-29,HKD,8.0992
2025-01-29,HUF,408.08
2025-01-29,IDR,16883
2025-01-29,ILS,3.7423
2025-01-29,INR,89.9945
2025-01-29,ISK,145.7
2025-01-29,JPY,161.5
2025-01-29,KRW,1504.02
2025-01-29,MXN,21.2947
2025-01-29,MYR,4.567
2025-01-29,NOK,11.7785
2025-01-29,NZD,1.8426
2025-01-29,PHP,60.723
2025-01-29,PLN,4.2135
2025-01-29,RON,4.9753
2025-01-29,SEK,11.4555
2025-01-29,SGD,1.4051
2025-01-29,THB,35.107
2025-01-29,TRY,37.1934
2025-01-29,USD,1.0396
2025-01-29,ZAR,19.405
2025-01-30,AUD,1.6705
2025-01-30,BGN,1.9558
2025-01-30,BRL,6.1496
2025-01-30,CAD,1.4997
2025-01-30,CHF,0.9441
2025-01-30,CNY,7.5436
2025-01-30,CZK,25.121
2025-01-30,DKK,7.4616
2025-01-30,GBP,0.83685
2025-01-30,HKD,8.105
2025-01-30,HUF,407.25
2025-01-30,IDR,16901.81
2025-01-30,ILS,3.7277
2025-01-30,INR,90.097
2025-01-30,ISK,146.1
2025-01-30,JPY,160.32
2025-01-30,KRW,1500.02
2025-01-30,MXN,21.3551
2025-01-30,MYR,4.57
2025-01-30,NOK,11.7615
2025-01-30,NZD,1.8408
2025-01-30,PHP,60.693
2025-01-30,PLN,4.2063
2025-01-30,RON,4.9758
2025-01-30,SEK,11.47
2025-01-30,SGD,1.4048
2025-01-30,THB,35.053
2025-01-30,TRY,37.223
2025-01-30,USD,1.0403
2025-01-30,ZAR,19.2738
2025-01-31,AUD,1.6702
2025-01-31,BGN,1.9558
2025-01-31,BRL,6.0677
2025-01-31,CAD,1.5035
2025-01-31,CHF,0.9449
2025-01-31,CNY,7.5363
2025-01-31,CZK,25.166
2025-01-31,DKK,7.4618
2025-01-31,GBP,0.83608
2025-01-31,HKD,8.099
2025-01-31,HUF,407.95
2025-01-31,IDR,16941.21
2025-01-31,ILS,3.7199
2025-01-31,INR,89.9945
2025-01-31,ISK,146.7
2025-01-31,JPY,160.99
2025-01-31,KRW,1506.62
2025-01-31,MXN,21.4769
2025-01-31,MYR,4.6301
2025-01-31,NOK,11.7373
2025-01-31,NZD,1.8391
2025-01-31,PHP,60.682
2025-01-31,PLN,4.213
2025-01-31,RON,4.9767
2025-01-31,SEK,11.474
2025-01-31,SGD,1.4091
2025-01-31,THB,34.915
2025-01-31,TRY,37.2655
2025-01-31,USD,1.0393
2025-01-31,ZAR,19.3588
2025-02-03,AUD,1.6671
2025-02-03,BGN,1.9558
2025-02-03,BRL,6.0119
2025-02-03,CAD,1.5051
2025-02-03,CHF,0.9393
2025-02-03,CNY,7.45
2025-02-03,CZK,25.254
2025-02-03,DKK,7.4618
2025-02-03,GBP,0.83136
2025-02-03,HKD,8.0072
2025-02-03,HUF,408.43
2025-02-03,IDR,16864.57
2025-02-03,ILS,3.6992
2025-02-03,INR,89.4513
2025-02-03,ISK,146
2025-02-03,JPY,158.87
2025-02-03,KRW,1504.01
2025-02-03,MXN,21.5073
2025-02-03,MYR,4.5976
2025-02-03,NOK,11.7138
2025-02-03,NZD,1.8424
2025-02-03,PHP,60.158
2025-02-03,PLN,4.2255
2025-02-03,RON,4.9769
2025-02-03,SEK,11.481
2025-02-03,SGD,1.4024
2025-02-03,THB,34.932
2025-02-03,TRY,36.9718
2025-02-03,USD,1.0274
2025-02-03,ZAR,19.3445
2025-02-04,AUD,1.6629
2025-02-04,BGN,1.9558
2025-02-04,BRL,6.0138
2025-02-04,CAD,1.4894
2025-02-04,CHF,0.9396
2025-02-04,CNY,7.4943
2025-02-04,CZK,25.172
2025-02-04,DKK,7.461
2025-02-04,GBP,0.83188
2025-02-04,HKD,8.0489
2025-02-04,HUF,407.15
2025-02-04,IDR,16865.27
2025-02-04,ILS,3.6961
2025-02-04,INR,90.011
2025-02-04,ISK,146.8
2025-02-04,JPY,160.52
2025-02-04,KRW,1504.21
2025-02-04,MXN,21.1322
2025-02-04,MYR,4.5929
2025-02-04,NOK,11.721
2025-02-04,NZD,1.8418
2025-02-04,PHP,60.222
2025-02-04,PLN,4.2193
2025-02-04,RON,4.9769
2025-02-04,SEK,11.418
2025-02-04,SGD,1.4015
2025-02-04,THB,34.937
2025-02-04,TRY,37.1554
2025-02-04,USD,1.0335
2025-02-04,ZAR,19.4072
2025-02-05,AUD,1.658
2025-02-05,BGN,1.9558
2025-02-05,BRL,6.0327
2025-02-05,CAD,1.4876
2025-02-05,CHF,0.9395
2025-02-05,CNY,7.5797
2025-02-05,CZK,25.136
2025-02-05,DKK,7.4597
2025-02-05,GBP,0.83085
2025-02-05,HKD,8.1162
2025-02-05,HUF,406
2025-02-05,IDR,17003.7
2025-02-05,ILS,3.7012
2025-02-05,INR,91.0595
2025-02-05,ISK,146.8
2025-02-05,JPY,159.25
2025-02-05,KRW,1507.59
2025-02-05,MXN,21.4775
2025-02-05,MYR,4.6091
2025-02-05,NOK,11.6693
2025-02-05,NZD,1.8321
2025-02-05,PHP,60.44
2025-02-05,PLN,4.1968
2025-02-05,RON,4.9766
2025-02-05,SEK,11.3583
2025-02-05,SGD,1.4053
2025-02-05,THB,34.987
2025-02-05,TRY,37.4306
2025-02-05,USD,1.0422
2025-02-05,ZAR,19.3507
2025-02-06,AUD,1.6547
2025-02-06,BGN,1.9558
2025-02-06,BRL,6.0127
2025-02-06,CAD,1.4865
2025-02-06,CHF,0.9385
2025-02-06,CNY,7.5511
2025-02-06,CZK,25.139
2025-02-06,DKK,7.4596
2025-02-06,GBP,0.83688
2025-02-06,HKD,8.0668
2025-02-06,HUF,406.1
2025-02-06,IDR,16943.78
2025-02-06,ILS,3.6892
2025-02-06,INR,90.76
2025-02-06,ISK,146.6
2025-02-06,JPY,157.95
2025-02-06,KRW,1502.98
2025-02-06,MXN,21.3713
2025-02-06,MYR,4.5947
2025-02-06,NOK,11.6585
2025-02-06,NZD,1.8317
2025-02-06,PHP,60.202
2025-02-06,PLN,4.2065
2025-02-06,RON,4.9767
2025-02-06,SEK,11.321
2025-02-06,SGD,1.4027
2025-02-06,THB,35.053
2025-02-06,TRY,37.1866
2025-02-06,USD,1.036
2025-02-06,ZAR,19.2822
2025-02-07,AUD,1.6525
2025-02-07,BGN,1.9558
2025-02-07,BRL,5.9857
2025-02-07,CAD,1.4883
2025-02-07,CHF,0.9418
2025-02-07,CNY,7.5634
2025-02-07,CZK,25.108
2025-02-07,DKK,7.46
2025-02-07,GBP,0.83353
2025-02-07,HKD,8.0828
2025-02-07,HUF,405.55
2025-02-07,IDR,16933.08
2025-02-07,ILS,3.6872
2025-02-07,INR,90.8135
2025-02-07,ISK,146.6
2025-02-07,JPY,157.77
2025-02-07,KRW,1501.65
2025-02-07,MXN,21.2827
2025-02-07,MYR,4.6074
2025-02-07,NOK,11.625
2025-02-07,NZD,1.8287
2025-02-07,PHP,60.19
2025-02-07,PLN,4.1985
2025-02-07,RON,4.9768
2025-02-07,SEK,11.2865
2025-02-07,SGD,1.4021
2025-02-07,THB,34.924
2025-02-07,TRY,37.3344
2025-02-07,USD,1.0377
2025-02-07,ZAR,19.1225
2025-02-10,AUD,1.6448
2025-02-10,BGN,1.9558
2025-02-10,BRL,5.9622
2025-02-10,CAD,1.4798
2025-02-10,CHF,0.9396
2025-02-10,CNY,7.5395
2025-02-10,CZK,25.073
2025-02-10,DKK,7.4584
2025-02-10,GBP,0.83283
2025-02-10,HKD,8.04
2025-02-10,HUF,403.88
2025-02-10,IDR,16867.63
2025-02-10,ILS,3.679
2025-02-10,INR,90.274
2025-02-10,ISK,146.6
2025-02-10,JPY,156.92
2025-02-10,KRW,1496.81
2025-02-10,MXN,21.2378
2025-02-10,MYR,4.613
2025-02-10,NOK,11.5745
2025-02-10,NZD,1.8257
2025-02-10,PHP,60.011
2025-02-10,PLN,4.1758
2025-02-10,RON,4.9769
2025-02-10,SEK,11.2765
2025-02-10,SGD,1.3972
2025-02-10,THB,34.993
2025-02-10,TRY,37.1484
2025-02-10,USD,1.032
2025-02-10,ZAR,19.0069
2025-02-11,AUD,1.6442
2025-02-11,BGN,1.9558
2025-02-11,BRL,5.9898
2025-02-11,CAD,1.4789
2025-02-11,CHF,0.9429
2025-02-11,CNY,7.544
2025-02-11,CZK,25.101
2025-02-11,DKK,7.4582
2025-02-11,GBP,0.83355
2025-02-11,HKD,8.0452
2025-02-11,HUF,403.9
2025-02-11,IDR,16897.29
2025-02-11,ILS,3.7088
2025-02-11,INR,89.548
2025-02-11,ISK,146.6
2025-02-11,JPY,157.28
2025-02-11,KRW,1500.7
2025-02-11,MXN,21.2848
2025-02-11,MYR,4.6148
2025-02-11,NOK,11.5755
2025-02-11,NZD,1.8284
2025-02-11,PHP,60.05
2025-02-11,PLN,4.1785
2025-02-11,RON,4.9769
2025-02-11,SEK,11.2525
2025-02-11,SGD,1.3995
2025-02-11,THB,35.22
2025-02-11,TRY,37.22
2025-02-11,USD,1.0324
2025-02-11,ZAR,19.0894
2025-02-12,AUD,1.6525
2025-02-12,BGN,1.9558
2025-02-12,BRL,5.9812
2025-02-12,CAD,1.483
2025-02-12,CHF,0.9457
2025-02-12,CNY,7.5794
2025-02-12,CZK,25.075
2025-02-12,DKK,7.4583
2025-02-12,GBP,0.83338
2025-02-12,HKD,8.0769
2025-02-12,HUF,402.63
2025-02-12,IDR,16953.65
2025-02-12,ILS,3.7259
2025-02-12,INR,90.101
2025-02-12,ISK,146.4
2025-02-12,JPY,159.22
2025-02-12,KRW,1505.97
2025-02-12,MXN,21.3163
2025-02-12,MYR,4.6354
2025-02-12,NOK,11.662
2025-02-12,NZD,1.8391
2025-02-12,PHP,60.291
2025-02-12,PLN,4.1713
2025-02-12,RON,4.9767
2025-02-12,SEK,11.2895
2025-02-12,SGD,1.4031
2025-02-12,THB,35.367
2025-02-12,TRY,37.4321
2025-02-12,USD,1.037
2025-02-12,ZAR,19.1398
2025-02-13,AUD,1.6591
2025-02-13,BGN,1.9558
2025-02-13,BRL,6.0084
2025-02-13,CAD,1.4844
2025-02-13,CHF,0.9421
2025-02-13,CNY,7.5817
2025-02-13,CZK,25.057
2025-02-13,DKK,7.4586
2025-02-13,GBP,0.83313
2025-02-13,HKD,8.0926
2025-02-13,HUF,401.78
2025-02-13,IDR,17024.53
2025-02-13,ILS,3.7162
2025-02-13,INR,90.3771
2025-02-13,ISK,146.8
2025-02-13,JPY,159.79
2025-02-13,KRW,1507.52
2025-02-13,MXN,21.4383
2025-02-13,MYR,4.6287
2025-02-13,NOK,11.7145
2025-02-13,NZD,1.8447
2025-02-13,PHP,60.312
2025-02-13,PLN,4.1688
2025-02-13,RON,4.9771
2025-02-13,SEK,11.2815
2025-02-13,SGD,1.4033
2025-02-13,THB,35.227
2025-02-13,TRY,37.515
2025-02-13,USD,1.039
2025-02-13,ZAR,19.2471
2025-02-14,AUD,1.6514
2025-02-14,BGN,1.9558
2025-02-14,BRL,6.0127
2025-02-14,CAD,1.4856
2025-02-14,CHF,0.9442
2025-02-14,CNY,7.6141
2025-02-14,CZK,25.043
2025-02-14,DKK,7.459
2025-02-14,GBP,0.83215
2025-02-14,HKD,8.1554
2025-02-14,HUF,402.95
2025-02-14,IDR,16980.33
2025-02-14,ILS,3.7341
2025-02-14,INR,90.81
2025-02-14,ISK,147.3
2025-02-14,JPY,160.09
2025-02-14,KRW,1509.5
2025-02-14,MXN,21.3146
2025-02-14,MYR,4.647
2025-02-14,NOK,11.6515
2025-02-14,NZD,1.8352
2025-02-14,PHP,60.487
2025-02-14,PLN,4.1653
2025-02-14,RON,4.977
2025-02-14,SEK,11.2445
2025-02-14,SGD,1.4052
2025-02-14,THB,35.238
2025-02-14,TRY,37.9486
2025-02-14,USD,1.0478
2025-02-14,ZAR,19.2555
2025-02-17,AUD,1.6456
2025-02-17,BGN,1.9558
2025-02-17,BRL,5.9756
2025-02-17,CAD,1.4861
2025-02-17,CHF,0.944
2025-02-17,CNY,7.6066
2025-02-17,CZK,25.056
2025-02-17,DKK,7.4597
2025-02-17,GBP,0.83133
2025-02-17,HKD,8.1481
2025-02-17,HUF,401.73
2025-02-17,IDR,16993.02
2025-02-17,ILS,3.7239
2025-02-17,INR,90.992
2025-02-17,ISK,146.9
2025-02-17,JPY,158.67
2025-02-17,KRW,1511.85
2025-02-17,MXN,21.351
2025-02-17,MYR,4.6437
2025-02-17,NOK,11.6415
2025-02-17,NZD,1.8263
2025-02-17,PHP,60.757
2025-02-17,PLN,4.1605
2025-02-17,RON,4.977
2025-02-17,SEK,11.216
2025-02-17,SGD,1.405
2025-02-17,THB,35.31
2025-02-17,TRY,37.9484
2025-02-17,USD,1.0473
2025-02-17,ZAR,19.3112
2025-02-18,AUD,1.6466
2025-02-18,BGN,1.9558
2025-02-18,BRL,5.9576
2025-02-18,CAD,1.4844
2025-02-18,CHF,0.9425
2025-02-18,CNY,7.6056
2025-02-18,CZK,25.098
2025-02-18,DKK,7.4582
2025-02-18,GBP,0.83025
2025-02-18,HKD,8.1235
2025-02-18,HUF,401.54
2025-02-18,IDR,17067.58
2025-02-18,ILS,3.7177
2025-02-18,INR,90.85
2025-02-18,ISK,146.7
2025-02-18,JPY,158.55
2025-02-18,KRW,1506.32
2025-02-18,MXN,21.1919
2025-02-18,MYR,4.6442
2025-02-18,NOK,11.659
2025-02-18,NZD,1.8338
2025-02-18,PHP,60.846
2025-02-18,PLN,4.166
2025-02-18,RON,4.9773
2025-02-18,SEK,11.2115
2025-02-18,SGD,1.4036
2025-02-18,THB,35.222
2025-02-18,TRY,37.8958
2025-02-18,USD,1.0447
2025-02-18,ZAR,19.2608
2025-02-19,AUD,1.6419
2025-02-19,BGN,1.9558
2025-02-19,BRL,5.9775
2025-02-19,CAD,1.4821
2025-02-19,CHF,0.9435
2025-02-19,CNY,7.6017
2025-02-19,CZK,25.101
2025-02-19,DKK,7.4588
2025-02-19,GBP,0.82838
2025-02-19,HKD,8.1148
2025-02-19,HUF,402.13
2025-02-19,IDR,17081.19
2025-02-19,ILS,3.6976
2025-02-19,INR,90.642
2025-02-19,ISK,146.3
2025-02-19,JPY,158.41
2025-02-19,KRW,1504.72
2025-02-19,MXN,21.1954
2025-02-19,MYR,4.6343
2025-02-19,NOK,11.629
2025-02-19,NZD,1.8252
2025-02-19,PHP,60.651
2025-02-19,PLN,4.174
2025-02-19,RON,4.9774
2025-02-19,SEK,11.214
2025-02-19,SGD,1.4008
2025-02-19,THB,35.157
2025-02-19,TRY,37.8746
2025-02-19,USD,1.0434
2025-02-19,ZAR,19.3298
2025-02-20,AUD,1.6382
2025-02-20,BGN,1.9558
2025-02-20,BRL,5.9526
2025-02-20,CAD,1.4841
2025-02-20,CHF,0.9423
2025-02-20,CNY,7.5807
2025-02-20,CZK,25.073
2025-02-20,DKK,7.459
2025-02-20,GBP,0.82823
2025-02-20,HKD,8.1211
2025-02-20,HUF,402.08
2025-02-20,IDR,17011.8
2025-02-20,ILS,3.6986
2025-02-20,INR,90.426
2025-02-20,ISK,145.7
2025-02-20,JPY,156.6
2025-02-20,KRW,1500.62
2025-02-20,MXN,21.2619
2025-02-20,MYR,4.6262
2025-02-20,NOK,11.609
2025-02-20,NZD,1.8227
2025-02-20,PHP,60.462
2025-02-20,PLN,4.1605
2025-02-20,RON,4.9778
2025-02-20,SEK,11.166
2025-02-20,SGD,1.3966
2025-02-20,THB,35.099
2025-02-20,TRY,37.9226
2025-02-20,USD,1.0443
2025-02-20,ZAR,19.248
2025-02-21,AUD,1.6394
2025-02-21,BGN,1.9558
2025-02-21,BRL,5.9751
2025-02-21,CAD,1.4856
2025-02-21,CHF,0.942
2025-02-21,CNY,7.5933
2025-02-21,CZK,25.082
2025-02-21,DKK,7.4588
2025-02-21,GBP,0.8276
2025-02-21,HKD,8.1327
2025-02-21,HUF,404.6
2025-02-21,IDR,17077.52
2025-02-21,ILS,3.7211
2025-02-21,INR,90.6598
2025-02-21,ISK,145.7
2025-02-21,JPY,157.46
2025-02-21,KRW,1500.16
2025-02-21,MXN,21.2714
2025-02-21,MYR,4.624
2025-02-21,NOK,11.629
2025-02-21,NZD,1.8186
2025-02-21,PHP,60.64
2025-02-21,PLN,4.1683
2025-02-21,RON,4.9773
2025-02-21,SEK,11.1425
2025-02-21,SGD,1.3994
2025-02-21,THB,35.183
2025-02-21,TRY,38.1023
2025-02-21,USD,1.0465
2025-02-21,ZAR,19.245
2025-02-24,AUD,1.6434
2025-02-24,BGN,1.9558
2025-02-24,BRL,5.9857
2025-02-24,CAD,1.4876
2025-02-24,CHF,0.9415
2025-02-24,CNY,7.5879
2025-02-24,CZK,25.062
2025-02-24,DKK,7.4603
2025-02-24,GBP,0.8283
2025-02-24,HKD,8.1356
2025-02-24,HUF,401.69
2025-02-24,IDR,17044.56
2025-02-24,ILS,3.7334
2025-02-24,INR,90.7663
2025-02-24,ISK,145.1
2025-02-24,JPY,156.81
2025-02-24,KRW,1494.52
2025-02-24,MXN,21.3703
2025-02-24,MYR,4.616
2025-02-24,NOK,11.6355
2025-02-24,NZD,1.8213
2025-02-24,PHP,60.581
2025-02-24,PLN,4.1445
2025-02-24,RON,4.9772
2025-02-24,SEK,11.153
2025-02-24,SGD,1.4002
2025-02-24,THB,35.066
2025-02-24,TRY,38.0941
2025-02-24,USD,1.0466
2025-02-24,ZAR,19.2037
2025-02-25,AUD,1.6538
2025-02-25,BGN,1.9558
2025-02-25,BRL,6.0839
2025-02-25,CAD,1.4969
2025-02-25,CHF,0.9386
2025-02-25,CNY,7.6219
2025-02-25,CZK,24.939
2025-02-25,DKK,7.4595
2025-02-25,GBP,0.82908
2025-02-25,HKD,8.1609
2025-02-25,HUF,401.2
2025-02-25,IDR,17160.65
2025-02-25,ILS,3.7569
2025-02-25,INR,91.5198
2025-02-25,ISK,145.7
2025-02-25,JPY,157.19
2025-02-25,KRW,1505.11
2025-02-25,MXN,21.494
2025-02-25,MYR,4.6449
2025-02-25,NOK,11.6638
2025-02-25,NZD,1.8337
2025-02-25,PHP,60.832
2025-02-25,PLN,4.1393
2025-02-25,RON,4.9774
2025-02-25,SEK,11.1455
2025-02-25,SGD,1.4047
2025-02-25,THB,35.38
2025-02-25,TRY,38.2742
2025-02-25,USD,1.0497
2025-02-25,ZAR,19.2862
2025-02-26,AUD,1.6622
2025-02-26,BGN,1.9558
2025-02-26,BRL,6.0329
2025-02-26,CAD,1.5054
2025-02-26,CHF,0.9392
2025-02-26,CNY,7.6125
2025-02-26,CZK,24.948
2025-02-26,DKK,7.4584
2025-02-26,GBP,0.82868
2025-02-26,HKD,8.1516
2025-02-26,HUF,400.3
2025-02-26,IDR,17171.68
2025-02-26,ILS,3.7475
2025-02-26,INR,91.3495
2025-02-26,ISK,145.3
2025-02-26,JPY,156.7
2025-02-26,KRW,1504.35
2025-02-26,MXN,21.4685
2025-02-26,MYR,4.6447
2025-02-26,NOK,11.6895
2025-02-26,NZD,1.8419
2025-02-26,PHP,60.733
2025-02-26,PLN,4.144
2025-02-26,RON,4.9773
2025-02-26,SEK,11.143
2025-02-26,SGD,1.4035
2025-02-26,THB,35.388
2025-02-26,TRY,38.2126
2025-02-26,USD,1.0487
2025-02-26,ZAR,19.2857
2025-02-27,AUD,1.6638
2025-02-27,BGN,1.9558
2025-02-27,BRL,6.0825
2025-02-27,CAD,1.504
2025-02-27,CHF,0.9407
2025-02-27,CNY,7.6127
2025-02-27,CZK,24.987
2025-02-27,DKK,7.4584
2025-02-27,GBP,0.82673
2025-02-27,HKD,8.1446
2025-02-27,HUF,399.43
2025-02-27,IDR,17238.38
2025-02-27,ILS,3.7184
2025-02-27,INR,91.311
2025-02-27,ISK,145.5
2025-02-27,JPY,156.73
2025-02-27,KRW,1511.87
2025-02-27,MXN,21.3501
2025-02-27,MYR,4.6565
2025-02-27,NOK,11.7015
2025-02-27,NZD,1.8434
2025-02-27,PHP,60.632
2025-02-27,PLN,4.1308
2025-02-27,RON,4.9763
2025-02-27,SEK,11.159
2025-02-27,SGD,1.4049
2025-02-27,THB,35.522
2025-02-27,TRY,38.1682
2025-02-27,USD,1.0477
2025-02-27,ZAR,19.2947
2025-02-28,AUD,1.6741
2025-02-28,BGN,1.9558
2025-02-28,BRL,6.0712
2025-02-28,CAD,1.5019
2025-02-28,CHF,0.9394
2025-02-28,CNY,7.5782
2025-02-28,CZK,25.029
2025-02-28,DKK,7.4583
2025-02-28,GBP,0.82608
2025-02-28,HKD,8.098
2025-02-28,HUF,399.5
2025-02-28,IDR,17228.17
2025-02-28,ILS,3.7457
2025-02-28,INR,90.971
2025-02-28,ISK,145.7
2025-02-28,JPY,156.96
2025-02-28,KRW,1519.92
2025-02-28,MXN,21.2191
2025-02-28,MYR,4.6459
2025-02-28,NOK,11.7245
2025-02-28,NZD,1.8579
2025-02-28,PHP,60.355
2025-02-28,PLN,4.1503
2025-02-28,RON,4.9768
2025-02-28,SEK,11.188
2025-02-28,SGD,1.4037
2025-02-28,THB,35.567
2025-02-28,TRY,38.0186
2025-02-28,USD,1.0411
2025-02-28,ZAR,19.1917
2025-03-03,AUD,1.6811
2025-03-03,BGN,1.9558
2025-03-03,BRL,6.159
2025-03-03,CAD,1.5104
2025-03-03,CHF,0.9428
2025-03-03,CNY,7.6282
2025-03-03,CZK,25.097
2025-03-03,DKK,7.4583
2025-03-03,GBP,0.8253
2025-03-03,HKD,8.1386
2025-03-03,HUF,400.43
2025-03-03,IDR,17216.08
2025-03-03,ILS,3.7616
2025-03-03,INR,91.353
2025-03-03,ISK,145.7
2025-03-03,JPY,158.33
2025-03-03,KRW,1526.42
2025-03-03,MXN,21.4253
2025-03-03,MYR,4.6737
2025-03-03,NOK,11.695
2025-03-03,NZD,1.8669
2025-03-03,PHP,60.436
2025-03-03,PLN,4.1708
2025-03-03,RON,4.9773
2025-03-03,SEK,11.15
2025-03-03,SGD,1.4106
2025-03-03,THB,35.691
2025-03-03,TRY,38.1487
2025-03-03,USD,1.0465
2025-03-03,ZAR,19.5068
2025-03-04,AUD,1.6919
2025-03-04,BGN,1.9558
2025-03-04,BRL,6.2132
2025-03-04,CAD,1.5224
2025-03-04,CHF,0.9371
2025-03-04,CNY,7.6614
2025-03-04,CZK,25.025
2025-03-04,DKK,7.4589
2025-03-04,GBP,0.82788
2025-03-04,HKD,8.2056
2025-03-04,HUF,398.93
2025-03-04,IDR,17328.15
2025-03-04,ILS,3.8177
2025-03-04,INR,91.9903
2025-03-04,ISK,146.3
2025-03-04,JPY,156.5
2025-03-04,KRW,1537.13
2025-03-04,MXN,21.9418
2025-03-04,MYR,4.7153
2025-03-04,NOK,11.808
2025-03-04,NZD,1.872
2025-03-04,PHP,60.797
2025-03-04,PLN,4.1593
2025-03-04,RON,4.9769
2025-03-04,SEK,11.0995
2025-03-04,SGD,1.4151
2025-03-04,THB,35.582
2025-03-04,TRY,38.4845
2025-03-04,USD,1.0557
2025-03-04,ZAR,19.5569
2025-03-05,AUD,1.703
2025-03-05,BGN,1.9558
2025-03-05,BRL,6.2938
2025-03-05,CAD,1.5398
2025-03-05,CHF,0.9514
2025-03-05,CNY,7.7675
2025-03-05,CZK,25.048
2025-03-05,DKK,7.4589
2025-03-05,GBP,0.835
2025-03-05,HKD,8.3106
2025-03-05,HUF,398.85
2025-03-05,IDR,17496.99
2025-03-05,ILS,3.875
2025-03-05,INR,93.0873
2025-03-05,ISK,146.5
2025-03-05,JPY,160.09
2025-03-05,KRW,1551.65
2025-03-05,MXN,22.0091
2025-03-05,MYR,4.7369
2025-03-05,NOK,11.82
2025-03-05,NZD,1.8832
2025-03-05,PHP,61.383
2025-03-05,PLN,4.15
2025-03-05,RON,4.9758
2025-03-05,SEK,11.0125
2025-03-05,SGD,1.4301
2025-03-05,THB,36.012
2025-03-05,TRY,38.9615
2025-03-05,USD,1.0694
2025-03-05,ZAR,19.7222
2025-03-06,AUD,1.7037
2025-03-06,BGN,1.9558
2025-03-06,BRL,6.2088
2025-03-06,CAD,1.5509
2025-03-06,CHF,0.9565
2025-03-06,CNY,7.8247
2025-03-06,CZK,25.047
2025-03-06,DKK,7.4593
2025-03-06,GBP,0.8379
2025-03-06,HKD,8.3922
2025-03-06,HUF,400.68
2025-03-06,IDR,17670.84
2025-03-06,ILS,3.9023
2025-03-06,INR,94.008
2025-03-06,ISK,146.9
2025-03-06,JPY,159.24
2025-03-06,KRW,1563.53
2025-03-06,MXN,22.0272
2025-03-06,MYR,4.7799
2025-03-06,NOK,11.716
2025-03-06,NZD,1.881
2025-03-06,PHP,61.924
2025-03-06,PLN,4.177
2025-03-06,RON,4.9754
2025-03-06,SEK,10.962
2025-03-06,SGD,1.4387
2025-03-06,THB,36.399
2025-03-06,TRY,39.3233
2025-03-06,USD,1.0796
2025-03-06,ZAR,19.7579
2025-03-07,AUD,1.7258
2025-03-07,BGN,1.9558
2025-03-07,BRL,6.2617
2025-03-07,CAD,1.5566
2025-03-07,CHF,0.9557
2025-03-07,CNY,7.8561
2025-03-07,CZK,25.016
2025-03-07,DKK,7.4589
2025-03-07,GBP,0.84088
2025-03-07,HKD,8.4357
2025-03-07,HUF,399.28
2025-03-07,IDR,17664.39
2025-03-07,ILS,3.934
2025-03-07,INR,94.4435
2025-03-07,ISK,147.3
2025-03-07,JPY,160.35
2025-03-07,KRW,1570.47
2025-03-07,MXN,22.049
2025-03-07,MYR,4.7934
2025-03-07,NOK,11.759
2025-03-07,NZD,1.9012
2025-03-07,PHP,62.129
2025-03-07,PLN,4.1788
2025-03-07,RON,4.9757
2025-03-07,SEK,10.9715
2025-03-07,SGD,1.4448
2025-03-07,THB,36.518
2025-03-07,TRY,39.5792
2025-03-07,USD,1.0857
2025-03-07,ZAR,19.7306
2025-03-10,AUD,1.7158
2025-03-10,BGN,1.9558
2025-03-10,BRL,6.2887
2025-03-10,CAD,1.5642
2025-03-10,CHF,0.9512
2025-03-10,CNY,7.8718
2025-03-10,CZK,24.957
2025-03-10,DKK,7.4584
2025-03-10,GBP,0.83849
2025-03-10,HKD,8.4241
2025-03-10,HUF,399.45
2025-03-10,IDR,17739
2025-03-10,ILS,3.9415
2025-03-10,INR,94.6938
2025-03-10,ISK,146.9
2025-03-10,JPY,159.39
2025-03-10,KRW,1578.91
2025-03-10,MXN,21.9075
2025-03-10,MYR,4.7973
2025-03-10,NOK,11.6705
2025-03-10,NZD,1.8917
2025-03-10,PHP,62.261
2025-03-10,PLN,4.196
2025-03-10,RON,4.9765
2025-03-10,SEK,10.9695
2025-03-10,SGD,1.4436
2025-03-10,THB,36.651
2025-03-10,TRY,39.6428
2025-03-10,USD,1.0845
2025-03-10,ZAR,19.7829
2025-03-11,AUD,1.7357
2025-03-11,BGN,1.9558
2025-03-11,BRL,6.3688
2025-03-11,CAD,1.5731
2025-03-11,CHF,0.9608
2025-03-11,CNY,7.8929
2025-03-11,CZK,24.963
2025-03-11,DKK,7.4587
2025-03-11,GBP,0.84374
2025-03-11,HKD,8.4784
2025-03-11,HUF,401.78
2025-03-11,IDR,17937.42
2025-03-11,ILS,3.98
2025-03-11,INR,95.1455
2025-03-11,ISK,146.9
2025-03-11,JPY,161.52
2025-03-11,KRW,1586.56
2025-03-11,MXN,22.2142
2025-03-11,MYR,4.8155
2025-03-11,NOK,11.634
2025-03-11,NZD,1.913
2025-03-11,PHP,62.518
2025-03-11,PLN,4.2003
2025-03-11,RON,4.9771
2025-03-11,SEK,10.9815
2025-03-11,SGD,1.4535
2025-03-11,THB,36.855
2025-03-11,TRY,39.927
2025-03-11,USD,1.0912
2025-03-11,ZAR,19.9287
2025-03-12,AUD,1.7297
2025-03-12,BGN,1.9558
2025-03-12,BRL,6.3587
2025-03-12,CAD,1.5684
2025-03-12,CHF,0.9619
2025-03-12,CNY,7.8848
2025-03-12,CZK,25.013
2025-03-12,DKK,7.4591
2025-03-12,GBP,0.84078
2025-03-12,HKD,8.4579
2025-03-12,HUF,399.78
2025-03-12,IDR,17929.24
2025-03-12,ILS,3.9606
2025-03-12,INR,94.9275
2025-03-12,ISK,146.5
2025-03-12,JPY,162.23
2025-03-12,KRW,1580.65
2025-03-12,MXN,22.0364
2025-03-12,MYR,4.823
2025-03-12,NOK,11.6085
2025-03-12,NZD,1.9056
2025-03-12,PHP,62.449
2025-03-12,PLN,4.1955
2025-03-12,RON,4.9774
2025-03-12,SEK,10.9765
2025-03-12,SGD,1.4527
2025-03-12,THB,36.855
2025-03-12,TRY,39.8526
2025-03-12,USD,1.0886
2025-03-12,ZAR,20.0248
2025-03-13,AUD,1.7264
2025-03-13,BGN,1.9558
2025-03-13,BRL,6.3032
2025-03-13,CAD,1.5591
2025-03-13,CHF,0.9579
2025-03-13,CNY,7.8493
2025-03-13,CZK,25.093
2025-03-13,DKK,7.4605
2025-03-13,GBP,0.83778
2025-03-13,HKD,8.4175
2025-03-13,HUF,400.28
2025-03-13,IDR,17799.48
2025-03-13,ILS,3.9622
2025-03-13,INR,94.27
2025-03-13,ISK,146.1
2025-03-13,JPY,160.64
2025-03-13,KRW,1577.63
2025-03-13,MXN,21.8318
2025-03-13,MYR,4.8064
2025-03-13,NOK,11.5975
2025-03-13,NZD,1.9045
2025-03-13,PHP,62.238
2025-03-13,PLN,4.1965
2025-03-13,RON,4.9775
2025-03-13,SEK,11.07
2025-03-13,SGD,1.4484
2025-03-13,THB,36.665
2025-03-13,TRY,39.6459
2025-03-13,USD,1.083
2025-03-13,ZAR,19.9578
2025-03-14,AUD,1.7237
2025-03-14,BGN,1.9558
2025-03-14,BRL,6.2683
2025-03-14,CAD,1.5691
2025-03-14,CHF,0.9641
2025-03-14,CNY,7.8822
2025-03-14,CZK,25.014
2025-03-14,DKK,7.4601
2025-03-14,GBP,0.84183
2025-03-14,HKD,8.4635
2025-03-14,HUF,399.48
2025-03-14,IDR,17811.63
2025-03-14,ILS,4.0019
2025-03-14,INR,94.6655
2025-03-14,ISK,145.9
2025-03-14,JPY,161.88
2025-03-14,KRW,1582.87
2025-03-14,MXN,21.7571
2025-03-14,MYR,4.8418
2025-03-14,NOK,11.62
2025-03-14,NZD,1.8985
2025-03-14,PHP,62.372
2025-03-14,PLN,4.1723
2025-03-14,RON,4.9768
2025-03-14,SEK,11.0538
2025-03-14,SGD,1.4536
2025-03-14,THB,36.658
2025-03-14,TRY,39.9381
2025-03-14,USD,1.0889
2025-03-14,ZAR,19.7832
2025-03-17,AUD,1.716
2025-03-17,BGN,1.9558
2025-03-17,BRL,6.2238
2025-03-17,CAD,1.5625
2025-03-17,CHF,0.9616
2025-03-17,CNY,7.8869
2025-03-17,CZK,25.035
2025-03-17,DKK,7.4607
2025-03-17,GBP,0.84026
2025-03-17,HKD,8.4719
2025-03-17,HUF,399.28
2025-03-17,IDR,17858.46
2025-03-17,ILS,3.9773
2025-03-17,INR,94.631
2025-03-17,ISK,146.1
2025-03-17,JPY,162.26
2025-03-17,KRW,1579.07
2025-03-17,MXN,21.6851
2025-03-17,MYR,4.8464
2025-03-17,NOK,11.5283
2025-03-17,NZD,1.8813
2025-03-17,PHP,62.479
2025-03-17,PLN,4.1863
2025-03-17,RON,4.9775
2025-03-17,SEK,11.0225
2025-03-17,SGD,1.4522
2025-03-17,THB,36.661
2025-03-17,TRY,39.978
2025-03-17,USD,1.0903
2025-03-17,ZAR,19.7797
2025-03-18,AUD,1.7147
2025-03-18,BGN,1.9558
2025-03-18,BRL,6.2091
2025-03-18,CAD,1.5599
2025-03-18,CHF,0.9601
2025-03-18,CNY,7.8907
2025-03-18,CZK,25.038
2025-03-18,DKK,7.4598
2025-03-18,GBP,0.84173
2025-03-18,HKD,8.4833
2025-03-18,HUF,397.33
2025-03-18,IDR,18028.24
2025-03-18,ILS,3.9844
2025-03-18,INR,94.5045
2025-03-18,ISK,145.7
2025-03-18,JPY,163.5
2025-03-18,KRW,1586.67
2025-03-18,MXN,21.8986
2025-03-18,MYR,4.8531
2025-03-18,NOK,11.528
2025-03-18,NZD,1.8777
2025-03-18,PHP,62.541
2025-03-18,PLN,4.175
2025-03-18,RON,4.9774
2025-03-18,SEK,10.997
2025-03-18,SGD,1.4544
2025-03-18,THB,36.646
2025-03-18,TRY,40.02
2025-03-18,USD,1.0918
2025-03-18,ZAR,19.7084
2025-03-19,AUD,1.7208
2025-03-19,BGN,1.9558
2025-03-19,BRL,6.1929
2025-03-19,CAD,1.5606
2025-03-19,CHF,0.9583
2025-03-19,CNY,7.8786
2025-03-19,CZK,24.994
2025-03-19,DKK,7.4592
2025-03-19,GBP,0.84078
2025-03-19,HKD,8.4674
2025-03-19,HUF,398.23
2025-03-19,IDR,18008.06
2025-03-19,ILS,4.001
2025-03-19,INR,94.0605
2025-03-19,ISK,145.5
2025-03-19,JPY,163.27
2025-03-19,KRW,1589.71
2025-03-19,MXN,21.7258
2025-03-19,MYR,4.8339
2025-03-19,NOK,11.505
2025-03-19,NZD,1.8832
2025-03-19,PHP,62.351
2025-03-19,PLN,4.1885
2025-03-19,RON,4.9773
2025-03-19,SEK,11.0025
2025-03-19,SGD,1.4526
2025-03-19,THB,36.641
2025-03-19,TRY,41.3997
2025-03-19,USD,1.0897
2025-03-19,ZAR,19.745
2025-03-20,AUD,1.7242
2025-03-20,BGN,1.9558
2025-03-20,BRL,6.1272
2025-03-20,CAD,1.5592
2025-03-20,CHF,0.9564
2025-03-20,CNY,7.8481
2025-03-20,CZK,25.013
2025-03-20,DKK,7.4594
2025-03-20,GBP,0.8369
2025-03-20,HKD,8.4189
2025-03-20,HUF,399.68
2025-03-20,IDR,17884.8
2025-03-20,ILS,3.9828
2025-03-20,INR,93.551
2025-03-20,ISK,144.3
2025-03-20,JPY,160.85
2025-03-20,KRW,1591.96
2025-03-20,MXN,21.8986
2025-03-20,MYR,4.7947
2025-03-20,NOK,11.5025
2025-03-20,NZD,1.8896
2025-03-20,PHP,62.008
2025-03-20,PLN,4.2003
2025-03-20,RON,4.9769
2025-03-20,SEK,11.0295
2025-03-20,SGD,1.4476
2025-03-20,THB,36.621
2025-03-20,TRY,41.1641
2025-03-20,USD,1.0833
2025-03-20,ZAR,19.7062
2025-03-21,AUD,1.724
2025-03-21,BGN,1.9558
2025-03-21,BRL,6.1911
2025-03-21,CAD,1.5551
2025-03-21,CHF,0.9547
2025-03-21,CNY,7.8477
2025-03-21,CZK,24.981
2025-03-21,DKK,7.4596
2025-03-21,GBP,0.83765
2025-03-21,HKD,8.4166
2025-03-21,HUF,399.08
2025-03-21,IDR,17876.68
2025-03-21,ILS,4.0199
2025-03-21,INR,93.14
2025-03-21,ISK,144.3
2025-03-21,JPY,160.99
2025-03-21,KRW,1585.51
2025-03-21,MXN,21.9337
2025-03-21,MYR,4.7866
2025-03-21,NOK,11.401
2025-03-21,NZD,1.8821
2025-03-21,PHP,62.004
2025-03-21,PLN,4.2023
2025-03-21,RON,4.977
2025-03-21,SEK,10.933
2025-03-21,SGD,1.4452
2025-03-21,THB,36.655
2025-03-21,TRY,41.1528
2025-03-21,USD,1.0827
2025-03-21,ZAR,19.6831
2025-03-24,AUD,1.7223
2025-03-24,BGN,1.9558
2025-03-24,BRL,6.2314
2025-03-24,CAD,1.552
2025-03-24,CHF,0.9544
2025-03-24,CNY,7.8513
2025-03-24,CZK,24.97
2025-03-24,DKK,7.4591
2025-03-24,GBP,0.83663
2025-03-24,HKD,8.4141
2025-03-24,HUF,398.08
2025-03-24,IDR,17923.73
2025-03-24,ILS,4.0041
2025-03-24,INR,92.6195
2025-03-24,ISK,144.7
2025-03-24,JPY,162.15
2025-03-24,KRW,1588.2
2025-03-24,MXN,21.8324
2025-03-24,MYR,4.7994
2025-03-24,NOK,11.3795
2025-03-24,NZD,1.8908
2025-03-24,PHP,62.067
2025-03-24,PLN,4.176
2025-03-24,RON,4.9756
2025-03-24,SEK,10.957
2025-03-24,SGD,1.448
2025-03-24,THB,36.666
2025-03-24,TRY,41.1312
2025-03-24,USD,1.0824
2025-03-24,ZAR,19.6168
2025-03-25,AUD,1.7123
2025-03-25,BGN,1.9558
2025-03-25,BRL,6.2051
2025-03-25,CAD,1.5459
2025-03-25,CHF,0.9539
2025-03-25,CNY,7.8571
2025-03-25,CZK,24.884
2025-03-25,DKK,7.4599
2025-03-25,GBP,0.83565
2025-03-25,HKD,8.416
2025-03-25,HUF,398
2025-03-25,IDR,17931.67
2025-03-25,ILS,3.9657
2025-03-25,INR,92.7728
2025-03-25,ISK,144.1
2025-03-25,JPY,162.32
2025-03-25,KRW,1587.16
2025-03-25,MXN,21.654
2025-03-25,MYR,4.802
2025-03-25,NOK,11.309
2025-03-25,NZD,1.8834
2025-03-25,PHP,62.276
2025-03-25,PLN,4.1635
2025-03-25,RON,4.9756
2025-03-25,SEK,10.7975
2025-03-25,SGD,1.4459
2025-03-25,THB,36.637
2025-03-25,TRY,41.1079
2025-03-25,USD,1.0825
2025-03-25,ZAR,19.6632
2025-03-26,AUD,1.7077
2025-03-26,BGN,1.9558
2025-03-26,BRL,6.177
2025-03-26,CAD,1.5387
2025-03-26,CHF,0.9532
2025-03-26,CNY,7.8381
2025-03-26,CZK,24.934
2025-03-26,DKK,7.4605
2025-03-26,GBP,0.83623
2025-03-26,HKD,8.3886
2025-03-26,HUF,400.83
2025-03-26,IDR,17922
2025-03-26,ILS,3.957
2025-03-26,INR,92.4014
2025-03-26,ISK,143.3
2025-03-26,JPY,162.2
2025-03-26,KRW,1580.86
2025-03-26,MXN,21.6498
2025-03-26,MYR,4.7785
2025-03-26,NOK,11.3585
2025-03-26,NZD,1.8749
2025-03-26,PHP,62.26
2025-03-26,PLN,4.1755
2025-03-26,RON,4.9763
2025-03-26,SEK,10.8395
2025-03-26,SGD,1.4439
2025-03-26,THB,36.652
2025-03-26,TRY,41.0041
2025-03-26,USD,1.0788
2025-03-26,ZAR,19.6974
2025-03-27,AUD,1.7101
2025-03-27,BGN,1.9558
2025-03-27,BRL,6.2154
2025-03-27,CAD,1.5425
2025-03-27,CHF,0.9524
2025-03-27,CNY,7.8361
2025-03-27,CZK,24.982
2025-03-27,DKK,7.4605
2025-03-27,GBP,0.83318
2025-03-27,HKD,8.3867
2025-03-27,HUF,400.98
2025-03-27,IDR,17887.25
2025-03-27,ILS,3.9595
2025-03-27,INR,92.462
2025-03-27,ISK,142.3
2025-03-27,JPY,162.55
2025-03-27,KRW,1580.16
2025-03-27,MXN,21.8876
2025-03-27,MYR,4.7794
2025-03-27,NOK,11.3435
2025-03-27,NZD,1.8778
2025-03-27,PHP,61.911
2025-03-27,PLN,4.1968
2025-03-27,RON,4.9773
2025-03-27,SEK,10.8235
2025-03-27,SGD,1.445
2025-03-27,THB,36.529
2025-03-27,TRY,40.994
2025-03-27,USD,1.0785
2025-03-27,ZAR,19.7061
2025-03-28,AUD,1.712
2025-03-28,BGN,1.9558
2025-03-28,BRL,6.2252
2025-03-28,CAD,1.5444
2025-03-28,CHF,0.9525
2025-03-28,CNY,7.8445
2025-03-28,CZK,24.96
2025-03-28,DKK,7.4616
2025-03-28,GBP,0.83358
2025-03-28,HKD,8.3988
2025-03-28,HUF,403.13
2025-03-28,IDR,17909.52
2025-03-28,ILS,3.984
2025-03-28,INR,92.346
2025-03-28,ISK,142.5
2025-03-28,JPY,162.64
2025-03-28,KRW,1585.65
2025-03-28,MXN,21.9676
2025-03-28,MYR,4.7912
2025-03-28,NOK,11.294
2025-03-28,NZD,1.8845
2025-03-28,PHP,61.947
2025-03-28,PLN,4.1775
2025-03-28,RON,4.9774
2025-03-28,SEK,10.82
2025-03-28,SGD,1.4481
2025-03-28,THB,36.664
2025-03-28,TRY,41.0387
2025-03-28,USD,1.0797
2025-03-28,ZAR,19.6113
2025-03-31,AUD,1.7318
2025-03-31,BGN,1.9558
2025-03-31,BRL,6.2507
2025-03-31,CAD,1.5533
2025-03-31,CHF,0.9531
2025-03-31,CNY,7.8442
2025-03-31,CZK,24.962
2025-03-31,DKK,7.4613
2025-03-31,GBP,0.83536
2025-03-31,HKD,8.413
2025-03-31,HUF,402.35
2025-03-31,IDR,17992.97
2025-03-31,ILS,4.0256
2025-03-31,INR,92.3955
2025-03-31,ISK,142.7
2025-03-31,JPY,161.6
2025-03-31,KRW,1594.71
2025-03-31,MXN,22.0627
2025-03-31,MYR,4.7992
2025-03-31,NOK,11.413
2025-03-31,NZD,1.9035
2025-03-31,PHP,61.919
2025-03-31,PLN,4.184
2025-03-31,RON,4.9771
2025-03-31,SEK,10.849
2025-03-31,SGD,1.4519
2025-03-31,THB,36.706
2025-03-31,TRY,41.0399
2025-03-31,USD,1.0815
2025-03-31,ZAR,19.8782
2025-04-01,AUD,1.7255
2025-04-01,BGN,1.9558
2025-04-01,BRL,6.1679
2025-04-01,CAD,1.5529
2025-04-01,CHF,0.952
2025-04-01,CNY,7.8431
2025-04-01,CZK,24.954
2025-04-01,DKK,7.4616
2025-04-01,GBP,0.83665
2025-04-01,HKD,8.3943
2025-04-01,HUF,402.63
2025-04-01,IDR,18062.4
2025-04-01,ILS,3.9973
2025-04-01,INR,92.384
2025-04-01,ISK,143.7
2025-04-01,JPY,160.93
2025-04-01,KRW,1588.43
2025-04-01,MXN,22.138
2025-04-01,MYR,4.7872
2025-04-01,NOK,11.318
2025-04-01,NZD,1.9001
2025-04-01,PHP,61.794
2025-04-01,PLN,4.1863
2025-04-01,RON,4.9774
2025-04-01,SEK,10.816
2025-04-01,SGD,1.4492
2025-04-01,THB,36.846
2025-04-01,TRY,40.9201
2025-04-01,USD,1.0788
2025-04-01,ZAR,19.7741
2025-04-02,AUD,1.7146
2025-04-02,BGN,1.9558
2025-04-02,BRL,6.1212
2025-04-02,CAD,1.5479
2025-04-02,CHF,0.9543
2025-04-02,CNY,7.8529
2025-04-02,CZK,24.963
2025-04-02,DKK,7.4611
2025-04-02,GBP,0.83455
2025-04-02,HKD,8.4067
2025-04-02,HUF,400.95
2025-04-02,IDR,18058.29
2025-04-02,ILS,3.9977
2025-04-02,INR,92.362
2025-04-02,ISK,143.7
2025-04-02,JPY,161.22
2025-04-02,KRW,1579.27
2025-04-02,MXN,21.9953
2025-04-02,MYR,4.8117
2025-04-02,NOK,11.2745
2025-04-02,NZD,1.8821
2025-04-02,PHP,61.806
2025-04-02,PLN,4.1775
2025-04-02,RON,4.9775
2025-04-02,SEK,10.764
2025-04-02,SGD,1.4508
2025-04-02,THB,36.93
2025-04-02,TRY,40.9573
2025-04-02,USD,1.0803
2025-04-02,ZAR,20.1042
2025-04-03,AUD,1.7448
2025-04-03,BGN,1.9558
2025-04-03,BRL,6.2411
2025-04-03,CAD,1.5636
2025-04-03,CHF,0.9538
2025-04-03,CNY,8.0919
2025-04-03,CZK,24.972
2025-04-03,DKK,7.4613
2025-04-03,GBP,0.84163
2025-04-03,HKD,8.6311
2025-04-03,HUF,401.58
2025-04-03,IDR,18547.91
2025-04-03,ILS,4.0919
2025-04-03,INR,94.6325
2025-04-03,ISK,144.7
2025-04-03,JPY,162.17
2025-04-03,KRW,1615.11
2025-04-03,MXN,22.223
2025-04-03,MYR,4.9293
2025-04-03,NOK,11.4235
2025-04-03,NZD,1.9047
2025-04-03,PHP,63.295
2025-04-03,PLN,4.196
2025-04-03,RON,4.9774
2025-04-03,SEK,10.7205
2025-04-03,SGD,1.4804
2025-04-03,THB,38.046
2025-04-03,TRY,42.097
2025-04-03,USD,1.1097
2025-04-03,ZAR,20.9522
2025-04-04,AUD,1.8098
2025-04-04,BGN,1.9558
2025-04-04,BRL,6.3407
2025-04-04,CAD,1.5696
2025-04-04,CHF,0.9407
2025-04-04,CNY,8.0518
2025-04-04,CZK,25.142
2025-04-04,DKK,7.4618
2025-04-04,GBP,0.84985
2025-04-04,HKD,8.5933
2025-04-04,HUF,405.7
2025-04-04,IDR,18750.74
2025-04-04,ILS,4.1244
2025-04-04,INR,94.426
2025-04-04,ISK,144.7
2025-04-04,JPY,160.56
2025-04-04,KRW,1601.11
2025-04-04,MXN,22.5386
2025-04-04,MYR,4.906
2025-04-04,NOK,11.6815
2025-04-04,NZD,1.9613
2025-04-04,PHP,63.294
2025-04-04,PLN,4.2625
2025-04-04,RON,4.9773
2025-04-04,SEK,10.974
2025-04-04,SGD,1.4804
2025-04-04,THB,37.793
2025-04-04,TRY,42.0298
2025-04-04,USD,1.1057
2025-04-04,ZAR,21.0789
2025-04-07,AUD,1.8174
2025-04-07,BGN,1.9558
2025-04-07,BRL,6.4415
2025-04-07,CAD,1.5657
2025-04-07,CHF,0.9377
2025-04-07,CNY,8.0155
2025-04-07,CZK,25.195
2025-04-07,DKK,7.4638
2025-04-07,GBP,0.85588
2025-04-07,HKD,8.5198
2025-04-07,HUF,407.95
2025-04-07,IDR,18591.26
2025-04-07,ILS,4.1504
2025-04-07,INR,94.059
2025-04-07,ISK,145.1
2025-04-07,JPY,160.58
2025-04-07,KRW,1606.51
2025-04-07,MXN,22.6772
2025-04-07,MYR,4.9132
2025-04-07,NOK,11.9545
2025-04-07,NZD,1.9651
2025-04-07,PHP,62.94
2025-04-07,PLN,4.294
2025-04-07,RON,4.9774
2025-04-07,SEK,11.078
2025-04-07,SGD,1.4767
2025-04-07,THB,37.847
2025-04-07,TRY,41.6868
2025-04-07,USD,1.0967
2025-04-07,ZAR,21.2745
2025-04-08,AUD,1.8073
2025-04-08,BGN,1.9558
2025-04-08,BRL,6.4211
2025-04-08,CAD,1.5512
2025-04-08,CHF,0.9349
2025-04-08,CNY,8.0359
2025-04-08,CZK,25.139
2025-04-08,DKK,7.4648
2025-04-08,GBP,0.85644
2025-04-08,HKD,8.5059
2025-04-08,HUF,407
2025-04-08,IDR,18522.86
2025-04-08,ILS,4.1168
2025-04-08,INR,94.4125
2025-04-08,ISK,145.1
2025-04-08,JPY,160.65
2025-04-08,KRW,1618.79
2025-04-08,MXN,22.4776
2025-04-08,MYR,4.9176
2025-04-08,NOK,11.9505
2025-04-08,NZD,1.9534
2025-04-08,PHP,62.776
2025-04-08,PLN,4.269
2025-04-08,RON,4.9772
2025-04-08,SEK,10.9775
2025-04-08,SGD,1.4766
2025-04-08,THB,37.986
2025-04-08,TRY,41.6215
2025-04-08,USD,1.095
2025-04-08,ZAR,21.1803
2025-04-09,AUD,1.8391
2025-04-09,BGN,1.9558
2025-04-09,BRL,6.6875
2025-04-09,CAD,1.5671
2025-04-09,CHF,0.9278
2025-04-09,CNY,8.1179
2025-04-09,CZK,25.168
2025-04-09,DKK,7.469
2025-04-09,GBP,0.86435
2025-04-09,HKD,8.5645
2025-04-09,HUF,408.93
2025-04-09,IDR,18715.31
2025-04-09,ILS,4.2116
2025-04-09,INR,95.733
2025-04-09,ISK,145.1
2025-04-09,JPY,159.61
2025-04-09,KRW,1631.05
2025-04-09,MXN,23.1597
2025-04-09,MYR,4.9658
2025-04-09,NOK,12.1195
2025-04-09,NZD,1.9878
2025-04-09,PHP,63.441
2025-04-09,PLN,4.2953
2025-04-09,RON,4.9777
2025-04-09,SEK,11.0715
2025-04-09,SGD,1.4883
2025-04-09,THB,38.111
2025-04-09,TRY,41.982
2025-04-09,USD,1.1045
2025-04-09,ZAR,21.7765
2025-04-10,AUD,1.7905
2025-04-10,BGN,1.9558
2025-04-10,BRL,6.4887
2025-04-10,CAD,1.5607
2025-04-10,CHF,0.9299
2025-04-10,CNY,8.1137
2025-04-10,CZK,25.11
2025-04-10,DKK,7.4653
2025-04-10,GBP,0.85755
2025-04-10,HKD,8.6004
2025-04-10,HUF,406.75
2025-04-10,IDR,18655.61
2025-04-10,ILS,4.1901
2025-04-10,INR,95.484
2025-04-10,ISK,144.7
2025-04-10,JPY,161.28
2025-04-10,KRW,1612.93
2025-04-10,MXN,22.6437
2025-04-10,MYR,4.9514
2025-04-10,NOK,11.9815
2025-04-10,NZD,1.9428
2025-04-10,PHP,63.551
2025-04-10,PLN,4.2543
2025-04-10,RON,4.9776
2025-04-10,SEK,11.019
2025-04-10,SGD,1.481
2025-04-10,THB,37.756
2025-04-10,TRY,42.0127
2025-04-10,USD,1.1082
2025-04-10,ZAR,21.527
2025-04-11,AUD,1.8201
2025-04-11,BGN,1.9558
2025-04-11,BRL,6.6159
2025-04-11,CAD,1.5736
2025-04-11,CHF,0.9252
2025-04-11,CNY,8.2819
2025-04-11,CZK,25.147
2025-04-11,DKK,7.4675
2025-04-11,GBP,0.86678
2025-04-11,HKD,8.799
2025-04-11,HUF,408.9
2025-04-11,IDR,19123.91
2025-04-11,ILS,4.2217
2025-04-11,INR,97.685
2025-04-11,ISK,145.3
2025-04-11,JPY,162.07
2025-04-11,KRW,1624.38
2025-04-11,MXN,23.123
2025-04-11,MYR,5.0178
2025-04-11,NOK,12.1005
2025-04-11,NZD,1.9576
2025-04-11,PHP,64.746
2025-04-11,PLN,4.2953
2025-04-11,RON,4.9777
2025-04-11,SEK,11.1198
2025-04-11,SGD,1.4992
2025-04-11,THB,38.072
2025-04-11,TRY,43.181
2025-04-11,USD,1.1346
2025-04-11,ZAR,21.8788
2025-04-14,AUD,1.8034
2025-04-14,BGN,1.9558
2025-04-14,BRL,6.6488
2025-04-14,CAD,1.5786
2025-04-14,CHF,0.9329
2025-04-14,CNY,8.3196
2025-04-14,CZK,25.108
2025-04-14,DKK,7.4675
2025-04-14,GBP,0.86383
2025-04-14,HKD,8.8221
2025-04-14,HUF,410.45
2025-04-14,IDR,19125.14
2025-04-14,ILS,4.191
2025-04-14,INR,97.8348
2025-04-14,ISK,144.9
2025-04-14,JPY,162.97
2025-04-14,KRW,1617.29
2025-04-14,MXN,22.972
2025-04-14,MYR,5.0229
2025-04-14,NOK,12.0205
2025-04-14,NZD,1.943
2025-04-14,PHP,64.868
2025-04-14,PLN,4.286
2025-04-14,RON,4.9775
2025-04-14,SEK,11.0065
2025-04-14,SGD,1.4971
2025-04-14,THB,38.176
2025-04-14,TRY,43.2931
2025-04-14,USD,1.1377
2025-04-14,ZAR,21.5332
2025-04-15,AUD,1.7794
2025-04-15,BGN,1.9558
2025-04-15,BRL,6.6207
2025-04-15,CAD,1.5711
2025-04-15,CHF,0.9242
2025-04-15,CNY,8.2835
2025-04-15,CZK,25.064
2025-04-15,DKK,7.4641
2025-04-15,GBP,0.8557
2025-04-15,HKD,8.8238
2025-04-15,HUF,407.73
2025-04-15,IDR,19084.7
2025-04-15,ILS,4.1797
2025-04-15,INR,97.2557
2025-04-15,ISK,145.53
2025-04-15,JPY,161.85
2025-04-15,KRW,1615.76
2025-04-15,MXN,22.7215
2025-04-15,MYR,5.0034
2025-04-15,NOK,11.9726
2025-04-15,NZD,1.9104
2025-04-15,PHP,64.537
2025-04-15,PLN,4.2844
2025-04-15,RON,4.9778
2025-04-15,SEK,11.0611
2025-04-15,SGD,1.4915
2025-04-15,THB,38.026
2025-04-15,TRY,43.1829
2025-04-15,USD,1.1324
2025-04-15,ZAR,21.4541
2025-04-16,AUD,1.7816
2025-04-16,BGN,1.9558
2025-04-16,BRL,6.6671
2025-04-16,CAD,1.5807
2025-04-16,CHF,0.926
2025-04-16,CNY,8.2961
2025-04-16,CZK,24.995
2025-04-16,DKK,7.4672
2025-04-16,GBP,0.85618
2025-04-16,HKD,8.8124
2025-04-16,HUF,407.73
2025-04-16,IDR,19074.81
2025-04-16,ILS,4.1824
2025-04-16,INR,97.2595
2025-04-16,ISK,145.3
2025-04-16,JPY,162.09
2025-04-16,KRW,1610.21
2025-04-16,MXN,22.7237
2025-04-16,MYR,5.0081
2025-04-16,NOK,12.0725
2025-04-16,NZD,1.92
2025-04-16,PHP,64.421
2025-04-16,PLN,4.2933
2025-04-16,RON,4.9778
2025-04-16,SEK,11.155
2025-04-16,SGD,1.4926
2025-04-16,THB,37.716
2025-04-16,TRY,43.2901
2025-04-16,USD,1.1355
2025-04-16,ZAR,21.4054
2025-04-17,AUD,1.7845
2025-04-17,BGN,1.9558
2025-04-17,BRL,6.681
2025-04-17,CAD,1.5773
2025-04-17,CHF,0.9291
2025-04-17,CNY,8.29
2025-04-17,CZK,25.009
2025-04-17,DKK,7.4672
2025-04-17,GBP,0.85873
2025-04-17,HKD,8.8195
2025-04-17,HUF,407.6
2025-04-17,IDR,19162.33
2025-04-17,ILS,4.1852
2025-04-17,INR,97.0185
2025-04-17,ISK,145.1
2025-04-17,JPY,161.98
2025-04-17,KRW,1609.12
2025-04-17,MXN,22.6247
2025-04-17,MYR,5.0069
2025-04-17,NOK,11.9655
2025-04-17,NZD,1.9118
2025-04-17,PHP,64.387
2025-04-17,PLN,4.2743
2025-04-17,RON,4.9776
2025-04-17,SEK,11.0278
2025-04-17,SGD,1.4905
2025-04-17,THB,37.8
2025-04-17,TRY,43.2604
2025-04-17,USD,1.136
2025-04-17,ZAR,21.3927
2025-04-22,AUD,1.7945
2025-04-22,BGN,1.9558
2025-04-22,BRL,6.6516
2025-04-22,CAD,1.5891
2025-04-22,CHF,0.9318
2025-04-22,CNY,8.3929
2025-04-22,CZK,25.081
2025-04-22,DKK,7.4656
2025-04-22,GBP,0.85858
2025-04-22,HKD,8.9027
2025-04-22,HUF,409.38
2025-04-22,IDR,19328.11
2025-04-22,ILS,4.2682
2025-04-22,INR,97.785
2025-04-22,ISK,144.9
2025-04-22,JPY,161.05
2025-04-22,KRW,1635.54
2025-04-22,MXN,22.559
2025-04-22,MYR,5.0397
2025-04-22,NOK,11.8885
2025-04-22,NZD,1.9141
2025-04-22,PHP,64.963
2025-04-22,PLN,4.28
2025-04-22,RON,4.9773
2025-04-22,SEK,10.9153
2025-04-22,SGD,1.5011
2025-04-22,THB,38.14
2025-04-22,TRY,43.9069
2025-04-22,USD,1.1476
2025-04-22,ZAR,21.3719
2025-04-23,AUD,1.7814
2025-04-23,BGN,1.9558
2025-04-23,BRL,6.5127
2025-04-23,CAD,1.5789
2025-04-23,CHF,0.9382
2025-04-23,CNY,8.3199
2025-04-23,CZK,25.015
2025-04-23,DKK,7.4658
2025-04-23,GBP,0.85793
2025-04-23,HKD,8.8567
2025-04-23,HUF,409.03
2025-04-23,IDR,19263.67
2025-04-23,ILS,4.1849
2025-04-23,INR,97.4838
2025-04-23,ISK,144.9
2025-04-23,JPY,161.68
2025-04-23,KRW,1623.36
2025-04-23,MXN,22.3248
2025-04-23,MYR,5.0123
2025-04-23,NOK,11.891
2025-04-23,NZD,1.9063
2025-04-23,PHP,64.56
2025-04-23,PLN,4.2915
2025-04-23,RON,4.9772
2025-04-23,SEK,10.9395
2025-04-23,SGD,1.4961
2025-04-23,THB,38.086
2025-04-23,TRY,43.7076
2025-04-23,USD,1.1415
2025-04-23,ZAR,21.2326
2025-04-24,AUD,1.7823
2025-04-24,BGN,1.9558
2025-04-24,BRL,6.4678
2025-04-24,CAD,1.5769
2025-04-24,CHF,0.9392
2025-04-24,CNY,8.2925
2025-04-24,CZK,24.977
2025-04-24,DKK,7.4655
2025-04-24,GBP,0.855
2025-04-24,HKD,8.826
2025-04-24,HUF,407.3
2025-04-24,IDR,19170.72
2025-04-24,ILS,4.1477
2025-04-24,INR,97.0793
2025-04-24,ISK,144.9
2025-04-24,JPY,162.16
2025-04-24,KRW,1632.79
2025-04-24,MXN,22.2856
2025-04-24,MYR,4.9747
2025-04-24,NOK,11.8285
2025-04-24,NZD,1.9026
2025-04-24,PHP,64.222
2025-04-24,PLN,4.2748
2025-04-24,RON,4.9769
2025-04-24,SEK,10.911
2025-04-24,SGD,1.4924
2025-04-24,THB,38.041
2025-04-24,TRY,43.584
2025-04-24,USD,1.1376
2025-04-24,ZAR,21.2838
2025-04-25,AUD,1.7797
2025-04-25,BGN,1.9558
2025-04-25,BRL,6.4566
2025-04-25,CAD,1.5754
2025-04-25,CHF,0.9421
2025-04-25,CNY,8.2773
2025-04-25,CZK,24.929
2025-04-25,DKK,7.4656
2025-04-25,GBP,0.8531
2025-04-25,HKD,8.8089
2025-04-25,HUF,406.53
2025-04-25,IDR,19140.75
2025-04-25,ILS,4.1124
2025-04-25,INR,97.0205
2025-04-25,ISK,144.9
2025-04-25,JPY,162.8
2025-04-25,KRW,1634.83
2025-04-25,MXN,22.2874
2025-04-25,MYR,4.9676
2025-04-25,NOK,11.8415
2025-04-25,NZD,1.9063
2025-04-25,PHP,63.918
2025-04-25,PLN,4.2683
2025-04-25,RON,4.9776
2025-04-25,SEK,11.0015
2025-04-25,SGD,1.493
2025-04-25,THB,38.091
2025-04-25,TRY,43.6289
2025-04-25,USD,1.1357
2025-04-25,ZAR,21.3608
2025-04-28,AUD,1.7759
2025-04-28,BGN,1.9558
2025-04-28,BRL,6.4691
2025-04-28,CAD,1.5744
2025-04-28,CHF,0.942
2025-04-28,CNY,8.2891
2025-04-28,CZK,24.969
2025-04-28,DKK,7.4644
2025-04-28,GBP,0.8514
2025-04-28,HKD,8.8105
2025-04-28,HUF,404.48
2025-04-28,IDR,19095.01
2025-04-28,ILS,4.1255
2025-04-28,INR,96.5725
2025-04-28,ISK,145.5
2025-04-28,JPY,162.8
2025-04-28,KRW,1640.53
2025-04-28,MXN,22.1708
2025-04-28,MYR,4.9555
2025-04-28,NOK,11.8615
2025-04-28,NZD,1.9094
2025-04-28,PHP,64.013
2025-04-28,PLN,4.2755
2025-04-28,RON,4.9779
2025-04-28,SEK,10.997
2025-04-28,SGD,1.4923
2025-04-28,THB,38.152
2025-04-28,TRY,43.6646
2025-04-28,USD,1.1358
2025-04-28,ZAR,21.1585
2025-04-29,AUD,1.7754
2025-04-29,BGN,1.9558
2025-04-29,BRL,6.4326
2025-04-29,CAD,1.5746
2025-04-29,CHF,0.9392
2025-04-29,CNY,8.2715
2025-04-29,CZK,24.922
2025-04-29,DKK,7.4636
2025-04-29,GBP,0.8498
2025-04-29,HKD,8.8237
2025-04-29,HUF,404.04
2025-04-29,IDR,19059.27
2025-04-29,ILS,4.1189
2025-04-29,INR,96.8227
2025-04-29,ISK,146.1
2025-04-29,JPY,162.28
2025-04-29,KRW,1632.79
2025-04-29,MXN,22.2948
2025-04-29,MYR,4.9217
2025-04-29,NOK,11.8045
2025-04-29,NZD,1.9106
2025-04-29,PHP,63.802
2025-04-29,PLN,4.2708
2025-04-29,RON,4.9777
2025-04-29,SEK,10.962
2025-04-29,SGD,1.4894
2025-04-29,THB,38.031
2025-04-29,TRY,43.7159
2025-04-29,USD,1.1373
2025-04-29,ZAR,21.0942
2025-04-30,AUD,1.7798
2025-04-30,BGN,1.9558
2025-04-30,BRL,6.3839
2025-04-30,CAD,1.5728
2025-04-30,CHF,0.9389
2025-04-30,CNY,8.2635
2025-04-30,CZK,24.92
2025-04-30,DKK,7.4636
2025-04-30,GBP,0.8518
2025-04-30,HKD,8.8214
2025-04-30,HUF,404.08
2025-04-30,IDR,18901.98
2025-04-30,ILS,4.1231
2025-04-30,INR,96.136
2025-04-30,ISK,145.9
2025-04-30,JPY,162.68
2025-04-30,KRW,1618.39
2025-04-30,MXN,22.202
2025-04-30,MYR,4.9074
2025-04-30,NOK,11.809
2025-04-30,NZD,1.9219
2025-04-30,PHP,63.538
2025-04-30,PLN,4.2753
2025-04-30,RON,4.9782
2025-04-30,SEK,10.9715
2025-04-30,SGD,1.4859
2025-04-30,THB,38.009
2025-04-30,TRY,43.7574
2025-04-30,USD,1.1373
2025-04-30,ZAR,21.1095
2025-05-02,AUD,1.762
2025-05-02,BGN,1.9558
2025-05-02,BRL,6.4264
2025-05-02,CAD,1.5675
2025-05-02,CHF,0.9343
2025-05-02,CNY,8.2479
2025-05-02,CZK,24.922
2025-05-02,DKK,7.4619
2025-05-02,GBP,0.8533
2025-05-02,HKD,8.7908
2025-05-02,HUF,404.03
2025-05-02,IDR,18652.09
2025-05-02,ILS,4.0901
2025-05-02,INR,95.6221
2025-05-02,ISK,146.3
2025-05-02,JPY,163.93
2025-05-02,KRW,1585.45
2025-05-02,MXN,22.3319
2025-05-02,MYR,4.8338
2025-05-02,NOK,11.7585
2025-05-02,NZD,1.9078
2025-05-02,PHP,63.009
2025-05-02,PLN,4.275
2025-05-02,RON,4.9782
2025-05-02,SEK,10.9375
2025-05-02,SGD,1.4694
2025-05-02,THB,37.472
2025-05-02,TRY,43.7476
2025-05-02,USD,1.1343
2025-05-02,ZAR,20.8458
2025-05-05,AUD,1.7492
2025-05-05,BGN,1.9558
2025-05-05,BRL,6.4019
2025-05-05,CAD,1.566
2025-05-05,CHF,0.9336
2025-05-05,CNY,8.2479
2025-05-05,CZK,24.905
2025-05-05,DKK,7.4622
2025-05-05,GBP,0.8515
2025-05-05,HKD,8.7909
2025-05-05,HUF,404.43
2025-05-05,IDR,18640.97
2025-05-05,ILS,4.0988
2025-05-05,INR,95.6155
2025-05-05,ISK,146.7
2025-05-05,JPY,163.19
2025-05-05,KRW,1555.49
2025-05-05,MXN,22.2177
2025-05-05,MYR,4.7641
2025-05-05,NOK,11.7885
2025-05-05,NZD,1.8948
2025-05-05,PHP,63.114
2025-05-05,PLN,4.2733
2025-05-05,RON,4.9785
2025-05-05,SEK,10.9355
2025-05-05,SGD,1.4619
2025-05-05,THB,37.33
2025-05-05,TRY,43.7662
2025-05-05,USD,1.1343
2025-05-05,ZAR,20.7679
2025-05-06,AUD,1.7522
2025-05-06,BGN,1.9558
2025-05-06,BRL,6.4538
2025-05-06,CAD,1.5629
2025-05-06,CHF,0.9346
2025-05-06,CNY,8.1735
2025-05-06,CZK,24.96
2025-05-06,DKK,7.4613
2025-05-06,GBP,0.8469
2025-05-06,HKD,8.7769
2025-05-06,HUF,405.15
2025-05-06,IDR,18592.54
2025-05-06,ILS,4.0984
2025-05-06,INR,95.5585
2025-05-06,ISK,146.7
2025-05-06,JPY,161.64
2025-05-06,KRW,1564.07
2025-05-06,MXN,22.3265
2025-05-06,MYR,4.7933
2025-05-06,NOK,11.7015
2025-05-06,NZD,1.8925
2025-05-06,PHP,63.034
2025-05-06,PLN,4.2748
2025-05-06,RON,5.088
2025-05-06,SEK,10.88
2025-05-06,SGD,1.46
2025-05-06,THB,36.959
2025-05-06,TRY,43.7156
2025-05-06,USD,1.1325
2025-05-06,ZAR,20.6847
2025-05-07,AUD,1.7553
2025-05-07,BGN,1.9558
2025-05-07,BRL,6.4763
2025-05-07,CAD,1.5673
2025-05-07,CHF,0.9359
2025-05-07,CNY,8.2079
2025-05-07,CZK,24.924
2025-05-07,DKK,7.4615
2025-05-07,GBP,0.8511
2025-05-07,HKD,8.8139
2025-05-07,HUF,404.08
2025-05-07,IDR,18762.86
2025-05-07,ILS,4.0717
2025-05-07,INR,96.2925
2025-05-07,ISK,146.3
2025-05-07,JPY,162.89
2025-05-07,KRW,1580.35
2025-05-07,MXN,22.3014
2025-05-07,MYR,4.8155
2025-05-07,NOK,11.6715
2025-05-07,NZD,1.8979
2025-05-07,PHP,62.889
2025-05-07,PLN,4.2753
2025-05-07,RON,5.109
2025-05-07,SEK,10.903
2025-05-07,SGD,1.467
2025-05-07,THB,37.147
2025-05-07,TRY,43.8992
2025-05-07,USD,1.136
2025-05-07,ZAR,20.7755
2025-05-08,AUD,1.7605
2025-05-08,BGN,1.9558
2025-05-08,BRL,6.4915
2025-05-08,CAD,1.5694
2025-05-08,CHF,0.9325
2025-05-08,CNY,8.1764
2025-05-08,CZK,24.924
2025-05-08,DKK,7.4603
2025-05-08,GBP,0.8476
2025-05-08,HKD,8.7796
2025-05-08,HUF,405.43
2025-05-08,IDR,18641.58
2025-05-08,ILS,4.0428
2025-05-08,INR,96.592
2025-05-08,ISK,146.5
2025-05-08,JPY,163.45
2025-05-08,KRW,1580.13
2025-05-08,MXN,22.1113
2025-05-08,MYR,4.8362
2025-05-08,NOK,11.688
2025-05-08,NZD,1.9065
2025-05-08,PHP,62.902
2025-05-08,PLN,4.27
2025-05-08,RON,5.1188
2025-05-08,SEK,10.903
2025-05-08,SGD,1.4645
2025-05-08,THB,37.071
2025-05-08,TRY,43.6443
2025-05-08,USD,1.1297
2025-05-08,ZAR,20.504
2025-05-09,AUD,1.7572
2025-05-09,BGN,1.9558
2025-05-09,BRL,6.3647
2025-05-09,CAD,1.5658
2025-05-09,CHF,0.9353
2025-05-09,CNY,8.147
2025-05-09,CZK,24.946
2025-05-09,DKK,7.4604
2025-05-09,GBP,0.8477
2025-05-09,HKD,8.7519
2025-05-09,HUF,404.9
2025-05-09,IDR,18606.59
2025-05-09,ILS,3.9928
2025-05-09,INR,96.0755
2025-05-09,ISK,146.9
2025-05-09,JPY,163.36
2025-05-09,KRW,1575.72
2025-05-09,MXN,21.9473
2025-05-09,MYR,4.835
2025-05-09,NOK,11.6725
2025-05-09,NZD,1.9095
2025-05-09,PHP,62.413
2025-05-09,PLN,4.2393
2025-05-09,RON,5.1181
2025-05-09,SEK,10.92
2025-05-09,SGD,1.46
2025-05-09,THB,37.132
2025-05-09,TRY,43.5999
2025-05-09,USD,1.1252
2025-05-09,ZAR,20.4835
2025-05-12,AUD,1.7384
2025-05-12,BGN,1.9558
2025-05-12,BRL,6.3002
2025-05-12,CAD,1.5531
2025-05-12,CHF,0.9369
2025-05-12,CNY,7.9999
2025-05-12,CZK,24.98
2025-05-12,DKK,7.4593
2025-05-12,GBP,0.8429
2025-05-12,HKD,8.6534
2025-05-12,HUF,406.13
2025-05-12,IDR,18501.71
2025-05-12,ILS,3.9413
2025-05-12,INR,94.242
2025-05-12,ISK,146.5
2025-05-12,JPY,164.46
2025-05-12,KRW,1576.03
2025-05-12,MXN,21.7015
2025-05-12,MYR,4.7722
2025-05-12,NOK,11.596
2025-05-12,NZD,1.8902
2025-05-12,PHP,61.885
2025-05-12,PLN,4.2403
2025-05-12,RON,5.1021
2025-05-12,SEK,10.8845
2025-05-12,SGD,1.4507
2025-05-12,THB,37.188
2025-05-12,TRY,43.0602
2025-05-12,USD,1.1106
2025-05-12,ZAR,20.3368
2025-05-13,AUD,1.7341
2025-05-13,BGN,1.9558
2025-05-13,BRL,6.295
2025-05-13,CAD,1.5552
2025-05-13,CHF,0.9358
2025-05-13,CNY,8.0021
2025-05-13,CZK,24.948
2025-05-13,DKK,7.4595
2025-05-13,GBP,0.8406
2025-05-13,HKD,8.6621
2025-05-13,HUF,404.83
2025-05-13,IDR,18513.04
2025-05-13,ILS,3.9748
2025-05-13,INR,94.829
2025-05-13,ISK,146.7
2025-05-13,JPY,164.61
2025-05-13,KRW,1582.85
2025-05-13,MXN,21.7534
2025-05-13,MYR,4.8032
2025-05-13,NOK,11.5733
2025-05-13,NZD,1.8858
2025-05-13,PHP,62.016
2025-05-13,PLN,4.2518
2025-05-13,RON,5.103
2025-05-13,SEK,10.8255
2025-05-13,SGD,1.4501
2025-05-13,THB,36.942
2025-05-13,TRY,43.0898
2025-05-13,USD,1.1112
2025-05-13,ZAR,20.427
2025-05-14,AUD,1.734
2025-05-14,BGN,1.9558
2025-05-14,BRL,6.2927
2025-05-14,CAD,1.5632
2025-05-14,CHF,0.939
2025-05-14,CNY,8.0794
2025-05-14,CZK,24.928
2025-05-14,DKK,7.4592
2025-05-14,GBP,0.8415
2025-05-14,HKD,8.7519
2025-05-14,HUF,404.2
2025-05-14,IDR,18542.91
2025-05-14,ILS,3.9816
2025-05-14,INR,95.7558
2025-05-14,ISK,145.1
2025-05-14,JPY,164.01
2025-05-14,KRW,1567.22
2025-05-14,MXN,21.7282
2025-05-14,MYR,4.8108
2025-05-14,NOK,11.5715
2025-05-14,NZD,1.8869
2025-05-14,PHP,62.64
2025-05-14,PLN,4.2425
2025-05-14,RON,5.1043
2025-05-14,SEK,10.854
2025-05-14,SGD,1.4563
2025-05-14,THB,37.315
2025-05-14,TRY,43.4551
2025-05-14,USD,1.1214
2025-05-14,ZAR,20.4644
2025-05-15,AUD,1.7457
2025-05-15,BGN,1.9558
2025-05-15,BRL,6.2954
2025-05-15,CAD,1.5645
2025-05-15,CHF,0.9377
2025-05-15,CNY,8.0661
2025-05-15,CZK,24.922
2025-05-15,DKK,7.4601
2025-05-15,GBP,0.8424
2025-05-15,HKD,8.7325
2025-05-15,HUF,403.38
2025-05-15,IDR,18483.55
2025-05-15,ILS,3.9607
2025-05-15,INR,95.647
2025-05-15,ISK,144.7
2025-05-15,JPY,163.3
2025-05-15,KRW,1563.75
2025-05-15,MXN,21.636
2025-05-15,MYR,4.7905
2025-05-15,NOK,11.65
2025-05-15,NZD,1.9037
2025-05-15,PHP,62.433
2025-05-15,PLN,4.2423
2025-05-15,RON,5.1051
2025-05-15,SEK,10.8875
2025-05-15,SGD,1.4528
2025-05-15,THB,37.263
2025-05-15,TRY,43.2788
2025-05-15,USD,1.1185
2025-05-15,ZAR,20.2209
2025-05-16,AUD,1.7458
2025-05-16,BGN,1.9558
2025-05-16,BRL,6.365
2025-05-16,CAD,1.564
2025-05-16,CHF,0.9381
2025-05-16,CNY,8.0659
2025-05-16,CZK,24.936
2025-05-16,DKK,7.4602
2025-05-16,GBP,0.8427
2025-05-16,HKD,8.7478
2025-05-16,HUF,403.05
2025-05-16,IDR,18427.62
2025-05-16,ILS,3.9758
2025-05-16,INR,95.82
2025-05-16,ISK,145.9
2025-05-16,JPY,163.05
2025-05-16,KRW,1563.17
2025-05-16,MXN,21.8169
2025-05-16,MYR,4.8095
2025-05-16,NOK,11.635
2025-05-16,NZD,1.8987
2025-05-16,PHP,62.362
2025-05-16,PLN,4.26
2025-05-16,RON,5.1041
2025-05-16,SEK,10.9327
2025-05-16,SGD,1.4539
2025-05-16,THB,37.377
2025-05-16,TRY,43.4722
2025-05-16,USD,1.1194
2025-05-16,ZAR,20.2668
2025-05-19,AUD,1.7471
2025-05-19,BGN,1.9558
2025-05-19,BRL,6.3853
2025-05-19,CAD,1.5707
2025-05-19,CHF,0.9394
2025-05-19,CNY,8.1225
2025-05-19,CZK,24.907
2025-05-19,DKK,7.4608
2025-05-19,GBP,0.8419
2025-05-19,HKD,8.8062
2025-05-19,HUF,402.35
2025-05-19,IDR,18531.73
2025-05-19,ILS,3.9995
2025-05-19,INR,96.2175
2025-05-19,ISK,145.9
2025-05-19,JPY,163.26
2025-05-19,KRW,1564.04
2025-05-19,MXN,21.9137
2025-05-19,MYR,4.8325
2025-05-19,NOK,11.5955
2025-05-19,NZD,1.9048
2025-05-19,PHP,62.727
2025-05-19,PLN,4.2688
2025-05-19,RON,5.0413
2025-05-19,SEK,10.9015
2025-05-19,SGD,1.4577
2025-05-19,THB,37.227
2025-05-19,TRY,43.7446
2025-05-19,USD,1.1262
2025-05-19,ZAR,20.3248
2025-05-20,AUD,1.7538
2025-05-20,BGN,1.9558
2025-05-20,BRL,6.3444
2025-05-20,CAD,1.5683
2025-05-20,CHF,0.9366
2025-05-20,CNY,8.1154
2025-05-20,CZK,24.92
2025-05-20,DKK,7.4595
2025-05-20,GBP,0.8418
2025-05-20,HKD,8.7968
2025-05-20,HUF,402.65
2025-05-20,IDR,18461.54
2025-05-20,ILS,3.967
2025-05-20,INR,96.184
2025-05-20,ISK,145.9
2025-05-20,JPY,162.59
2025-05-20,KRW,1567.69
2025-05-20,MXN,21.6729
2025-05-20,MYR,4.8325
2025-05-20,NOK,11.5955
2025-05-20,NZD,1.9035
2025-05-20,PHP,62.674
2025-05-20,PLN,4.2488
2025-05-20,RON,5.0733
2025-05-20,SEK,10.8835
2025-05-20,SGD,1.4568
2025-05-20,THB,37.163
2025-05-20,TRY,43.6708
2025-05-20,USD,1.1241
2025-05-20,ZAR,20.2073
2025-05-21,AUD,1.7569
2025-05-21,BGN,1.9558
2025-05-21,BRL,6.419
2025-05-21,CAD,1.5721
2025-05-21,CHF,0.9352
2025-05-21,CNY,8.155
2025-05-21,CZK,24.867
2025-05-21,DKK,7.4592
2025-05-21,GBP,0.8446
2025-05-21,HKD,8.8655
2025-05-21,HUF,402.05
2025-05-21,IDR,18486.8
2025-05-21,ILS,4.022
2025-05-21,INR,96.8675
2025-05-21,ISK,144.6
2025-05-21,JPY,162.76
2025-05-21,KRW,1556.99
2025-05-21,MXN,21.8591
2025-05-21,MYR,4.8341
2025-05-21,NOK,11.484
2025-05-21,NZD,1.9067
2025-05-21,PHP,62.988
2025-05-21,PLN,4.242
2025-05-21,RON,5.0709
2025-05-21,SEK,10.8445
2025-05-21,SGD,1.4603
2025-05-21,THB,37.122
2025-05-21,TRY,43.9528
2025-05-21,USD,1.1321
2025-05-21,ZAR,20.2806
2025-05-22,AUD,1.7608
2025-05-22,BGN,1.9558
2025-05-22,BRL,6.4025
2025-05-22,CAD,1.568
2025-05-22,CHF,0.9343
2025-05-22,CNY,8.1477
2025-05-22,CZK,24.942
2025-05-22,DKK,7.4602
2025-05-22,GBP,0.8427
2025-05-22,HKD,8.8496
2025-05-22,HUF,403.73
2025-05-22,IDR,18472.97
2025-05-22,ILS,4.0656
2025-05-22,INR,97.2295
2025-05-22,ISK,144.6
2025-05-22,JPY,162.19
2025-05-22,KRW,1562.67
2025-05-22,MXN,21.9464
2025-05-22,MYR,4.8346
2025-05-22,NOK,11.5155
2025-05-22,NZD,1.9147
2025-05-22,PHP,62.948
2025-05-22,PLN,4.246
2025-05-22,RON,5.0581
2025-05-22,SEK,10.8485
2025-05-22,SGD,1.4601
2025-05-22,THB,37.105
2025-05-22,TRY,44.006
2025-05-22,USD,1.1309
2025-05-22,ZAR,20.3859
2025-05-23,AUD,1.7569
2025-05-23,BGN,1.9558
2025-05-23,BRL,6.4721
2025-05-23,CAD,1.563
2025-05-23,CHF,0.9299
2025-05-23,CNY,8.1197
2025-05-23,CZK,24.915
2025-05-23,DKK,7.4594
2025-05-23,GBP,0.8382
2025-05-23,HKD,8.8508
2025-05-23,HUF,403.55
2025-05-23,IDR,18382.88
2025-05-23,ILS,4.0931
2025-05-23,INR,96.552
2025-05-23,ISK,145
2025-05-23,JPY,161.13
2025-05-23,KRW,1555.77
2025-05-23,MXN,21.854
2025-05-23,MYR,4.7815
2025-05-23,NOK,11.522
2025-05-23,NZD,1.9012
2025-05-23,PHP,62.531
2025-05-23,PLN,4.2603
2025-05-23,RON,5.0517
2025-05-23,SEK,10.8348
2025-05-23,SGD,1.4555
2025-05-23,THB,36.779
2025-05-23,TRY,44.108
2025-05-23,USD,1.1301
2025-05-23,ZAR,20.3253
2025-05-26,AUD,1.7488
2025-05-26,BGN,1.9558
2025-05-26,BRL,6.429
2025-05-26,CAD,1.5614
2025-05-26,CHF,0.9356
2025-05-26,CNY,8.1795
2025-05-26,CZK,24.864
2025-05-26,DKK,7.4591
2025-05-26,GBP,0.8392
2025-05-26,HKD,8.9184
2025-05-26,HUF,403.63
2025-05-26,IDR,18496.57
2025-05-26,ILS,4.0635
2025-05-26,INR,96.839
2025-05-26,ISK,144.6
2025-05-26,JPY,162.63
2025-05-26,KRW,1558.61
2025-05-26,MXN,21.8434
2025-05-26,MYR,4.8016
2025-05-26,NOK,11.484
2025-05-26,NZD,1.8926
2025-05-26,PHP,63.089
2025-05-26,PLN,4.2445
2025-05-26,RON,5.0624
2025-05-26,SEK,10.8335
2025-05-26,SGD,1.461
2025-05-26,THB,37.091
2025-05-26,TRY,44.2744
2025-05-26,USD,1.1381
2025-05-26,ZAR,20.313
2025-05-27,AUD,1.7624
2025-05-27,BGN,1.9558
2025-05-27,BRL,6.4331
2025-05-27,CAD,1.5642
2025-05-27,CHF,0.9386
2025-05-27,CNY,8.1709
2025-05-27,CZK,24.907
2025-05-27,DKK,7.4591
2025-05-27,GBP,0.8381
2025-05-27,HKD,8.9009
2025-05-27,HUF,404.28
2025-05-27,IDR,18490.41
2025-05-27,ILS,4.0193
2025-05-27,INR,96.9785
2025-05-27,ISK,144
2025-05-27,JPY,163.72
2025-05-27,KRW,1560.6
2025-05-27,MXN,21.8643
2025-05-27,MYR,4.8138
2025-05-27,NOK,11.506
2025-05-27,NZD,1.9078
2025-05-27,PHP,63.067
2025-05-27,PLN,4.2475
2025-05-27,RON,5.0608
2025-05-27,SEK,10.8785
2025-05-27,SGD,1.4623
2025-05-27,THB,37.225
2025-05-27,TRY,44.2872
2025-05-27,USD,1.1356
2025-05-27,ZAR,20.344
2025-05-28,AUD,1.758
2025-05-28,BGN,1.9558
2025-05-28,BRL,6.3982
2025-05-28,CAD,1.5649
2025-05-28,CHF,0.9364
2025-05-28,CNY,8.1402
2025-05-28,CZK,24.922
2025-05-28,DKK,7.4588
2025-05-28,GBP,0.8398
2025-05-28,HKD,8.8704
2025-05-28,HUF,402.93
2025-05-28,IDR,18469.29
2025-05-28,ILS,4.0039
2025-05-28,INR,96.6375
2025-05-28,ISK,144
2025-05-28,JPY,163.43
2025-05-28,KRW,1554.23
2025-05-28,MXN,21.8363
2025-05-28,MYR,4.7814
2025-05-28,NOK,11.4945
2025-05-28,NZD,1.8974
2025-05-28,PHP,62.805
2025-05-28,PLN,4.2415
2025-05-28,RON,5.0511
2025-05-28,SEK,10.8735
2025-05-28,SGD,1.4587
2025-05-28,THB,36.967
2025-05-28,TRY,44.2145
2025-05-28,USD,1.1317
2025-05-28,ZAR,20.2713
2025-05-29,AUD,1.7513
2025-05-29,BGN,1.9558
2025-05-29,BRL,6.4136
2025-05-29,CAD,1.5594
2025-05-29,CHF,0.9339
2025-05-29,CNY,8.1093
2025-05-29,CZK,24.923
2025-05-29,DKK,7.4593
2025-05-29,GBP,0.8377
2025-05-29,HKD,8.8426
2025-05-29,HUF,404.33
2025-05-29,IDR,18386.06
2025-05-29,ILS,3.9571
2025-05-29,INR,96.4173
2025-05-29,ISK,144.2
2025-05-29,JPY,163.47
2025-05-29,KRW,1550.97
2025-05-29,MXN,21.8855
2025-05-29,MYR,4.7877
2025-05-29,NOK,11.488
2025-05-29,NZD,1.8901
2025-05-29,PHP,62.838
2025-05-29,PLN,4.236
2025-05-29,RON,5.0599
2025-05-29,SEK,10.8695
2025-05-29,SGD,1.4547
2025-05-29,THB,36.895
2025-05-29,TRY,44.125
2025-05-29,USD,1.1281
2025-05-29,ZAR,20.1379
2025-05-30,AUD,1.7647
2025-05-30,BGN,1.9558
2025-05-30,BRL,6.4405
2025-05-30,CAD,1.5656
2025-05-30,CHF,0.9341
2025-05-30,CNY,8.1576
2025-05-30,CZK,24.918
2025-05-30,DKK,7.4587
2025-05-30,GBP,0.8412
2025-05-30,HKD,8.8926
2025-05-30,HUF,403.6
2025-05-30,IDR,18519.93
2025-05-30,ILS,3.9761
2025-05-30,INR,97.0248
2025-05-30,ISK,144.2
2025-05-30,JPY,162.96
2025-05-30,KRW,1563.09
2025-05-30,MXN,21.8766
2025-05-30,MYR,4.8264
2025-05-30,NOK,11.5408
2025-05-30,NZD,1.9017
2025-05-30,PHP,63.209
2025-05-30,PLN,4.2498
2025-05-30,RON,5.0612
2025-05-30,SEK,10.8735
2025-05-30,SGD,1.4633
2025-05-30,THB,37.243
2025-05-30,TRY,44.4954
2025-05-30,USD,1.1339
2025-05-30,ZAR,20.2939
2025-06-02,AUD,1.7606
2025-06-02,BGN,1.9558
2025-06-02,BRL,6.5015
2025-06-02,CAD,1.5643
2025-06-02,CHF,0.9336
2025-06-02,CNY,8.2214
2025-06-02,CZK,24.899
2025-06-02,DKK,7.4606
2025-06-02,GBP,0.8434
2025-06-02,HKD,8.9576
2025-06-02,HUF,402.83
2025-06-02,IDR,18584.37
2025-06-02,ILS,4.0134
2025-06-02,INR,97.4995
2025-06-02,ISK,144.4
2025-06-02,JPY,162.98
2025-06-02,KRW,1572.2
2025-06-02,MXN,22.0066
2025-06-02,MYR,4.8605
2025-06-02,NOK,11.51
2025-06-02,NZD,1.8972
2025-06-02,PHP,63.553
2025-06-02,PLN,4.2578
2025-06-02,RON,5.0547
2025-06-02,SEK,10.8535
2025-06-02,SGD,1.4686
2025-06-02,THB,37.163
2025-06-02,TRY,44.7505
2025-06-02,USD,1.1419
2025-06-02,ZAR,20.4734
2025-06-03,AUD,1.764
2025-06-03,BGN,1.9558
2025-06-03,BRL,6.4638
2025-06-03,CAD,1.5643
2025-06-03,CHF,0.9358
2025-06-03,CNY,8.1841
2025-06-03,CZK,24.896
2025-06-03,DKK,7.4608
2025-06-03,GBP,0.8436
2025-06-03,HKD,8.9315
2025-06-03,HUF,403.63
2025-06-03,IDR,18580.53
2025-06-03,ILS,4.0119
2025-06-03,INR,97.4915
2025-06-03,ISK,144.6
2025-06-03,JPY,163
2025-06-03,KRW,1567.6
2025-06-03,MXN,21.9076
2025-06-03,MYR,4.8334
2025-06-03,NOK,11.533
2025-06-03,NZD,1.8997
2025-06-03,PHP,63.402
2025-06-03,PLN,4.2798
2025-06-03,RON,5.0588
2025-06-03,SEK,10.9245
2025-06-03,SGD,1.4674
2025-06-03,THB,37.118
2025-06-03,TRY,44.5535
2025-06-03,USD,1.1386
2025-06-03,ZAR,20.3913
2025-06-04,AUD,1.7552
2025-06-04,BGN,1.9558
2025-06-04,BRL,6.4002
2025-06-04,CAD,1.5601
2025-06-04,CHF,0.937
2025-06-04,CNY,8.1835
2025-06-04,CZK,24.808
2025-06-04,DKK,7.4599
2025-06-04,GBP,0.8421
2025-06-04,HKD,8.9327
2025-06-04,HUF,403.45
2025-06-04,IDR,18571.8
2025-06-04,ILS,3.9882
2025-06-04,INR,97.779
2025-06-04,ISK,144.6
2025-06-04,JPY,164.15
2025-06-04,KRW,1555.42
2025-06-04,MXN,21.8646
2025-06-04,MYR,4.8348
2025-06-04,NOK,11.5185
2025-06-04,NZD,1.8926
2025-06-04,PHP,63.499
2025-06-04,PLN,4.283
2025-06-04,RON,5.053
2025-06-04,SEK,10.9475
2025-06-04,SGD,1.4678
2025-06-04,THB,37.243
2025-06-04,TRY,44.534
2025-06-04,USD,1.1384
2025-06-04,ZAR,20.3178
2025-06-05,AUD,1.755
2025-06-05,BGN,1.9558
2025-06-05,BRL,6.4325
2025-06-05,CAD,1.5603
2025-06-05,CHF,0.9365
2025-06-05,CNY,8.2008
2025-06-05,CZK,24.812
2025-06-05,DKK,7.4595
2025-06-05,GBP,0.8419
2025-06-05,HKD,8.9635
2025-06-05,HUF,403.65
2025-06-05,IDR,18568.54
2025-06-05,ILS,3.9835
2025-06-05,INR,98.04
2025-06-05,ISK,144.4
2025-06-05,JPY,163.66
2025-06-05,KRW,1550.55
2025-06-05,MXN,21.957
2025-06-05,MYR,4.8319
2025-06-05,NOK,11.5265
2025-06-05,NZD,1.8889
2025-06-05,PHP,63.515
2025-06-05,PLN,4.284
2025-06-05,RON,5.0505
2025-06-05,SEK,10.943
2025-06-05,SGD,1.4676
2025-06-05,THB,37.142
2025-06-05,TRY,44.933
2025-06-05,USD,1.1423
2025-06-05,ZAR,20.2755
2025-06-06,AUD,1.7592
2025-06-06,BGN,1.9558
2025-06-06,BRL,6.3685
2025-06-06,CAD,1.563
2025-06-06,CHF,0.9383
2025-06-06,CNY,8.1955
2025-06-06,CZK,24.757
2025-06-06,DKK,7.4595
2025-06-06,GBP,0.8426
2025-06-06,HKD,8.954
2025-06-06,HUF,403.15
2025-06-06,IDR,18615.62
2025-06-06,ILS,3.9885
2025-06-06,INR,97.836
2025-06-06,ISK,144.2
2025-06-06,JPY,164.62
2025-06-06,KRW,1551.09
2025-06-06,MXN,21.8225
2025-06-06,MYR,4.8274
2025-06-06,NOK,11.524
2025-06-06,NZD,1.8936
2025-06-06,PHP,63.631
2025-06-06,PLN,4.287
2025-06-06,RON,5.0452
2025-06-06,SEK,10.959
2025-06-06,SGD,1.4683
2025-06-06,THB,37.211
2025-06-06,TRY,44.7723
2025-06-06,USD,1.1411
2025-06-06,ZAR,20.2736
2025-06-09,AUD,1.7514
2025-06-09,BGN,1.9558
2025-06-09,BRL,6.3404
2025-06-09,CAD,1.5615
2025-06-09,CHF,0.9369
2025-06-09,CNY,8.1943
2025-06-09,CZK,24.793
2025-06-09,DKK,7.4603
2025-06-09,GBP,0.8424
2025-06-09,HKD,8.9547
2025-06-09,HUF,401.7
2025-06-09,IDR,18585.75
2025-06-09,ILS,3.9761
2025-06-09,INR,97.744
2025-06-09,ISK,144
2025-06-09,JPY,164.88
2025-06-09,KRW,1547.7
2025-06-09,MXN,21.7507
2025-06-09,MYR,4.8287
2025-06-09,NOK,11.509
2025-06-09,NZD,1.8874
2025-06-09,PHP,63.688
2025-06-09,PLN,4.27
2025-06-09,RON,5.0405
2025-06-09,SEK,10.97
2025-06-09,SGD,1.4676
2025-06-09,THB,37.316
2025-06-09,TRY,44.7585
2025-06-09,USD,1.141
2025-06-09,ZAR,20.241
2025-06-10,AUD,1.7529
2025-06-10,BGN,1.9558
2025-06-10,BRL,6.3549
2025-06-10,CAD,1.5647
2025-06-10,CHF,0.9389
2025-06-10,CNY,8.2115
2025-06-10,CZK,24.771
2025-06-10,DKK,7.4596
2025-06-10,GBP,0.8464
2025-06-10,HKD,8.97
2025-06-10,HUF,400.9
2025-06-10,IDR,18589.44
2025-06-10,ILS,3.9973
2025-06-10,INR,97.8069
2025-06-10,ISK,143.8
2025-06-10,JPY,165.23
2025-06-10,KRW,1561.83
2025-06-10,MXN,21.7568
2025-06-10,MYR,4.8408
2025-06-10,NOK,11.5073
2025-06-10,NZD,1.8883
2025-06-10,PHP,63.819
2025-06-10,PLN,4.2533
2025-06-10,RON,5.0353
2025-06-10,SEK,10.946
2025-06-10,SGD,1.4695
2025-06-10,THB,37.304
2025-06-10,TRY,44.8327
2025-06-10,USD,1.1429
2025-06-10,ZAR,20.1984
2025-06-11,AUD,1.7578
2025-06-11,BGN,1.9558
2025-06-11,BRL,6.3772
2025-06-11,CAD,1.5647
2025-06-11,CHF,0.9405
2025-06-11,CNY,8.2172
2025-06-11,CZK,24.784
2025-06-11,DKK,7.4591
2025-06-11,GBP,0.8476
2025-06-11,HKD,8.974
2025-06-11,HUF,400.38
2025-06-11,IDR,18615.32
2025-06-11,ILS,4.0022
2025-06-11,INR,97.796
2025-06-11,ISK,143.6
2025-06-11,JPY,166.17
2025-06-11,KRW,1572.7
2025-06-11,MXN,21.7313
2025-06-11,MYR,4.8447
2025-06-11,NOK,11.566
2025-06-11,NZD,1.8973
2025-06-11,PHP,63.865
2025-06-11,PLN,4.2605
2025-06-11,RON,5.0273
2025-06-11,SEK,10.9845
2025-06-11,SGD,1.4714
2025-06-11,THB,37.369
2025-06-11,TRY,44.8064
2025-06-11,USD,1.1433
2025-06-11,ZAR,20.308
2025-06-12,AUD,1.7799
2025-06-12,BGN,1.9558
2025-06-12,BRL,6.4188
2025-06-12,CAD,1.5807
2025-06-12,CHF,0.9427
2025-06-12,CNY,8.3201
2025-06-12,CZK,24.787
2025-06-12,DKK,7.4595
2025-06-12,GBP,0.8538
2025-06-12,HKD,9.1004
2025-06-12,HUF,400.75
2025-06-12,IDR,18806.92
2025-06-12,ILS,4.1282
2025-06-12,INR,99.1718
2025-06-12,ISK,143.8
2025-06-12,JPY,166.64
2025-06-12,KRW,1569.57
2025-06-12,MXN,21.9082
2025-06-12,MYR,4.8938
2025-06-12,NOK,11.574
2025-06-12,NZD,1.916
2025-06-12,PHP,64.609
2025-06-12,PLN,4.269
2025-06-12,RON,5.028
2025-06-12,SEK,10.9355
2025-06-12,SGD,1.4828
2025-06-12,THB,37.565
2025-06-12,TRY,45.5951
2025-06-12,USD,1.1594
2025-06-12,ZAR,20.6489
2025-06-13,AUD,1.7777
2025-06-13,BGN,1.9558
2025-06-13,BRL,6.4007
2025-06-13,CAD,1.569
2025-06-13,CHF,0.9359
2025-06-13,CNY,8.2682
2025-06-13,CZK,24.831
2025-06-13,DKK,7.4586
2025-06-13,GBP,0.8505
2025-06-13,HKD,9.0362
2025-06-13,HUF,403.43
2025-06-13,IDR,18783.67
2025-06-13,ILS,4.1422
2025-06-13,INR,99.11
2025-06-13,ISK,144.2
2025-06-13,JPY,165.94
2025-06-13,KRW,1577.42
2025-06-13,MXN,21.8807
2025-06-13,MYR,4.8874
2025-06-13,NOK,11.4435
2025-06-13,NZD,1.9167
2025-06-13,PHP,64.706
2025-06-13,PLN,4.2745
2025-06-13,RON,5.033
2025-06-13,SEK,10.9635
2025-06-13,SGD,1.4777
2025-06-13,THB,37.351
2025-06-13,TRY,45.3974
2025-06-13,USD,1.1512
2025-06-13,ZAR,20.736
2025-06-16,AUD,1.7732
2025-06-16,BGN,1.9558
2025-06-16,BRL,6.4033
2025-06-16,CAD,1.5701
2025-06-16,CHF,0.9393
2025-06-16,CNY,8.3102
2025-06-16,CZK,24.782
2025-06-16,DKK,7.4581
2025-06-16,GBP,0.8523
2025-06-16,HKD,9.0853
2025-06-16,HUF,401.53
2025-06-16,IDR,18851.21
2025-06-16,ILS,4.0759
2025-06-16,INR,99.5785
2025-06-16,ISK,143.8
2025-06-16,JPY,166.89
2025-06-16,KRW,1573.46
2025-06-16,MXN,21.886
2025-06-16,MYR,4.908
2025-06-16,NOK,11.467
2025-06-16,NZD,1.9113
2025-06-16,PHP,65.215
2025-06-16,PLN,4.2643
2025-06-16,RON,5.025
2025-06-16,SEK,10.9615
2025-06-16,SGD,1.4816
2025-06-16,THB,37.598
2025-06-16,TRY,45.5968
2025-06-16,USD,1.1574
2025-06-16,ZAR,20.5796
2025-06-17,AUD,1.7693
2025-06-17,BGN,1.9558
2025-06-17,BRL,6.347
2025-06-17,CAD,1.5688
2025-06-17,CHF,0.9406
2025-06-17,CNY,8.3091
2025-06-17,CZK,24.8
2025-06-17,DKK,7.4585
2025-06-17,GBP,0.8525
2025-06-17,HKD,9.0805
2025-06-17,HUF,402.83
2025-06-17,IDR,18852.43
2025-06-17,ILS,4.0509
2025-06-17,INR,99.777
2025-06-17,ISK,143.6
2025-06-17,JPY,167.35
2025-06-17,KRW,1579.42
2025-06-17,MXN,21.8965
2025-06-17,MYR,4.9112
2025-06-17,NOK,11.4175
2025-06-17,NZD,1.904
2025-06-17,PHP,65.143
2025-06-17,PLN,4.2778
2025-06-17,RON,5.028
2025-06-17,SEK,10.948
2025-06-17,SGD,1.4817
2025-06-17,THB,37.613
2025-06-17,TRY,45.5611
2025-06-17,USD,1.1568
2025-06-17,ZAR,20.6113
2025-06-18,AUD,1.7703
2025-06-18,BGN,1.9558
2025-06-18,BRL,6.3065
2025-06-18,CAD,1.5714
2025-06-18,CHF,0.9403
2025-06-18,CNY,8.2723
2025-06-18,CZK,24.805
2025-06-18,DKK,7.4585
2025-06-18,GBP,0.8552
2025-06-18,HKD,9.0337
2025-06-18,HUF,403.38
2025-06-18,IDR,18828.24
2025-06-18,ILS,4.0233
2025-06-18,INR,99.456
2025-06-18,ISK,143.6
2025-06-18,JPY,166.67
2025-06-18,KRW,1583.1
2025-06-18,MXN,21.8075
2025-06-18,MYR,4.8915
2025-06-18,NOK,11.4435
2025-06-18,NZD,1.9096
2025-06-18,PHP,65.855
2025-06-18,PLN,4.2733
2025-06-18,RON,5.0302
2025-06-18,SEK,11.027
2025-06-18,SGD,1.4787
2025-06-18,THB,37.545
2025-06-18,TRY,45.5019
2025-06-18,USD,1.1508
2025-06-18,ZAR,20.8021
2025-06-19,AUD,1.7744
2025-06-19,BGN,1.9558
2025-06-19,BRL,6.3032
2025-06-19,CAD,1.5735
2025-06-19,CHF,0.9389
2025-06-19,CNY,8.2496
2025-06-19,CZK,24.82
2025-06-19,DKK,7.4593
2025-06-19,GBP,0.8541
2025-06-19,HKD,9.0101
2025-06-19,HUF,403.38
2025-06-19,IDR,18805.44
2025-06-19,ILS,3.9975
2025-06-19,INR,99.5585
2025-06-19,ISK,143
2025-06-19,JPY,167.2
2025-06-19,KRW,1584.1
2025-06-19,MXN,21.8938
2025-06-19,MYR,4.8896
2025-06-19,NOK,11.5315
2025-06-19,NZD,1.9192
2025-06-19,PHP,65.862
2025-06-19,PLN,4.2773
2025-06-19,RON,5.0304
2025-06-19,SEK,11.067
2025-06-19,SGD,1.4787
2025-06-19,THB,37.631
2025-06-19,TRY,45.4054
2025-06-19,USD,1.1478
2025-06-19,ZAR,20.7627
2025-06-20,AUD,1.7754
2025-06-20,BGN,1.9558
2025-06-20,BRL,6.3145
2025-06-20,CAD,1.5793
2025-06-20,CHF,0.9415
2025-06-20,CNY,8.2643
2025-06-20,CZK,24.83
2025-06-20,DKK,7.4597
2025-06-20,GBP,0.8537
2025-06-20,HKD,9.0391
2025-06-20,HUF,402.6
2025-06-20,IDR,18889.21
2025-06-20,ILS,4.0025
2025-06-20,INR,99.7375
2025-06-20,ISK,143
2025-06-20,JPY,167.67
2025-06-20,KRW,1573.8
2025-06-20,MXN,21.924
2025-06-20,MYR,4.8968
2025-06-20,NOK,11.598
2025-06-20,NZD,1.9229
2025-06-20,PHP,65.831
2025-06-20,PLN,4.2656
2025-06-20,RON,5.0303
2025-06-20,SEK,11.125
2025-06-20,SGD,1.4797
2025-06-20,THB,37.758
2025-06-20,TRY,45.6904
2025-06-20,USD,1.1515
2025-06-20,ZAR,20.715
2025-06-23,AUD,1.7963
2025-06-23,BGN,1.9558
2025-06-23,BRL,6.3581
2025-06-23,CAD,1.5818
2025-06-23,CHF,0.9387
2025-06-23,CNY,8.2442
2025-06-23,CZK,24.862
2025-06-23,DKK,7.4595
2025-06-23,GBP,0.8567
2025-06-23,HKD,9.0055
2025-06-23,HUF,404.23
2025-06-23,IDR,18931.44
2025-06-23,ILS,3.9861
2025-06-23,INR,99.535
2025-06-23,ISK,143
2025-06-23,JPY,169.27
2025-06-23,KRW,1592.49
2025-06-23,MXN,22.0862
2025-06-23,MYR,4.9272
2025-06-23,NOK,11.6635
2025-06-23,NZD,1.9454
2025-06-23,PHP,66.095
2025-06-23,PLN,4.2755
2025-06-23,RON,5.0451
2025-06-23,SEK,11.1635
2025-06-23,SGD,1.4829
2025-06-23,THB,37.812
2025-06-23,TRY,45.578
2025-06-23,USD,1.1472
2025-06-23,ZAR,20.7729
2025-06-24,AUD,1.7834
2025-06-24,BGN,1.9558
2025-06-24,BRL,6.3613
2025-06-24,CAD,1.5915
2025-06-24,CHF,0.9387
2025-06-24,CNY,8.3262
2025-06-24,CZK,24.794
2025-06-24,DKK,7.4597
2025-06-24,GBP,0.8527
2025-06-24,HKD,9.1114
2025-06-24,HUF,402.13
2025-06-24,IDR,18947.15
2025-06-24,ILS,3.9456
2025-06-24,INR,99.8517
2025-06-24,ISK,142.2
2025-06-24,JPY,168.27
2025-06-24,KRW,1578.75
2025-06-24,MXN,22.0972
2025-06-24,MYR,4.926
2025-06-24,NOK,11.713
2025-06-24,NZD,1.9244
2025-06-24,PHP,66.288
2025-06-24,PLN,4.2538
2025-06-24,RON,5.0487
2025-06-24,SEK,11.063
2025-06-24,SGD,1.4855
2025-06-24,THB,37.926
2025-06-24,TRY,46.0086
2025-06-24,USD,1.1607
2025-06-24,ZAR,20.5836
2025-06-25,AUD,1.7854
2025-06-25,BGN,1.9558
2025-06-25,BRL,6.417
2025-06-25,CAD,1.5928
2025-06-25,CHF,0.9361
2025-06-25,CNY,8.321
2025-06-25,CZK,24.78
2025-06-25,DKK,7.4604
2025-06-25,GBP,0.8526
2025-06-25,HKD,9.1044
2025-06-25,HUF,401.18
2025-06-25,IDR,18914.13
2025-06-25,ILS,3.9497
2025-06-25,INR,99.859
2025-06-25,ISK,142.2
2025-06-25,JPY,169.07
2025-06-25,KRW,1581.45
2025-06-25,MXN,22.0357
2025-06-25,MYR,4.9158
2025-06-25,NOK,11.782
2025-06-25,NZD,1.9272
2025-06-25,PHP,65.794
2025-06-25,PLN,4.2478
2025-06-25,RON,5.0582
2025-06-25,SEK,11.06
2025-06-25,SGD,1.4853
2025-06-25,THB,37.85
2025-06-25,TRY,46.0876
2025-06-25,USD,1.1598
2025-06-25,ZAR,20.6388
2025-06-26,AUD,1.7906
2025-06-26,BGN,1.9558
2025-06-26,BRL,6.497
2025-06-26,CAD,1.6008
2025-06-26,CHF,0.9379
2025-06-26,CNY,8.3862
2025-06-26,CZK,24.785
2025-06-26,DKK,7.4604
2025-06-26,GBP,0.8535
2025-06-26,HKD,9.1803
2025-06-26,HUF,399.9
2025-06-26,IDR,18989.64
2025-06-26,ILS,3.9665
2025-06-26,INR,100.276
2025-06-26,ISK,142.2
2025-06-26,JPY,168.92
2025-06-26,KRW,1587.13
2025-06-26,MXN,22.0696
2025-06-26,MYR,4.9458
2025-06-26,NOK,11.8125
2025-06-26,NZD,1.9332
2025-06-26,PHP,66.189
2025-06-26,PLN,4.2468
2025-06-26,RON,5.0718
2025-06-26,SEK,11.091
2025-06-26,SGD,1.4918
2025-06-26,THB,38.02
2025-06-26,TRY,46.5165
2025-06-26,USD,1.1695
2025-06-26,ZAR,20.8169
2025-06-27,AUD,1.7912
2025-06-27,BGN,1.9558
2025-06-27,BRL,6.4119
2025-06-27,CAD,1.5977
2025-06-27,CHF,0.9359
2025-06-27,CNY,8.3939
2025-06-27,CZK,24.748
2025-06-27,DKK,7.4613
2025-06-27,GBP,0.8529
2025-06-27,HKD,9.1876
2025-06-27,HUF,398.81
2025-06-27,IDR,18975.99
2025-06-27,ILS,3.9567
2025-06-27,INR,100.078
2025-06-27,ISK,142
2025-06-27,JPY,169.24
2025-06-27,KRW,1592.7
2025-06-27,MXN,22.0764
2025-06-27,MYR,4.9496
2025-06-27,NOK,11.792
2025-06-27,NZD,1.9318
2025-06-27,PHP,66.196
2025-06-27,PLN,4.2378
2025-06-27,RON,5.0816
2025-06-27,SEK,11.1183
2025-06-27,SGD,1.4933
2025-06-27,THB,38.184
2025-06-27,TRY,46.6818
2025-06-27,USD,1.1704
2025-06-27,ZAR,20.8363
2025-06-30,AUD,1.7948
2025-06-30,BGN,1.9558
2025-06-30,BRL,6.4384
2025-06-30,CAD,1.6027
2025-06-30,CHF,0.9347
2025-06-30,CNY,8.397
2025-06-30,CZK,24.746
2025-06-30,DKK,7.4609
2025-06-30,GBP,0.8555
2025-06-30,HKD,9.2001
2025-06-30,HUF,399.8
2025-06-30,IDR,19021.03
2025-06-30,ILS,3.9492
2025-06-30,INR,100.5605
2025-06-30,ISK,142.2
2025-06-30,JPY,169.17
2025-06-30,KRW,1588.21
2025-06-30,MXN,22.0899
2025-06-30,MYR,4.9365
2025-06-30,NOK,11.8345
2025-06-30,NZD,1.9334
2025-06-30,PHP,66.161
2025-06-30,PLN,4.2423
2025-06-30,RON,5.0785
2025-06-30,SEK,11.1465
2025-06-30,SGD,1.4941
2025-06-30,THB,38.125
2025-06-30,TRY,46.5682
2025-06-30,USD,1.172
2025-06-30,ZAR,20.8411
2025-07-01,AUD,1.7935
2025-07-01,BGN,1.9558
2025-07-01,BRL,6.4115
2025-07-01,CAD,1.6076
2025-07-01,CHF,0.9324
2025-07-01,CNY,8.4584
2025-07-01,CZK,24.68
2025-07-01,DKK,7.4607
2025-07-01,GBP,0.8588
2025-07-01,HKD,9.2709
2025-07-01,HUF,399.18
2025-07-01,IDR,19135.74
2025-07-01,ILS,3.9813
2025-07-01,INR,101.0525
2025-07-01,ISK,142.2
2025-07-01,JPY,168.7
2025-07-01,KRW,1598.18
2025-07-01,MXN,22.0635
2025-07-01,MYR,4.9572
2025-07-01,NOK,11.8445
2025-07-01,NZD,1.9324
2025-07-01,PHP,66.525
2025-07-01,PLN,4.2443
2025-07-01,RON,5.0738
2025-07-01,SEK,11.159
2025-07-01,SGD,1.5009
2025-07-01,THB,38.241
2025-07-01,TRY,47.0684
2025-07-01,USD,1.181
2025-07-01,ZAR,20.7666
2025-07-02,AUD,1.7934
2025-07-02,BGN,1.9558
2025-07-02,BRL,6.4355
2025-07-02,CAD,1.6041
2025-07-02,CHF,0.933
2025-07-02,CNY,8.4275
2025-07-02,CZK,24.663
2025-07-02,DKK,7.4611
2025-07-02,GBP,0.8605
2025-07-02,HKD,9.2274
2025-07-02,HUF,399
2025-07-02,IDR,19089
2025-07-02,ILS,3.9667
2025-07-02,INR,100.7005
2025-07-02,ISK,143
2025-07-02,JPY,169.45
2025-07-02,KRW,1598.57
2025-07-02,MXN,22.0357
2025-07-02,MYR,4.9712
2025-07-02,NOK,11.878
2025-07-02,NZD,1.9402
2025-07-02,PHP,66.262
2025-07-02,PLN,4.2493
2025-07-02,RON,5.0641
2025-07-02,SEK,11.2005
2025-07-02,SGD,1.4982
2025-07-02,THB,38.133
2025-07-02,TRY,46.7461
2025-07-02,USD,1.1755
2025-07-02,ZAR,20.7569
2025-07-03,AUD,1.7928
2025-07-03,BGN,1.9558
2025-07-03,BRL,6.3992
2025-07-03,CAD,1.601
2025-07-03,CHF,0.9351
2025-07-03,CNY,8.4377
2025-07-03,CZK,24.646
2025-07-03,DKK,7.4615
2025-07-03,GBP,0.8629
2025-07-03,HKD,9.2488
2025-07-03,HUF,399.58
2025-07-03,IDR,19111.35
2025-07-03,ILS,3.9562
2025-07-03,INR,100.5915
2025-07-03,ISK,142.4
2025-07-03,JPY,169.58
2025-07-03,KRW,1604.8
2025-07-03,MXN,22.1402
2025-07-03,MYR,4.9755
2025-07-03,NOK,11.875
2025-07-03,NZD,1.942
2025-07-03,PHP,66.374
2025-07-03,PLN,4.2485
2025-07-03,RON,5.0604
2025-07-03,SEK,11.2515
2025-07-03,SGD,1.5003
2025-07-03,THB,38.162
2025-07-03,TRY,46.9614
2025-07-03,USD,1.1782
2025-07-03,ZAR,20.6505
2025-07-04,AUD,1.7948
2025-07-04,BGN,1.9558
2025-07-04,BRL,6.3733
2025-07-04,CAD,1.5995
2025-07-04,CHF,0.9346
2025-07-04,CNY,8.4285
2025-07-04,CZK,24.655
2025-07-04,DKK,7.4617
2025-07-04,GBP,0.8625
2025-07-04,HKD,9.2367
2025-07-04,HUF,398.48
2025-07-04,IDR,19055.6
2025-07-04,ILS,3.9425
2025-07-04,INR,100.498
2025-07-04,ISK,142.4
2025-07-04,JPY,169.92
2025-07-04,KRW,1604.3
2025-07-04,MXN,21.9344
2025-07-04,MYR,4.9669
2025-07-04,NOK,11.847
2025-07-04,NZD,1.9413
2025-07-04,PHP,66.542
2025-07-04,PLN,4.2458
2025-07-04,RON,5.0579
2025-07-04,SEK,11.2505
2025-07-04,SGD,1.4992
2025-07-04,THB,38.054
2025-07-04,TRY,46.8944
2025-07-04,USD,1.1767
2025-07-04,ZAR,20.7358
2025-07-07,AUD,1.8043
2025-07-07,BGN,1.9558
2025-07-07,BRL,6.3827
2025-07-07,CAD,1.6016
2025-07-07,CHF,0.9354
2025-07-07,CNY,8.4128
2025-07-07,CZK,24.625
2025-07-07,DKK,7.4604
2025-07-07,GBP,0.8611
2025-07-07,HKD,9.2062
2025-07-07,HUF,399.7
2025-07-07,IDR,19060.17
2025-07-07,ILS,3.912
2025-07-07,INR,100.7765
2025-07-07,ISK,142.4
2025-07-07,JPY,170.71
2025-07-07,KRW,1603.56
2025-07-07,MXN,21.9707
2025-07-07,MYR,4.9668
2025-07-07,NOK,11.8755
2025-07-07,NZD,1.9552
2025-07-07,PHP,66.449
2025-07-07,PLN,4.2493
2025-07-07,RON,5.0655
2025-07-07,SEK,11.1645
2025-07-07,SGD,1.4998
2025-07-07,THB,38.216
2025-07-07,TRY,46.9115
2025-07-07,USD,1.1728
2025-07-07,ZAR,20.8187
2025-07-08,AUD,1.7925
2025-07-08,BGN,1.9558
2025-07-08,BRL,6.4029
2025-07-08,CAD,1.6006
2025-07-08,CHF,0.9351
2025-07-08,CNY,8.4066
2025-07-08,CZK,24.648
2025-07-08,DKK,7.4609
2025-07-08,GBP,0.8632
2025-07-08,HKD,9.1986
2025-07-08,HUF,399.45
2025-07-08,IDR,19068.41
2025-07-08,ILS,3.931
2025-07-08,INR,100.3895
2025-07-08,ISK,142.6
2025-07-08,JPY,171.7
2025-07-08,KRW,1605.91
2025-07-08,MXN,21.8547
2025-07-08,MYR,4.9696
2025-07-08,NOK,11.8295
2025-07-08,NZD,1.9499
2025-07-08,PHP,66.197
2025-07-08,PLN,4.2438
2025-07-08,RON,5.0688
2025-07-08,SEK,11.1695
2025-07-08,SGD,1.4991
2025-07-08,THB,38.125
2025-07-08,TRY,46.8994
2025-07-08,USD,1.1718
2025-07-08,ZAR,20.8398
2025-07-09,AUD,1.7938
2025-07-09,BGN,1.9558
2025-07-09,BRL,6.3894
2025-07-09,CAD,1.603
2025-07-09,CHF,0.9325
2025-07-09,CNY,8.3993
2025-07-09,CZK,24.629
2025-07-09,DKK,7.4612
2025-07-09,GBP,0.8613
2025-07-09,HKD,9.1829
2025-07-09,HUF,400.15
2025-07-09,IDR,19022.64
2025-07-09,ILS,3.8953
2025-07-09,INR,100.27
2025-07-09,ISK,143.6
2025-07-09,JPY,171.63
2025-07-09,KRW,1610.58
2025-07-09,MXN,21.7536
2025-07-09,MYR,4.9722
2025-07-09,NOK,11.83
2025-07-09,NZD,1.9544
2025-07-09,PHP,66.177
2025-07-09,PLN,4.2395
2025-07-09,RON,5.0772
2025-07-09,SEK,11.1645
2025-07-09,SGD,1.4989
2025-07-09,THB,38.282
2025-07-09,TRY,46.8489
2025-07-09,USD,1.1698
2025-07-09,ZAR,20.8686
2025-07-10,AUD,1.7873
2025-07-10,BGN,1.9558
2025-07-10,BRL,6.569
2025-07-10,CAD,1.6028
2025-07-10,CHF,0.932
2025-07-10,CNY,8.401
2025-07-10,CZK,24.639
2025-07-10,DKK,7.4611
2025-07-10,GBP,0.8627
2025-07-10,HKD,9.1915
2025-07-10,HUF,398.93
2025-07-10,IDR,19012.2
2025-07-10,ILS,3.8715
2025-07-10,INR,100.4195
2025-07-10,ISK,143
2025-07-10,JPY,171.33
2025-07-10,KRW,1607.94
2025-07-10,MXN,21.842
2025-07-10,MYR,4.9734
2025-07-10,NOK,11.803
2025-07-10,NZD,1.9476
2025-07-10,PHP,66.196
2025-07-10,PLN,4.2475
2025-07-10,RON,5.0775
2025-07-10,SEK,11.152
2025-07-10,SGD,1.4989
2025-07-10,THB,38.189
2025-07-10,TRY,46.8571
2025-07-10,USD,1.1709
2025-07-10,ZAR,20.8105
2025-07-11,AUD,1.7777
2025-07-11,BGN,1.9558
2025-07-11,BRL,6.5021
2025-07-11,CAD,1.6007
2025-07-11,CHF,0.931
2025-07-11,CNY,8.3741
2025-07-11,CZK,24.667
2025-07-11,DKK,7.4615
2025-07-11,GBP,0.8657
2025-07-11,HKD,9.1711
2025-07-11,HUF,400.03
2025-07-11,IDR,18945.5
2025-07-11,ILS,3.8958
2025-07-11,INR,100.266
2025-07-11,ISK,142.6
2025-07-11,JPY,171.81
2025-07-11,KRW,1606.41
2025-07-11,MXN,21.8904
2025-07-11,MYR,4.9682
2025-07-11,NOK,11.8305
2025-07-11,NZD,1.9447
2025-07-11,PHP,65.993
2025-07-11,PLN,4.2575
2025-07-11,RON,5.0786
2025-07-11,SEK,11.148
2025-07-11,SGD,1.4961
2025-07-11,THB,37.923
2025-07-11,TRY,46.9356
2025-07-11,USD,1.1683
2025-07-11,ZAR,20.9845
2025-07-14,AUD,1.7806
2025-07-14,BGN,1.9558
2025-07-14,BRL,6.5013
2025-07-14,CAD,1.5984
2025-07-14,CHF,0.9307
2025-07-14,CNY,8.3785
2025-07-14,CZK,24.648
2025-07-14,DKK,7.4629
2025-07-14,GBP,0.8667
2025-07-14,HKD,9.1766
2025-07-14,HUF,400.1
2025-07-14,IDR,19025.18
2025-07-14,ILS,3.9301
2025-07-14,INR,100.536
2025-07-14,ISK,142.4
2025-07-14,JPY,172.27
2025-07-14,KRW,1613.98
2025-07-14,MXN,21.8404
2025-07-14,MYR,4.9712
2025-07-14,NOK,11.803
2025-07-14,NZD,1.9517
2025-07-14,PHP,66.25
2025-07-14,PLN,4.2585
2025-07-14,RON,5.0793
2025-07-14,SEK,11.205
2025-07-14,SGD,1.4973
2025-07-14,THB,37.905
2025-07-14,TRY,47.0195
2025-07-14,USD,1.169
2025-07-14,ZAR,20.8891
2025-07-15,AUD,1.7785
2025-07-15,BGN,1.9558
2025-07-15,BRL,6.5327
2025-07-15,CAD,1.5973
2025-07-15,CHF,0.9299
2025-07-15,CNY,8.3673
2025-07-15,CZK,24.67
2025-07-15,DKK,7.4636
2025-07-15,GBP,0.8679
2025-07-15,HKD,9.157
2025-07-15,HUF,400.48
2025-07-15,IDR,18970.73
2025-07-15,ILS,3.9036
2025-07-15,INR,100.1605
2025-07-15,ISK,142.4
2025-07-15,JPY,172.58
2025-07-15,KRW,1611.01
2025-07-15,MXN,21.8193
2025-07-15,MYR,4.9483
2025-07-15,NOK,11.8715
2025-07-15,NZD,1.9474
2025-07-15,PHP,66.135
2025-07-15,PLN,4.255
2025-07-15,RON,5.0789
2025-07-15,SEK,11.27
2025-07-15,SGD,1.4955
2025-07-15,THB,37.882
2025-07-15,TRY,46.9114
2025-07-15,USD,1.1665
2025-07-15,ZAR,20.7782
2025-07-16,AUD,1.7794
2025-07-16,BGN,1.9558
2025-07-16,BRL,6.4549
2025-07-16,CAD,1.5924
2025-07-16,CHF,0.9326
2025-07-16,CNY,8.3309
2025-07-16,CZK,24.647
2025-07-16,DKK,7.4633
2025-07-16,GBP,0.8659
2025-07-16,HKD,9.1075
2025-07-16,HUF,399.9
2025-07-16,IDR,18906.74
2025-07-16,ILS,3.8961
2025-07-16,INR,99.7735
2025-07-16,ISK,142.2
2025-07-16,JPY,172.56
2025-07-16,KRW,1614.05
2025-07-16,MXN,21.8247
2025-07-16,MYR,4.925
2025-07-16,NOK,11.946
2025-07-16,NZD,1.9527
2025-07-16,PHP,66.243
2025-07-16,PLN,4.2593
2025-07-16,RON,5.073
2025-07-16,SEK,11.3195
2025-07-16,SGD,1.491
2025-07-16,THB,37.753
2025-07-16,TRY,46.7071
2025-07-16,USD,1.1602
2025-07-16,ZAR,20.7818
2025-07-17,AUD,1.7923
2025-07-17,BGN,1.9558
2025-07-17,BRL,6.4624
2025-07-17,CAD,1.5937
2025-07-17,CHF,0.9323
2025-07-17,CNY,8.3157
2025-07-17,CZK,24.639
2025-07-17,DKK,7.4628
2025-07-17,GBP,0.8644
2025-07-17,HKD,9.0883
2025-07-17,HUF,399.15
2025-07-17,IDR,18931.49
2025-07-17,ILS,3.8901
2025-07-17,INR,99.6725
2025-07-17,ISK,141.8
2025-07-17,JPY,172.28
2025-07-17,KRW,1614.66
2025-07-17,MXN,21.7782
2025-07-17,MYR,4.917
2025-07-17,NOK,11.9675
2025-07-17,NZD,1.9587
2025-07-17,PHP,66.312
2025-07-17,PLN,4.2544
2025-07-17,RON,5.0734
2025-07-17,SEK,11.311
2025-07-17,SGD,1.4904
2025-07-17,THB,37.678
2025-07-17,TRY,46.6446
2025-07-17,USD,1.1579
2025-07-17,ZAR,20.7253
2025-07-18,AUD,1.7852
2025-07-18,BGN,1.9558
2025-07-18,BRL,6.4699
2025-07-18,CAD,1.5984
2025-07-18,CHF,0.9324
2025-07-18,CNY,8.3623
2025-07-18,CZK,24.623
2025-07-18,DKK,7.4636
2025-07-18,GBP,0.8656
2025-07-18,HKD,9.1439
2025-07-18,HUF,399.06
2025-07-18,IDR,18995.56
2025-07-18,ILS,3.9119
2025-07-18,INR,100.351
2025-07-18,ISK,142
2025-07-18,JPY,172.94
2025-07-18,KRW,1619.52
2025-07-18,MXN,21.8089
2025-07-18,MYR,4.9425
2025-07-18,NOK,11.8335
2025-07-18,NZD,1.9493
2025-07-18,PHP,66.431
2025-07-18,PLN,4.2493
2025-07-18,RON,5.0728
2025-07-18,SEK,11.2505
2025-07-18,SGD,1.4943
2025-07-18,THB,37.688
2025-07-18,TRY,46.9874
2025-07-18,USD,1.165
2025-07-18,ZAR,20.6351
2025-07-21,AUD,1.7883
2025-07-21,BGN,1.9558
2025-07-21,BRL,6.5189
2025-07-21,CAD,1.599
2025-07-21,CHF,0.9325
2025-07-21,CNY,8.3726
2025-07-21,CZK,24.618
2025-07-21,DKK,7.4647
2025-07-21,GBP,0.8656
2025-07-21,HKD,9.1582
2025-07-21,HUF,398.95
2025-07-21,IDR,19034.48
2025-07-21,ILS,3.9136
2025-07-21,INR,100.666
2025-07-21,ISK,142.4
2025-07-21,JPY,172.02
2025-07-21,KRW,1614.64
2025-07-21,MXN,21.778
2025-07-21,MYR,4.9416
2025-07-21,NOK,11.866
2025-07-21,NZD,1.9536
2025-07-21,PHP,66.68
2025-07-21,PLN,4.2425
2025-07-21,RON,5.0697
2025-07-21,SEK,11.212
2025-07-21,SGD,1.4945
2025-07-21,THB,37.702
2025-07-21,TRY,47.0858
2025-07-21,USD,1.1667
2025-07-21,ZAR,20.6669
2025-07-22,AUD,1.7944
2025-07-22,BGN,1.9558
2025-07-22,BRL,6.5193
2025-07-22,CAD,1.5993
2025-07-22,CHF,0.9326
2025-07-22,CNY,8.394
2025-07-22,CZK,24.619
2025-07-22,DKK,7.465
2025-07-22,GBP,0.8675
2025-07-22,HKD,9.1837
2025-07-22,HUF,399.2
2025-07-22,IDR,19087.5
2025-07-22,ILS,3.92
2025-07-22,INR,101.1091
2025-07-22,ISK,142.4
2025-07-22,JPY,172.17
2025-07-22,KRW,1621.6
2025-07-22,MXN,21.8257
2025-07-22,MYR,4.9504
2025-07-22,NOK,11.8845
2025-07-22,NZD,1.9629
2025-07-22,PHP,66.638
2025-07-22,PLN,4.2565
2025-07-22,RON,5.0699
2025-07-22,SEK,11.211
2025-07-22,SGD,1.4991
2025-07-22,THB,37.712
2025-07-22,TRY,47.2937
2025-07-22,USD,1.1699
2025-07-22,ZAR,20.5644
2025-07-23,AUD,1.7776
2025-07-23,BGN,1.9558
2025-07-23,BRL,6.5298
2025-07-23,CAD,1.5928
2025-07-23,CHF,0.9306
2025-07-23,CNY,8.3961
2025-07-23,CZK,24.616
2025-07-23,DKK,7.4643
2025-07-23,GBP,0.8665
2025-07-23,HKD,9.2049
2025-07-23,HUF,399.13
2025-07-23,IDR,19107.99
2025-07-23,ILS,3.9094
2025-07-23,INR,101.3375
2025-07-23,ISK,142.2
2025-07-23,JPY,171.53
2025-07-23,KRW,1612.26
2025-07-23,MXN,21.879
2025-07-23,MYR,4.9572
2025-07-23,NOK,11.8415
2025-07-23,NZD,1.9409
2025-07-23,PHP,66.598
2025-07-23,PLN,4.2545
2025-07-23,RON,5.069
2025-07-23,SEK,11.164
2025-07-23,SGD,1.4977
2025-07-23,THB,37.705
2025-07-23,TRY,47.4369
2025-07-23,USD,1.1726
2025-07-23,ZAR,20.5925
2025-07-24,AUD,1.7771
2025-07-24,BGN,1.9558
2025-07-24,BRL,6.4923
2025-07-24,CAD,1.6009
2025-07-24,CHF,0.9341
2025-07-24,CNY,8.4142
2025-07-24,CZK,24.553
2025-07-24,DKK,7.4643
2025-07-24,GBP,0.8675
2025-07-24,HKD,9.2283
2025-07-24,HUF,397.95
2025-07-24,IDR,19154.81
2025-07-24,ILS,3.9256
2025-07-24,INR,101.563
2025-07-24,ISK,142
2025-07-24,JPY,172.22
2025-07-24,KRW,1610.08
2025-07-24,MXN,21.8211
2025-07-24,MYR,4.9557
2025-07-24,NOK,11.8765
2025-07-24,NZD,1.9427
2025-07-24,PHP,66.61
2025-07-24,PLN,4.2553
2025-07-24,RON,5.071
2025-07-24,SEK,11.185
2025-07-24,SGD,1.5011
2025-07-24,THB,37.937
2025-07-24,TRY,47.5853
2025-07-24,USD,1.1756
2025-07-24,ZAR,20.6866
2025-07-25,AUD,1.7852
2025-07-25,BGN,1.9558
2025-07-25,BRL,6.4757
2025-07-25,CAD,1.6035
2025-07-25,CHF,0.9343
2025-07-25,CNY,8.4046
2025-07-25,CZK,24.539
2025-07-25,DKK,7.4644
2025-07-25,GBP,0.8715
2025-07-25,HKD,9.2027
2025-07-25,HUF,396.9
2025-07-25,IDR,19153.97
2025-07-25,ILS,3.9346
2025-07-25,INR,101.424
2025-07-25,ISK,142.2
2025-07-25,JPY,173.11
2025-07-25,KRW,1619.4
2025-07-25,MXN,21.7647
2025-07-25,MYR,4.9493
2025-07-25,NOK,11.8995
2025-07-25,NZD,1.9496
2025-07-25,PHP,66.972
2025-07-25,PLN,4.2543
2025-07-25,RON,5.0707
2025-07-25,SEK,11.1665
2025-07-25,SGD,1.502
2025-07-25,THB,37.951
2025-07-25,TRY,47.5454
2025-07-25,USD,1.1724
2025-07-25,ZAR,20.7906
2025-07-28,AUD,1.7853
2025-07-28,BGN,1.9558
2025-07-28,BRL,6.5018
2025-07-28,CAD,1.5992
2025-07-28,CHF,0.9334
2025-07-28,CNY,8.3605
2025-07-28,CZK,24.6
2025-07-28,DKK,7.4631
2025-07-28,GBP,0.8679
2025-07-28,HKD,9.1483
2025-07-28,HUF,397.35
2025-07-28,IDR,19085.29
2025-07-28,ILS,3.9095
2025-07-28,INR,101.0355
2025-07-28,ISK,142.2
2025-07-28,JPY,172.65
2025-07-28,KRW,1614.6
2025-07-28,MXN,21.7137
2025-07-28,MYR,4.9308
2025-07-28,NOK,11.8625
2025-07-28,NZD,1.9487
2025-07-28,PHP,66.684
2025-07-28,PLN,4.2595
2025-07-28,RON,5.0701
2025-07-28,SEK,11.1545
2025-07-28,SGD,1.4967
2025-07-28,THB,37.753
2025-07-28,TRY,47.2443
2025-07-28,USD,1.1654
2025-07-28,ZAR,20.8002
2025-07-29,AUD,1.7753
2025-07-29,BGN,1.9558
2025-07-29,BRL,6.451
2025-07-29,CAD,1.5887
2025-07-29,CHF,0.9305
2025-07-29,CNY,8.2778
2025-07-29,CZK,24.609
2025-07-29,DKK,7.4614
2025-07-29,GBP,0.865
2025-07-29,HKD,9.0533
2025-07-29,HUF,399.9
2025-07-29,IDR,18928.19
2025-07-29,ILS,3.8867
2025-07-29,INR,100.163
2025-07-29,ISK,142.2
2025-07-29,JPY,171.58
2025-07-29,KRW,1607.8
2025-07-29,MXN,21.6946
2025-07-29,MYR,4.8836
2025-07-29,NOK,11.8165
2025-07-29,NZD,1.9398
2025-07-29,PHP,66.149
2025-07-29,PLN,4.2805
2025-07-29,RON,5.0768
2025-07-29,SEK,11.156
2025-07-29,SGD,1.4862
2025-07-29,THB,37.453
2025-07-29,TRY,46.7946
2025-07-29,USD,1.1533
2025-07-29,ZAR,20.719
2025-07-30,AUD,1.7775
2025-07-30,BGN,1.9558
2025-07-30,BRL,6.4402
2025-07-30,CAD,1.59
2025-07-30,CHF,0.9301
2025-07-30,CNY,8.2783
2025-07-30,CZK,24.562
2025-07-30,DKK,7.4618
2025-07-30,GBP,0.8622
2025-07-30,HKD,9.0486
2025-07-30,HUF,398.85
2025-07-30,IDR,18917.48
2025-07-30,ILS,3.8811
2025-07-30,INR,100.848
2025-07-30,ISK,142.2
2025-07-30,JPY,170.96
2025-07-30,KRW,1595.6
2025-07-30,MXN,21.6193
2025-07-30,MYR,4.8874
2025-07-30,NOK,11.7795
2025-07-30,NZD,1.9391
2025-07-30,PHP,66.347
2025-07-30,PLN,4.2675
2025-07-30,RON,5.0731
2025-07-30,SEK,11.1435
2025-07-30,SGD,1.4865
2025-07-30,THB,37.457
2025-07-30,TRY,46.7776
2025-07-30,USD,1.1527
2025-07-30,ZAR,20.5966
2025-07-31,AUD,1.7762
2025-07-31,BGN,1.9558
2025-07-31,BRL,6.3899
2025-07-31,CAD,1.5838
2025-07-31,CHF,0.9297
2025-07-31,CNY,8.235
2025-07-31,CZK,24.571
2025-07-31,DKK,7.4626
2025-07-31,GBP,0.8649
2025-07-31,HKD,8.9851
2025-07-31,HUF,400
2025-07-31,IDR,18882.87
2025-07-31,ILS,3.8758
2025-07-31,INR,100.295
2025-07-31,ISK,142.2
2025-07-31,JPY,171.52
2025-07-31,KRW,1596.29
2025-07-31,MXN,21.5455
2025-07-31,MYR,4.8817
2025-07-31,NOK,11.774
2025-07-31,NZD,1.9375
2025-07-31,PHP,66.77
2025-07-31,PLN,4.2728
2025-07-31,RON,5.0757
2025-07-31,SEK,11.1575
2025-07-31,SGD,1.4845
2025-07-31,THB,37.4
2025-07-31,TRY,46.4644
2025-07-31,USD,1.1446
2025-07-31,ZAR,20.739
2025-08-01,AUD,1.7756
2025-08-01,BGN,1.9558
2025-08-01,BRL,6.4129
2025-08-01,CAD,1.5822
2025-08-01,CHF,0.9312
2025-08-01,CNY,8.2243
2025-08-01,CZK,24.588
2025-08-01,DKK,7.4629
2025-08-01,GBP,0.8665
2025-08-01,HKD,8.9521
2025-08-01,HUF,400.15
2025-08-01,IDR,18839.07
2025-08-01,ILS,3.9053
2025-08-01,INR,99.79
2025-08-01,ISK,143
2025-08-01,JPY,171.61
2025-08-01,KRW,1601.83
2025-08-01,MXN,21.6158
2025-08-01,MYR,4.8781
2025-08-01,NOK,11.8128
2025-08-01,NZD,1.9456
2025-08-01,PHP,66.317
2025-08-01,PLN,4.2755
2025-08-01,RON,5.075
2025-08-01,SEK,11.1965
2025-08-01,SGD,1.4811
2025-08-01,THB,37.462
2025-08-01,TRY,46.3784
2025-08-01,USD,1.1404
2025-08-01,ZAR,20.8958
2025-08-04,AUD,1.7846
2025-08-04,BGN,1.9558
2025-08-04,BRL,6.4024
2025-08-04,CAD,1.5934
2025-08-04,CHF,0.9344
2025-08-04,CNY,8.2993
2025-08-04,CZK,24.582
2025-08-04,DKK,7.4628
2025-08-04,GBP,0.8704
2025-08-04,HKD,9.0785
2025-08-04,HUF,398.25
2025-08-04,IDR,18935.32
2025-08-04,ILS,3.9428
2025-08-04,INR,101.3745
2025-08-04,ISK,143
2025-08-04,JPY,170.45
2025-08-04,KRW,1600.27
2025-08-04,MXN,21.797
2025-08-04,MYR,4.9007
2025-08-04,NOK,11.8745
2025-08-04,NZD,1.9544
2025-08-04,PHP,66.325
2025-08-04,PLN,4.2758
2025-08-04,RON,5.0737
2025-08-04,SEK,11.1825
2025-08-04,SGD,1.4889
2025-08-04,THB,37.482
2025-08-04,TRY,47.0424
2025-08-04,USD,1.1565
2025-08-04,ZAR,20.8422
2025-08-05,AUD,1.786
2025-08-05,BGN,1.9558
2025-08-05,BRL,6.375
2025-08-05,CAD,1.5928
2025-08-05,CHF,0.9347
2025-08-05,CNY,8.2986
2025-08-05,CZK,24.61
2025-08-05,DKK,7.4632
2025-08-05,GBP,0.8693
2025-08-05,HKD,9.0633
2025-08-05,HUF,399.03
2025-08-05,IDR,18912.29
2025-08-05,ILS,3.983
2025-08-05,INR,101.3495
2025-08-05,ISK,142.6
2025-08-05,JPY,170.42
2025-08-05,KRW,1606.19
2025-08-05,MXN,21.8147
2025-08-05,MYR,4.8811
2025-08-05,NOK,11.857
2025-08-05,NZD,1.9584
2025-08-05,PHP,66.579
2025-08-05,PLN,4.2765
2025-08-05,RON,5.0748
2025-08-05,SEK,11.173
2025-08-05,SGD,1.4875
2025-08-05,THB,37.449
2025-08-05,TRY,46.9509
2025-08-05,USD,1.1546
2025-08-05,ZAR,20.8098
2025-08-06,AUD,1.7844
2025-08-06,BGN,1.9558
2025-08-06,BRL,6.3895
2025-08-06,CAD,1.5967
2025-08-06,CHF,0.9369
2025-08-06,CNY,8.3383
2025-08-06,CZK,24.566
2025-08-06,DKK,7.4623
2025-08-06,GBP,0.8717
2025-08-06,HKD,9.109
2025-08-06,HUF,398.28
2025-08-06,IDR,18981.71
2025-08-06,ILS,4.0044
2025-08-06,INR,101.7935
2025-08-06,ISK,142.8
2025-08-06,JPY,171.22
2025-08-06,KRW,1611.01
2025-08-06,MXN,21.7397
2025-08-06,MYR,4.9085
2025-08-06,NOK,11.8515
2025-08-06,NZD,1.9567
2025-08-06,PHP,66.706
2025-08-06,PLN,4.278
2025-08-06,RON,5.0758
2025-08-06,SEK,11.1955
2025-08-06,SGD,1.4928
2025-08-06,THB,37.574
2025-08-06,TRY,47.1819
2025-08-06,USD,1.1604
2025-08-06,ZAR,20.6708
2025-08-07,AUD,1.7852
2025-08-07,BGN,1.9558
2025-08-07,BRL,6.3583
2025-08-07,CAD,1.6001
2025-08-07,CHF,0.9413
2025-08-07,CNY,8.3587
2025-08-07,CZK,24.523
2025-08-07,DKK,7.4643
2025-08-07,GBP,0.8673
2025-08-07,HKD,9.1393
2025-08-07,HUF,396.67
2025-08-07,IDR,18989.44
2025-08-07,ILS,3.9736
2025-08-07,INR,101.8715
2025-08-07,ISK,142.8
2025-08-07,JPY,171.6
2025-08-07,KRW,1610.96
2025-08-07,MXN,21.6964
2025-08-07,MYR,4.9296
2025-08-07,NOK,11.8903
2025-08-07,NZD,1.956
2025-08-07,PHP,66.598
2025-08-07,PLN,4.2593
2025-08-07,RON,5.0732
2025-08-07,SEK,11.1945
2025-08-07,SGD,1.4952
2025-08-07,THB,37.648
2025-08-07,TRY,47.319
2025-08-07,USD,1.1643
2025-08-07,ZAR,20.6372
2025-08-08,AUD,1.7857
2025-08-08,BGN,1.9558
2025-08-08,BRL,6.3227
2025-08-08,CAD,1.6003
2025-08-08,CHF,0.941
2025-08-08,CNY,8.3677
2025-08-08,CZK,24.446
2025-08-08,DKK,7.4633
2025-08-08,GBP,0.8671
2025-08-08,HKD,9.1436
2025-08-08,HUF,395.88
2025-08-08,IDR,18940.58
2025-08-08,ILS,4.0029
2025-08-08,INR,102.0605
2025-08-08,ISK,143
2025-08-08,JPY,172.18
2025-08-08,KRW,1619.93
2025-08-08,MXN,21.6653
2025-08-08,MYR,4.9388
2025-08-08,NOK,11.954
2025-08-08,NZD,1.9562
2025-08-08,PHP,66.291
2025-08-08,PLN,4.251
2025-08-08,RON,5.0724
2025-08-08,SEK,11.178
2025-08-08,SGD,1.4969
2025-08-08,THB,37.705
2025-08-08,TRY,47.3965
2025-08-08,USD,1.1648
2025-08-08,ZAR,20.6285
2025-08-11,AUD,1.7858
2025-08-11,BGN,1.9558
2025-08-11,BRL,6.3297
2025-08-11,CAD,1.602
2025-08-11,CHF,0.943
2025-08-11,CNY,8.35
2025-08-11,CZK,24.483
2025-08-11,DKK,7.4631
2025-08-11,GBP,0.8656
2025-08-11,HKD,9.1232
2025-08-11,HUF,395.73
2025-08-11,IDR,18955.37
2025-08-11,ILS,3.9725
2025-08-11,INR,101.9695
2025-08-11,ISK,143
2025-08-11,JPY,171.86
2025-08-11,KRW,1617.61
2025-08-11,MXN,21.6389
2025-08-11,MYR,4.9202
2025-08-11,NOK,11.905
2025-08-11,NZD,1.9597
2025-08-11,PHP,66.308
2025-08-11,PLN,4.2535
2025-08-11,RON,5.064
2025-08-11,SEK,11.182
2025-08-11,SGD,1.4951
2025-08-11,THB,37.684
2025-08-11,TRY,47.306
2025-08-11,USD,1.1622
2025-08-11,ZAR,20.6483
2025-08-12,AUD,1.7887
2025-08-12,BGN,1.9558
2025-08-12,BRL,6.3116
2025-08-12,CAD,1.6015
2025-08-12,CHF,0.9418
2025-08-12,CNY,8.3416
2025-08-12,CZK,24.469
2025-08-12,DKK,7.4633
2025-08-12,GBP,0.8621
2025-08-12,HKD,9.1107
2025-08-12,HUF,395.95
2025-08-12,IDR,18931.13
2025-08-12,ILS,3.9839
2025-08-12,INR,101.7913
2025-08-12,ISK,143
2025-08-12,JPY,172.3
2025-08-12,KRW,1613.43
2025-08-12,MXN,21.6733
2025-08-12,MYR,4.9105
2025-08-12,NOK,11.8938
2025-08-12,NZD,1.9605
2025-08-12,PHP,66.257
2025-08-12,PLN,4.2603
2025-08-12,RON,5.0649
2025-08-12,SEK,11.192
2025-08-12,SGD,1.4931
2025-08-12,THB,37.679
2025-08-12,TRY,47.2839
2025-08-12,USD,1.1606
2025-08-12,ZAR,20.5601
2025-08-13,AUD,1.7872
2025-08-13,BGN,1.9558
2025-08-13,BRL,6.3128
2025-08-13,CAD,1.6114
2025-08-13,CHF,0.9409
2025-08-13,CNY,8.402
2025-08-13,CZK,24.471
2025-08-13,DKK,7.4626
2025-08-13,GBP,0.8631
2025-08-13,HKD,9.1931
2025-08-13,HUF,395.65
2025-08-13,IDR,18888.38
2025-08-13,ILS,3.9699
2025-08-13,INR,102.4105
2025-08-13,ISK,143.2
2025-08-13,JPY,172.47
2025-08-13,KRW,1614.2
2025-08-13,MXN,21.7134
2025-08-13,MYR,4.9274
2025-08-13,NOK,11.944
2025-08-13,NZD,1.9569
2025-08-13,PHP,66.34
2025-08-13,PLN,4.26
2025-08-13,RON,5.0631
2025-08-13,SEK,11.1575
2025-08-13,SGD,1.499
2025-08-13,THB,37.815
2025-08-13,TRY,47.7158
2025-08-13,USD,1.1711
2025-08-13,ZAR,20.5126
2025-08-14,AUD,1.7918
2025-08-14,BGN,1.9558
2025-08-14,BRL,6.31
2025-08-14,CAD,1.6113
2025-08-14,CHF,0.9415
2025-08-14,CNY,8.3824
2025-08-14,CZK,24.47
2025-08-14,DKK,7.4633
2025-08-14,GBP,0.861
2025-08-14,HKD,9.1677
2025-08-14,HUF,394.98
2025-08-14,IDR,18826.04
2025-08-14,ILS,3.9509
2025-08-14,INR,102.371
2025-08-14,ISK,143.2
2025-08-14,JPY,171.3
2025-08-14,KRW,1620.32
2025-08-14,MXN,21.8417
2025-08-14,MYR,4.9244
2025-08-14,NOK,11.9215
2025-08-14,NZD,1.9649
2025-08-14,PHP,66.504
2025-08-14,PLN,4.2605
2025-08-14,RON,5.0636
2025-08-14,SEK,11.182
2025-08-14,SGD,1.4975
2025-08-14,THB,37.858
2025-08-14,TRY,47.6805
2025-08-14,USD,1.169
2025-08-14,ZAR,20.5484
2025-08-15,AUD,1.7947
2025-08-15,BGN,1.9558
2025-08-15,BRL,6.3127
2025-08-15,CAD,1.612
2025-08-15,CHF,0.9418
2025-08-15,CNY,8.3909
2025-08-15,CZK,24.482
2025-08-15,DKK,7.4636
2025-08-15,GBP,0.8622
2025-08-15,HKD,9.1401
2025-08-15,HUF,394.98
2025-08-15,IDR,18914.92
2025-08-15,ILS,3.9445
2025-08-15,INR,102.225
2025-08-15,ISK,143.2
2025-08-15,JPY,171.81
2025-08-15,KRW,1623.42
2025-08-15,MXN,21.9115
2025-08-15,MYR,4.9242
2025-08-15,NOK,11.896
2025-08-15,NZD,1.9717
2025-08-15,PHP,66.743
2025-08-15,PLN,4.2588
2025-08-15,RON,5.0627
2025-08-15,SEK,11.1775
2025-08-15,SGD,1.4988
2025-08-15,THB,37.904
2025-08-15,TRY,47.7995
2025-08-15,USD,1.1688
2025-08-15,ZAR,20.5545
2025-08-18,AUD,1.7931
2025-08-18,BGN,1.9558
2025-08-18,BRL,6.3128
2025-08-18,CAD,1.6098
2025-08-18,CHF,0.9423
2025-08-18,CNY,8.3798
2025-08-18,CZK,24.471
2025-08-18,DKK,7.4639
2025-08-18,GBP,0.8621
2025-08-18,HKD,9.1256
2025-08-18,HUF,395.55
2025-08-18,IDR,18934.19
2025-08-18,ILS,3.9582
2025-08-18,INR,101.9985
2025-08-18,ISK,143
2025-08-18,JPY,172.27
2025-08-18,KRW,1618.17
2025-08-18,MXN,21.9597
2025-08-18,MYR,4.9289
2025-08-18,NOK,11.884
2025-08-18,NZD,1.9665
2025-08-18,PHP,66.522
2025-08-18,PLN,4.25
2025-08-18,RON,5.0599
2025-08-18,SEK,11.157
2025-08-18,SGD,1.4972
2025-08-18,THB,37.908
2025-08-18,TRY,47.7015
2025-08-18,USD,1.1673
2025-08-18,ZAR,20.5604
2025-08-19,AUD,1.7994
2025-08-19,BGN,1.9558
2025-08-19,BRL,6.3563
2025-08-19,CAD,1.6133
2025-08-19,CHF,0.9409
2025-08-19,CNY,8.3866
2025-08-19,CZK,24.457
2025-08-19,DKK,7.4646
2025-08-19,GBP,0.864
2025-08-19,HKD,9.1137
2025-08-19,HUF,393.7
2025-08-19,IDR,18989.62
2025-08-19,ILS,3.9493
2025-08-19,INR,101.7358
2025-08-19,ISK,143.4
2025-08-19,JPY,172.67
2025-08-19,KRW,1622.4
2025-08-19,MXN,21.9599
2025-08-19,MYR,4.9339
2025-08-19,NOK,11.928
2025-08-19,NZD,1.9713
2025-08-19,PHP,66.76
2025-08-19,PLN,4.2448
2025-08-19,RON,5.0579
2025-08-19,SEK,11.158
2025-08-19,SGD,1.4989
2025-08-19,THB,37.972
2025-08-19,TRY,47.732
2025-08-19,USD,1.1682
2025-08-19,ZAR,20.5788
2025-08-20,AUD,1.8094
2025-08-20,BGN,1.9558
2025-08-20,BRL,6.3888
2025-08-20,CAD,1.6156
2025-08-20,CHF,0.9403
2025-08-20,CNY,8.3609
2025-08-20,CZK,24.491
2025-08-20,DKK,7.4649
2025-08-20,GBP,0.8645
2025-08-20,HKD,9.1038
2025-08-20,HUF,394.5
2025-08-20,IDR,18969.63
2025-08-20,ILS,3.9629
2025-08-20,INR,101.4305
2025-08-20,ISK,143.4
2025-08-20,JPY,171.77
2025-08-20,KRW,1629.72
2025-08-20,MXN,21.8735
2025-08-20,MYR,4.9237
2025-08-20,NOK,11.9505
2025-08-20,NZD,1.9983
2025-08-20,PHP,66.44
2025-08-20,PLN,4.2483
2025-08-20,RON,5.0585
2025-08-20,SEK,11.177
2025-08-20,SGD,1.4974
2025-08-20,THB,37.924
2025-08-20,TRY,47.6535
2025-08-20,USD,1.1651
2025-08-20,ZAR,20.6249
2025-08-21,AUD,1.8118
2025-08-21,BGN,1.9558
2025-08-21,BRL,6.3851
2025-08-21,CAD,1.6164
2025-08-21,CHF,0.9389
2025-08-21,CNY,8.3547
2025-08-21,CZK,24.53
2025-08-21,DKK,7.4641
2025-08-21,GBP,0.8654
2025-08-21,HKD,9.0943
2025-08-21,HUF,395.75
2025-08-21,IDR,18991.18
2025-08-21,ILS,3.9801
2025-08-21,INR,101.566
2025-08-21,ISK,143.4
2025-08-21,JPY,172.09
2025-08-21,KRW,1627.94
2025-08-21,MXN,21.832
2025-08-21,MYR,4.9169
2025-08-21,NOK,11.8505
2025-08-21,NZD,1.9986
2025-08-21,PHP,66.451
2025-08-21,PLN,4.2518
2025-08-21,RON,5.0554
2025-08-21,SEK,11.164
2025-08-21,SGD,1.4983
2025-08-21,THB,37.984
2025-08-21,TRY,47.6441
2025-08-21,USD,1.1639
2025-08-21,ZAR,20.604
2025-08-22,AUD,1.8068
2025-08-22,BGN,1.9558
2025-08-22,BRL,6.3462
2025-08-22,CAD,1.6151
2025-08-22,CHF,0.9383
2025-08-22,CNY,8.3333
2025-08-22,CZK,24.565
2025-08-22,DKK,7.4646
2025-08-22,GBP,0.8653
2025-08-22,HKD,9.075
2025-08-22,HUF,395.83
2025-08-22,IDR,19006.77
2025-08-22,ILS,3.9458
2025-08-22,INR,101.613
2025-08-22,ISK,143.4
2025-08-22,JPY,172.6
2025-08-22,KRW,1614.06
2025-08-22,MXN,21.732
2025-08-22,MYR,4.9073
2025-08-22,NOK,11.8325
2025-08-22,NZD,1.9978
2025-08-22,PHP,66.091
2025-08-22,PLN,4.2628
2025-08-22,RON,5.0533
2025-08-22,SEK,11.1775
2025-08-22,SGD,1.4956
2025-08-22,THB,37.889
2025-08-22,TRY,47.461
2025-08-22,USD,1.1608
2025-08-22,ZAR,20.4635
2025-08-25,AUD,1.8005
2025-08-25,BGN,1.9558
2025-08-25,BRL,6.3504
2025-08-25,CAD,1.6171
2025-08-25,CHF,0.9385
2025-08-25,CNY,8.3709
2025-08-25,CZK,24.544
2025-08-25,DKK,7.464
2025-08-25,GBP,0.8659
2025-08-25,HKD,9.1369
2025-08-25,HUF,397.4
2025-08-25,IDR,19001.6
2025-08-25,ILS,3.9545
2025-08-25,INR,102.4185
2025-08-25,ISK,143.4
2025-08-25,JPY,172.36
2025-08-25,KRW,1622.7
2025-08-25,MXN,21.8024
2025-08-25,MYR,4.9215
2025-08-25,NOK,11.8085
2025-08-25,NZD,1.9928
2025-08-25,PHP,66.273
2025-08-25,PLN,4.2616
2025-08-25,RON,5.0539
2025-08-25,SEK,11.1345
2025-08-25,SGD,1.5009
2025-08-25,THB,37.939
2025-08-25,TRY,47.9475
2025-08-25,USD,1.1697
2025-08-25,ZAR,20.5342
2025-08-26,AUD,1.7956
2025-08-26,BGN,1.9558
2025-08-26,BRL,6.2992
2025-08-26,CAD,1.6137
2025-08-26,CHF,0.9376
2025-08-26,CNY,8.3427
2025-08-26,CZK,24.544
2025-08-26,DKK,7.4643
2025-08-26,GBP,0.8642
2025-08-26,HKD,9.0921
2025-08-26,HUF,396.88
2025-08-26,IDR,19014.67
2025-08-26,ILS,3.923
2025-08-26,INR,102.127
2025-08-26,ISK,143.2
2025-08-26,JPY,171.77
2025-08-26,KRW,1625.27
2025-08-26,MXN,21.7269
2025-08-26,MYR,4.9136
2025-08-26,NOK,11.836
2025-08-26,NZD,1.9903
2025-08-26,PHP,66.395
2025-08-26,PLN,4.2608
2025-08-26,RON,5.0578
2025-08-26,SEK,11.1565
2025-08-26,SGD,1.4977
2025-08-26,THB,37.824
2025-08-26,TRY,47.8202
2025-08-26,USD,1.1656
2025-08-26,ZAR,20.5608
2025-08-27,AUD,1.7916
2025-08-27,BGN,1.9558
2025-08-27,BRL,6.3051
2025-08-27,CAD,1.6056
2025-08-27,CHF,0.935
2025-08-27,CNY,8.3027
2025-08-27,CZK,24.542
2025-08-27,DKK,7.4647
2025-08-27,GBP,0.8626
2025-08-27,HKD,9.0229
2025-08-27,HUF,396.85
2025-08-27,IDR,19038.95
2025-08-27,ILS,3.8757
2025-08-27,INR,101.739
2025-08-27,ISK,143
2025-08-27,JPY,171.63
2025-08-27,KRW,1620.49
2025-08-27,MXN,21.7128
2025-08-27,MYR,4.9096
2025-08-27,NOK,11.786
2025-08-27,NZD,1.9894
2025-08-27,PHP,66.375
2025-08-27,PLN,4.2698
2025-08-27,RON,5.0666
2025-08-27,SEK,11.116
2025-08-27,SGD,1.4943
2025-08-27,THB,37.648
2025-08-27,TRY,47.5745
2025-08-27,USD,1.1593
2025-08-27,ZAR,20.5917
2025-08-28,AUD,1.788
2025-08-28,BGN,1.9558
2025-08-28,BRL,6.3147
2025-08-28,CAD,1.6062
2025-08-28,CHF,0.9353
2025-08-28,CNY,8.3266
2025-08-28,CZK,24.557
2025-08-28,DKK,7.4648
2025-08-28,GBP,0.8637
2025-08-28,HKD,9.1008
2025-08-28,HUF,396.63
2025-08-28,IDR,19057.22
2025-08-28,ILS,3.8855
2025-08-28,INR,102.2535
2025-08-28,ISK,143
2025-08-28,JPY,171.48
2025-08-28,KRW,1618.06
2025-08-28,MXN,21.7283
2025-08-28,MYR,4.9238
2025-08-28,NOK,11.748
2025-08-28,NZD,1.9871
2025-08-28,PHP,66.535
2025-08-28,PLN,4.2618
2025-08-28,RON,5.0683
2025-08-28,SEK,11.0735
2025-08-28,SGD,1.498
2025-08-28,THB,37.754
2025-08-28,TRY,47.9206
2025-08-28,USD,1.1676
2025-08-28,ZAR,20.5817
2025-08-29,AUD,1.7865
2025-08-29,BGN,1.9558
2025-08-29,BRL,6.3253
2025-08-29,CAD,1.6031
2025-08-29,CHF,0.9364
2025-08-29,CNY,8.3155
2025-08-29,CZK,24.458
2025-08-29,DKK,7.4642
2025-08-29,GBP,0.8668
2025-08-29,HKD,9.0877
2025-08-29,HUF,396.9
2025-08-29,IDR,19207.37
2025-08-29,ILS,3.8953
2025-08-29,INR,102.8035
2025-08-29,ISK,143
2025-08-29,JPY,171.72
2025-08-29,KRW,1622.26
2025-08-29,MXN,21.7935
2025-08-29,MYR,4.9255
2025-08-29,NOK,11.7465
2025-08-29,NZD,1.9811
2025-08-29,PHP,66.687
2025-08-29,PLN,4.2665
2025-08-29,RON,5.0728
2025-08-29,SEK,11.055
2025-08-29,SGD,1.4987
2025-08-29,THB,37.76
2025-08-29,TRY,47.9536
2025-08-29,USD,1.1658
2025-08-29,ZAR,20.6758
2025-09-01,AUD,1.7885
2025-09-01,BGN,1.9558
2025-09-01,BRL,6.3587
2025-09-01,CAD,1.6105
2025-09-01,CHF,0.9383
2025-09-01,CNY,8.3581
2025-09-01,CZK,24.433
2025-09-01,DKK,7.4639
2025-09-01,GBP,0.8662
2025-09-01,HKD,9.1339
2025-09-01,HUF,395.15
2025-09-01,IDR,19249.27
2025-09-01,ILS,3.928
2025-09-01,INR,103.3225
2025-09-01,ISK,143.4
2025-09-01,JPY,172.47
2025-09-01,KRW,1632.32
2025-09-01,MXN,21.8009
2025-09-01,MYR,4.9496
2025-09-01,NOK,11.7315
2025-09-01,NZD,1.9863
2025-09-01,PHP,66.985
2025-09-01,PLN,4.2553
2025-09-01,RON,5.0737
2025-09-01,SEK,11.012
2025-09-01,SGD,1.504
2025-09-01,THB,37.845
2025-09-01,TRY,48.1658
2025-09-01,USD,1.1715
2025-09-01,ZAR,20.5948
2025-09-02,AUD,1.7897
2025-09-02,BGN,1.9558
2025-09-02,BRL,6.3757
2025-09-02,CAD,1.6056
2025-09-02,CHF,0.9366
2025-09-02,CNY,8.3202
2025-09-02,CZK,24.485
2025-09-02,DKK,7.4632
2025-09-02,GBP,0.8702
2025-09-02,HKD,9.0915
2025-09-02,HUF,395.58
2025-09-02,IDR,19110.27
2025-09-02,ILS,3.9478
2025-09-02,INR,102.5795
2025-09-02,ISK,143.6
2025-09-02,JPY,173.1
2025-09-02,KRW,1625.01
2025-09-02,MXN,21.8726
2025-09-02,MYR,4.9263
2025-09-02,NOK,11.674
2025-09-02,NZD,1.9892
2025-09-02,PHP,66.762
2025-09-02,PLN,4.2653
2025-09-02,RON,5.0822
2025-09-02,SEK,11.003
2025-09-02,SGD,1.5006
2025-09-02,THB,37.704
2025-09-02,TRY,47.9289
2025-09-02,USD,1.1646
2025-09-02,ZAR,20.6439
2025-09-03,AUD,1.7823
2025-09-03,BGN,1.9558
2025-09-03,BRL,6.355
2025-09-03,CAD,1.6079
2025-09-03,CHF,0.9374
2025-09-03,CNY,8.3268
2025-09-03,CZK,24.446
2025-09-03,DKK,7.4633
2025-09-03,GBP,0.8687
2025-09-03,HKD,9.0909
2025-09-03,HUF,393.3
2025-09-03,IDR,19170.53
2025-09-03,ILS,3.9247
2025-09-03,INR,102.582
2025-09-03,ISK,143.6
2025-09-03,JPY,173.17
2025-09-03,KRW,1619.1
2025-09-03,MXN,21.7972
2025-09-03,MYR,4.9263
2025-09-03,NOK,11.7
2025-09-03,NZD,1.9857
2025-09-03,PHP,66.787
2025-09-03,PLN,4.2523
2025-09-03,RON,5.0774
2025-09-03,SEK,11.0015
2025-09-03,SGD,1.5015
2025-09-03,THB,37.668
2025-09-03,TRY,47.9724
2025-09-03,USD,1.1653
2025-09-03,ZAR,20.5442
2025-09-04,AUD,1.787
2025-09-04,BGN,1.9558
2025-09-04,BRL,6.3585
2025-09-04,CAD,1.6094
2025-09-04,CHF,0.9383
2025-09-04,CNY,8.3168
2025-09-04,CZK,24.452
2025-09-04,DKK,7.4644
2025-09-04,GBP,0.8663
2025-09-04,HKD,9.0828
2025-09-04,HUF,393.15
2025-09-04,IDR,19154.37
2025-09-04,ILS,3.9174
2025-09-04,INR,102.6255
2025-09-04,ISK,143.6
2025-09-04,JPY,172.76
2025-09-04,KRW,1622.79
2025-09-04,MXN,21.8626
2025-09-04,MYR,4.9209
2025-09-04,NOK,11.753
2025-09-04,NZD,1.9887
2025-09-04,PHP,66.503
2025-09-04,PLN,4.251
2025-09-04,RON,5.0768
2025-09-04,SEK,11.0185
2025-09-04,SGD,1.5013
2025-09-04,THB,37.626
2025-09-04,TRY,47.9563
2025-09-04,USD,1.1647
2025-09-04,ZAR,20.722
2025-09-05,AUD,1.787
2025-09-05,BGN,1.9558
2025-09-05,BRL,6.346
2025-09-05,CAD,1.6138
2025-09-05,CHF,0.939
2025-09-05,CNY,8.3489
2025-09-05,CZK,24.421
2025-09-05,DKK,7.4648
2025-09-05,GBP,0.8678
2025-09-05,HKD,9.1263
2025-09-05,HUF,392.75
2025-09-05,IDR,19207
2025-09-05,ILS,3.903
2025-09-05,INR,103.221
2025-09-05,ISK,143
2025-09-05,JPY,173.09
2025-09-05,KRW,1626.8
2025-09-05,MXN,21.8523
2025-09-05,MYR,4.942
2025-09-05,NOK,11.7505
2025-09-05,NZD,1.9901
2025-09-05,PHP,66.49
2025-09-05,PLN,4.2505
2025-09-05,RON,5.0786
2025-09-05,SEK,11.001
2025-09-05,SGD,1.5045
2025-09-05,THB,37.635
2025-09-05,TRY,48.177
2025-09-05,USD,1.1697
2025-09-05,ZAR,20.6644
2025-09-08,AUD,1.7799
2025-09-08,BGN,1.9558
2025-09-08,BRL,6.34
2025-09-08,CAD,1.619
2025-09-08,CHF,0.9328
2025-09-08,CNY,8.3619
2025-09-08,CZK,24.366
2025-09-08,DKK,7.466
2025-09-08,GBP,0.8669
2025-09-08,HKD,9.1402
2025-09-08,HUF,393.58
2025-09-08,IDR,19381.93
2025-09-08,ILS,3.9019
2025-09-08,INR,103.2455
2025-09-08,ISK,143.4
2025-09-08,JPY,173.39
2025-09-08,KRW,1627.71
2025-09-08,MXN,21.8835
2025-09-08,MYR,4.9463
2025-09-08,NOK,11.7125
2025-09-08,NZD,1.9761
2025-09-08,PHP,66.555
2025-09-08,PLN,4.2495
2025-09-08,RON,5.0721
2025-09-08,SEK,11.0005
2025-09-08,SGD,1.5062
2025-09-08,THB,37.266
2025-09-08,TRY,48.3955
2025-09-08,USD,1.1728
2025-09-08,ZAR,20.6029
2025-09-09,AUD,1.7771
2025-09-09,BGN,1.9558
2025-09-09,BRL,6.3665
2025-09-09,CAD,1.622
2025-09-09,CHF,0.9331
2025-09-09,CNY,8.3635
2025-09-09,CZK,24.326
2025-09-09,DKK,7.4663
2025-09-09,GBP,0.8663
2025-09-09,HKD,9.1458
2025-09-09,HUF,393.3
2025-09-09,IDR,19287.41
2025-09-09,ILS,3.9217
2025-09-09,INR,103.5465
2025-09-09,ISK,143.4
2025-09-09,JPY,172.36
2025-09-09,KRW,1628.55
2025-09-09,MXN,21.8728
2025-09-09,MYR,4.9395
2025-09-09,NOK,11.7105
2025-09-09,NZD,1.9741
2025-09-09,PHP,66.821
2025-09-09,PLN,4.2558
2025-09-09,RON,5.0738
2025-09-09,SEK,11.0018
2025-09-09,SGD,1.5049
2025-09-09,THB,37.217
2025-09-09,TRY,48.4734
2025-09-09,USD,1.1744
2025-09-09,ZAR,20.5339
2025-09-10,AUD,1.772
2025-09-10,BGN,1.9558
2025-09-10,BRL,6.3582
2025-09-10,CAD,1.6224
2025-09-10,CHF,0.9338
2025-09-10,CNY,8.3387
2025-09-10,CZK,24.388
2025-09-10,DKK,7.4651
2025-09-10,GBP,0.865
2025-09-10,HKD,9.1189
2025-09-10,HUF,393.4
2025-09-10,IDR,19301.04
2025-09-10,ILS,3.9025
2025-09-10,INR,103.1625
2025-09-10,ISK,143
2025-09-10,JPY,172.67
2025-09-10,KRW,1625.93
2025-09-10,MXN,21.8069
2025-09-10,MYR,4.9345
2025-09-10,NOK,11.6195
2025-09-10,NZD,1.9704
2025-09-10,PHP,66.875
2025-09-10,PLN,4.2645
2025-09-10,RON,5.0746
2025-09-10,SEK,10.951
2025-09-10,SGD,1.5017
2025-09-10,THB,37.205
2025-09-10,TRY,48.3323
2025-09-10,USD,1.1707
2025-09-10,ZAR,20.57
2025-09-11,AUD,1.7697
2025-09-11,BGN,1.9558
2025-09-11,BRL,6.3299
2025-09-11,CAD,1.6222
2025-09-11,CHF,0.9346
2025-09-11,CNY,8.3252
2025-09-11,CZK,24.385
2025-09-11,DKK,7.464
2025-09-11,GBP,0.8647
2025-09-11,HKD,9.1031
2025-09-11,HUF,392.63
2025-09-11,IDR,19261.5
2025-09-11,ILS,3.9035
2025-09-11,INR,103.331
2025-09-11,ISK,142.8
2025-09-11,JPY,172.88
2025-09-11,KRW,1627.67
2025-09-11,MXN,21.7808
2025-09-11,MYR,4.9334
2025-09-11,NOK,11.612
2025-09-11,NZD,1.9713
2025-09-11,PHP,66.812
2025-09-11,PLN,4.2653
2025-09-11,RON,5.0709
2025-09-11,SEK,10.9515
2025-09-11,SGD,1.5015
2025-09-11,THB,37.188
2025-09-11,TRY,48.2522
2025-09-11,USD,1.1685
2025-09-11,ZAR,20.5023
2025-09-12,AUD,1.7646
2025-09-12,BGN,1.9558
2025-09-12,BRL,6.326
2025-09-12,CAD,1.6227
2025-09-12,CHF,0.9347
2025-09-12,CNY,8.3461
2025-09-12,CZK,24.318
2025-09-12,DKK,7.4644
2025-09-12,GBP,0.8653
2025-09-12,HKD,9.1198
2025-09-12,HUF,391.13
2025-09-12,IDR,19262.58
2025-09-12,ILS,3.9041
2025-09-12,INR,103.4388
2025-09-12,ISK,143.6
2025-09-12,JPY,173.33
2025-09-12,KRW,1630.98
2025-09-12,MXN,21.6643
2025-09-12,MYR,4.9274
2025-09-12,NOK,11.5845
2025-09-12,NZD,1.9702
2025-09-12,PHP,66.943
2025-09-12,PLN,4.2575
2025-09-12,RON,5.0695
2025-09-12,SEK,10.9485
2025-09-12,SGD,1.5042
2025-09-12,THB,37.199
2025-09-12,TRY,48.4777
2025-09-12,USD,1.1718
2025-09-12,ZAR,20.3726
2025-09-15,AUD,1.7659
2025-09-15,BGN,1.9558
2025-09-15,BRL,6.2769
2025-09-15,CAD,1.6262
2025-09-15,CHF,0.9353
2025-09-15,CNY,8.3795
2025-09-15,CZK,24.327
2025-09-15,DKK,7.4646
2025-09-15,GBP,0.8641
2025-09-15,HKD,9.1524
2025-09-15,HUF,389.93
2025-09-15,IDR,19318.24
2025-09-15,ILS,3.932
2025-09-15,INR,103.7145
2025-09-15,ISK,143.2
2025-09-15,JPY,173.38
2025-09-15,KRW,1633.1
2025-09-15,MXN,21.6677
2025-09-15,MYR,4.9476
2025-09-15,NOK,11.5565
2025-09-15,NZD,1.9723
2025-09-15,PHP,67.272
2025-09-15,PLN,4.2505
2025-09-15,RON,5.062
2025-09-15,SEK,10.9115
2025-09-15,SGD,1.5069
2025-09-15,THB,37.486
2025-09-15,TRY,48.5585
2025-09-15,USD,1.1766
2025-09-15,ZAR,20.3814
2025-09-16,AUD,1.7698
2025-09-16,BGN,1.9558
2025-09-16,BRL,6.2689
2025-09-16,CAD,1.6233
2025-09-16,CHF,0.9336
2025-09-16,CNY,8.401
2025-09-16,CZK,24.326
2025-09-16,DKK,7.465
2025-09-16,GBP,0.8656
2025-09-16,HKD,9.189
2025-09-16,HUF,389.78
2025-09-16,IDR,19373.16
2025-09-16,ILS,3.9471
2025-09-16,INR,103.9615
2025-09-16,ISK,143.2
2025-09-16,JPY,173.55
2025-09-16,KRW,1631.64
2025-09-16,MXN,21.6651
2025-09-16,MYR,4.9648
2025-09-16,NOK,11.59
2025-09-16,NZD,1.9759
2025-09-16,PHP,67.207
2025-09-16,PLN,4.2513
2025-09-16,RON,5.0629
2025-09-16,SEK,10.9305
2025-09-16,SGD,1.5089
2025-09-16,THB,37.446
2025-09-16,TRY,48.7565
2025-09-16,USD,1.1807
2025-09-16,ZAR,20.4949
2025-09-17,AUD,1.7728
2025-09-17,BGN,1.9558
2025-09-17,BRL,6.2714
2025-09-17,CAD,1.6281
2025-09-17,CHF,0.9317
2025-09-17,CNY,8.4092
2025-09-17,CZK,24.324
2025-09-17,DKK,7.4643
2025-09-17,GBP,0.8675
2025-09-17,HKD,9.2045
2025-09-17,HUF,389.95
2025-09-17,IDR,19487.31
2025-09-17,ILS,3.9583
2025-09-17,INR,103.9895
2025-09-17,ISK,142.8
2025-09-17,JPY,173.28
2025-09-17,KRW,1631.8
2025-09-17,MXN,21.6532
2025-09-17,MYR,4.9579
2025-09-17,NOK,11.626
2025-09-17,NZD,1.9786
2025-09-17,PHP,67.3
2025-09-17,PLN,4.2525
2025-09-17,RON,5.0668
2025-09-17,SEK,10.9635
2025-09-17,SGD,1.5111
2025-09-17,THB,37.577
2025-09-17,TRY,48.8791
2025-09-17,USD,1.1837
2025-09-17,ZAR,20.5797
2025-09-18,AUD,1.7781
2025-09-18,BGN,1.9558
2025-09-18,BRL,6.2316
2025-09-18,CAD,1.6288
2025-09-18,CHF,0.9331
2025-09-18,CNY,8.3973
2025-09-18,CZK,24.301
2025-09-18,DKK,7.4647
2025-09-18,GBP,0.868
2025-09-18,HKD,9.191
2025-09-18,HUF,388.58
2025-09-18,IDR,19552.76
2025-09-18,ILS,3.9458
2025-09-18,INR,104.1335
2025-09-18,ISK,143.4
2025-09-18,JPY,174.24
2025-09-18,KRW,1638.56
2025-09-18,MXN,21.5449
2025-09-18,MYR,4.9588
2025-09-18,NOK,11.587
2025-09-18,NZD,2.0029
2025-09-18,PHP,67.441
2025-09-18,PLN,4.256
2025-09-18,RON,5.069
2025-09-18,SEK,10.998
2025-09-18,SGD,1.5125
2025-09-18,THB,37.611
2025-09-18,TRY,48.8098
2025-09-18,USD,1.1818
2025-09-18,ZAR,20.5083
2025-09-19,AUD,1.7802
2025-09-19,BGN,1.9558
2025-09-19,BRL,6.2567
2025-09-19,CAD,1.6214
2025-09-19,CHF,0.9344
2025-09-19,CNY,8.351
2025-09-19,CZK,24.292
2025-09-19,DKK,7.4635
2025-09-19,GBP,0.8708
2025-09-19,HKD,9.1256
2025-09-19,HUF,390.55
2025-09-19,IDR,19541.55
2025-09-19,ILS,3.9196
2025-09-19,INR,103.465
2025-09-19,ISK,143
2025-09-19,JPY,173.79
2025-09-19,KRW,1640.88
2025-09-19,MXN,21.6277
2025-09-19,MYR,4.9373
2025-09-19,NOK,11.6705
2025-09-19,NZD,2.0029
2025-09-19,PHP,67.032
2025-09-19,PLN,4.263
2025-09-19,RON,5.075
2025-09-19,SEK,11.0705
2025-09-19,SGD,1.5081
2025-09-19,THB,37.42
2025-09-19,TRY,48.5812
2025-09-19,USD,1.1736
2025-09-19,ZAR,20.4038
2025-09-22,AUD,1.7865
2025-09-22,BGN,1.9558
2025-09-22,BRL,6.2943
2025-09-22,CAD,1.6272
2025-09-22,CHF,0.9348
2025-09-22,CNY,8.3788
2025-09-22,CZK,24.255
2025-09-22,DKK,7.4635
2025-09-22,GBP,0.8729
2025-09-22,HKD,9.1548
2025-09-22,HUF,389.1
2025-09-22,IDR,19535.61
2025-09-22,ILS,3.9499
2025-09-22,INR,103.998
2025-09-22,ISK,142.8
2025-09-22,JPY,174.17
2025-09-22,KRW,1639.08
2025-09-22,MXN,21.6687
2025-09-22,MYR,4.951
2025-09-22,NOK,11.7025
2025-09-22,NZD,2.0104
2025-09-22,PHP,67.024
2025-09-22,PLN,4.259
2025-09-22,RON,5.0749
2025-09-22,SEK,11.0495
2025-09-22,SGD,1.5113
2025-09-22,THB,37.434
2025-09-22,TRY,48.7594
2025-09-22,USD,1.1781
2025-09-22,ZAR,20.3855
2025-09-23,AUD,1.7854
2025-09-23,BGN,1.9558
2025-09-23,BRL,6.2967
2025-09-23,CAD,1.6307
2025-09-23,CHF,0.9344
2025-09-23,CNY,8.3869
2025-09-23,CZK,24.242
2025-09-23,DKK,7.4643
2025-09-23,GBP,0.8729
2025-09-23,HKD,9.1696
2025-09-23,HUF,389.25
2025-09-23,IDR,19639.89
2025-09-23,ILS,3.9431
2025-09-23,INR,104.6918
2025-09-23,ISK,142.6
2025-09-23,JPY,174.3
2025-09-23,KRW,1644.59
2025-09-23,MXN,21.6265
2025-09-23,MYR,4.9513
2025-09-23,NOK,11.672
2025-09-23,NZD,2.0113
2025-09-23,PHP,67.526
2025-09-23,PLN,4.2553
2025-09-23,RON,5.0772
2025-09-23,SEK,10.9887
2025-09-23,SGD,1.5137
2025-09-23,THB,37.572
2025-09-23,TRY,48.8372
2025-09-23,USD,1.1793
2025-09-23,ZAR,20.4235
2025-09-24,AUD,1.7791
2025-09-24,BGN,1.9558
2025-09-24,BRL,6.224
2025-09-24,CAD,1.6302
2025-09-24,CHF,0.9335
2025-09-24,CNY,8.3786
2025-09-24,CZK,24.29
2025-09-24,DKK,7.4639
2025-09-24,GBP,0.8731
2025-09-24,HKD,9.1422
2025-09-24,HUF,391.08
2025-09-24,IDR,19630.64
2025-09-24,ILS,3.9373
2025-09-24,INR,104.2845
2025-09-24,ISK,142.4
2025-09-24,JPY,174.51
2025-09-24,KRW,1644.99
2025-09-24,MXN,21.6342
2025-09-24,MYR,4.9493
2025-09-24,NOK,11.688
2025-09-24,NZD,2.0139
2025-09-24,PHP,67.568
2025-09-24,PLN,4.2673
2025-09-24,RON,5.0759
2025-09-24,SEK,11.035
2025-09-24,SGD,1.5128
2025-09-24,THB,37.649
2025-09-24,TRY,48.7289
2025-09-24,USD,1.1756
2025-09-24,ZAR,20.3339
2025-09-25,AUD,1.7832
2025-09-25,BGN,1.9558
2025-09-25,BRL,6.2437
2025-09-25,CAD,1.631
2025-09-25,CHF,0.9344
2025-09-25,CNY,8.363
2025-09-25,CZK,24.289
2025-09-25,DKK,7.464
2025-09-25,GBP,0.8748
2025-09-25,HKD,9.1306
2025-09-25,HUF,390.73
2025-09-25,IDR,19702.68
2025-09-25,ILS,3.9265
2025-09-25,INR,104.1115
2025-09-25,ISK,142.4
2025-09-25,JPY,174.7
2025-09-25,KRW,1648.07
2025-09-25,MXN,21.6512
2025-09-25,MYR,4.9427
2025-09-25,NOK,11.689
2025-09-25,NZD,2.02
2025-09-25,PHP,68.299
2025-09-25,PLN,4.2638
2025-09-25,RON,5.0767
2025-09-25,SEK,11.0485
2025-09-25,SGD,1.5132
2025-09-25,THB,37.782
2025-09-25,TRY,48.683
2025-09-25,USD,1.1739
2025-09-25,ZAR,20.3646
2025-09-26,AUD,1.7881
2025-09-26,BGN,1.9558
2025-09-26,BRL,6.2552
2025-09-26,CAD,1.628
2025-09-26,CHF,0.9332
2025-09-26,CNY,8.3308
2025-09-26,CZK,24.326
2025-09-26,DKK,7.4638
2025-09-26,GBP,0.874
2025-09-26,HKD,9.0819
2025-09-26,HUF,391.6
2025-09-26,IDR,19502.8
2025-09-26,ILS,3.9292
2025-09-26,INR,103.5495
2025-09-26,ISK,142
2025-09-26,JPY,174.79
2025-09-26,KRW,1645.54
2025-09-26,MXN,21.5753
2025-09-26,MYR,4.9273
2025-09-26,NOK,11.7105
2025-09-26,NZD,2.0257
2025-09-26,PHP,67.884
2025-09-26,PLN,4.2705
2025-09-26,RON,5.0782
2025-09-26,SEK,11.037
2025-09-26,SGD,1.5098
2025-09-26,THB,37.66
2025-09-26,TRY,48.5202
2025-09-26,USD,1.1672
2025-09-26,ZAR,20.368
2025-09-29,AUD,1.7859
2025-09-29,BGN,1.9558
2025-09-29,BRL,6.2515
2025-09-29,CAD,1.6333
2025-09-29,CHF,0.9357
2025-09-29,CNY,8.3482
2025-09-29,CZK,24.302
2025-09-29,DKK,7.4646
2025-09-29,GBP,0.8723
2025-09-29,HKD,9.1208
2025-09-29,HUF,391.08
2025-09-29,IDR,19543.18
2025-09-29,ILS,3.8944
2025-09-29,INR,104.0423
2025-09-29,ISK,142
2025-09-29,JPY,174.38
2025-09-29,KRW,1643.31
2025-09-29,MXN,21.4979
2025-09-29,MYR,4.9412
2025-09-29,NOK,11.6775
2025-09-29,NZD,2.027
2025-09-29,PHP,68.199
2025-09-29,PLN,4.2695
2025-09-29,RON,5.0783
2025-09-29,SEK,11.03
2025-09-29,SGD,1.5128
2025-09-29,THB,37.789
2025-09-29,TRY,48.7434
2025-09-29,USD,1.1723
2025-09-29,ZAR,20.267
2025-09-30,AUD,1.776
2025-09-30,BGN,1.9558
2025-09-30,BRL,6.2432
2025-09-30,CAD,1.6346
2025-09-30,CHF,0.9364
2025-09-30,CNY,8.3591
2025-09-30,CZK,24.335
2025-09-30,DKK,7.4649
2025-09-30,GBP,0.8734
2025-09-30,HKD,9.1359
2025-09-30,HUF,390.26
2025-09-30,IDR,19578.94
2025-09-30,ILS,3.8786
2025-09-30,INR,104.2548
2025-09-30,ISK,142.4
2025-09-30,JPY,173.76
2025-09-30,KRW,1648.05
2025-09-30,MXN,21.5314
2025-09-30,MYR,4.9412
2025-09-30,NOK,11.7265
2025-09-30,NZD,2.0257
2025-09-30,PHP,68.375
2025-09-30,PLN,4.2698
2025-09-30,RON,5.0806
2025-09-30,SEK,11.0565
2025-09-30,SGD,1.5145
2025-09-30,THB,38.088
2025-09-30,TRY,48.8227
2025-09-30,USD,1.1741
2025-09-30,ZAR,20.282
2025-10-01,AUD,1.7741
2025-10-01,BGN,1.9558
2025-10-01,BRL,6.2264
2025-10-01,CAD,1.6337
2025-10-01,CHF,0.9365
2025-10-01,CNY,8.347
2025-10-01,CZK,24.275
2025-10-01,DKK,7.4659
2025-10-01,GBP,0.8704
2025-10-01,HKD,9.1235
2025-10-01,HUF,388.7
2025-10-01,IDR,19499.36
2025-10-01,ILS,3.8845
2025-10-01,INR,104.022
2025-10-01,ISK,142.6
2025-10-01,JPY,172.47
2025-10-01,KRW,1647.52
2025-10-01,MXN,21.4137
2025-10-01,MYR,4.9329
2025-10-01,NOK,11.658
2025-10-01,NZD,2.0184
2025-10-01,PHP,68.146
2025-10-01,PLN,4.2583
2025-10-01,RON,5.0821
2025-10-01,SEK,11.0355
2025-10-01,SGD,1.5114
2025-10-01,THB,37.968
2025-10-01,TRY,48.7626
2025-10-01,USD,1.1724
2025-10-01,ZAR,20.1455
2025-10-02,AUD,1.7786
2025-10-02,BGN,1.9558
2025-10-02,BRL,6.2442
2025-10-02,CAD,1.6387
2025-10-02,CHF,0.935
2025-10-02,CNY,8.3683
2025-10-02,CZK,24.248
2025-10-02,DKK,7.4668
2025-10-02,GBP,0.8721
2025-10-02,HKD,9.1458
2025-10-02,HUF,388.75
2025-10-02,IDR,19529.86
2025-10-02,ILS,3.8951
2025-10-02,INR,104.2798
2025-10-02,ISK,142.2
2025-10-02,JPY,172.53
2025-10-02,KRW,1647.21
2025-10-02,MXN,21.5927
2025-10-02,MYR,4.9431
2025-10-02,NOK,11.675
2025-10-02,NZD,2.0163
2025-10-02,PHP,68.314
2025-10-02,PLN,4.2565
2025-10-02,RON,5.082
2025-10-02,SEK,11.0025
2025-10-02,SGD,1.5127
2025-10-02,THB,37.977
2025-10-02,TRY,48.9077
2025-10-02,USD,1.1754
2025-10-02,ZAR,20.1999
2025-10-03,AUD,1.7771
2025-10-03,BGN,1.9558
2025-10-03,BRL,6.2672
2025-10-03,CAD,1.6387
2025-10-03,CHF,0.9343
2025-10-03,CNY,8.3541
2025-10-03,CZK,24.277
2025-10-03,DKK,7.4667
2025-10-03,GBP,0.8726
2025-10-03,HKD,9.1318
2025-10-03,HUF,388.88
2025-10-03,IDR,19436.73
2025-10-03,ILS,3.8828
2025-10-03,INR,104.183
2025-10-03,ISK,142.2
2025-10-03,JPY,172.9
2025-10-03,KRW,1649.29
2025-10-03,MXN,21.5994
2025-10-03,MYR,4.9377
2025-10-03,NOK,11.6745
2025-10-03,NZD,2.0122
2025-10-03,PHP,67.955
2025-10-03,PLN,4.2555
2025-10-03,RON,5.0904
2025-10-03,SEK,11.003
2025-10-03,SGD,1.5129
2025-10-03,THB,38.012
2025-10-03,TRY,48.9128
2025-10-03,USD,1.1734
2025-10-03,ZAR,20.249
2025-10-06,AUD,1.7698
2025-10-06,BGN,1.9558
2025-10-06,BRL,6.2387
2025-10-06,CAD,1.6304
2025-10-06,CHF,0.9314
2025-10-06,CNY,8.3142
2025-10-06,CZK,24.308
2025-10-06,DKK,7.4667
2025-10-06,GBP,0.8695
2025-10-06,HKD,9.0896
2025-10-06,HUF,389.13
2025-10-06,IDR,19403.46
2025-10-06,ILS,3.8294
2025-10-06,INR,103.678
2025-10-06,ISK,141.8
2025-10-06,JPY,175.22
2025-10-06,KRW,1649.2
2025-10-06,MXN,21.5069
2025-10-06,MYR,4.9223
2025-10-06,NOK,11.621
2025-10-06,NZD,2.006
2025-10-06,PHP,68.115
2025-10-06,PLN,4.2528
2025-10-06,RON,5.0885
2025-10-06,SEK,10.988
2025-10-06,SGD,1.5104
2025-10-06,THB,37.866
2025-10-06,TRY,48.6894
2025-10-06,USD,1.1678
2025-10-06,ZAR,20.1428
2025-10-07,AUD,1.7708
2025-10-07,BGN,1.9558
2025-10-07,BRL,6.216
2025-10-07,CAD,1.628
2025-10-07,CHF,0.9314
2025-10-07,CNY,8.3057
2025-10-07,CZK,24.318
2025-10-07,DKK,7.4662
2025-10-07,GBP,0.8703
2025-10-07,HKD,9.0799
2025-10-07,HUF,391.75
2025-10-07,IDR,19331.38
2025-10-07,ILS,3.8229
2025-10-07,INR,103.5425
2025-10-07,ISK,141.6
2025-10-07,JPY,176.05
2025-10-07,KRW,1648.64
2025-10-07,MXN,21.4265
2025-10-07,MYR,4.9166
2025-10-07,NOK,11.6025
2025-10-07,NZD,2.0091
2025-10-07,PHP,67.817
2025-10-07,PLN,4.2535
2025-10-07,RON,5.0919
2025-10-07,SEK,10.9495
2025-10-07,SGD,1.5085
2025-10-07,THB,37.929
2025-10-07,TRY,48.6531
2025-10-07,USD,1.1666
2025-10-07,ZAR,20.0635
2025-10-08,AUD,1.7689
2025-10-08,BGN,1.9558
2025-10-08,BRL,6.2288
2025-10-08,CAD,1.621
2025-10-08,CHF,0.9305
2025-10-08,CNY,8.2779
2025-10-08,CZK,24.369
2025-10-08,DKK,7.4667
2025-10-08,GBP,0.8671
2025-10-08,HKD,9.0484
2025-10-08,HUF,392.4
2025-10-08,IDR,19295.24
2025-10-08,ILS,3.8174
2025-10-08,INR,103.1975
2025-10-08,ISK,141.4
2025-10-08,JPY,177.53
2025-10-08,KRW,1656.07
2025-10-08,MXN,21.3818
2025-10-08,MYR,4.904
2025-10-08,NOK,11.6125
2025-10-08,NZD,2.013
2025-10-08,PHP,67.458
2025-10-08,PLN,4.2508
2025-10-08,RON,5.0958
2025-10-08,SEK,10.9635
2025-10-08,SGD,1.5062
2025-10-08,THB,37.824
2025-10-08,TRY,48.5016
2025-10-08,USD,1.1627
2025-10-08,ZAR,19.983
2025-10-09,AUD,1.76
2025-10-09,BGN,1.9558
2025-10-09,BRL,6.1877
2025-10-09,CAD,1.6198
2025-10-09,CHF,0.9309
2025-10-09,CNY,8.2698
2025-10-09,CZK,24.326
2025-10-09,DKK,7.4668
2025-10-09,GBP,0.8683
2025-10-09,HKD,9.0334
2025-10-09,HUF,390.98
2025-10-09,IDR,19227.64
2025-10-09,ILS,3.7684
2025-10-09,INR,103.1025
2025-10-09,ISK,141.8
2025-10-09,JPY,177.4
2025-10-09,KRW,1647.8
2025-10-09,MXN,21.2683
2025-10-09,MYR,4.8952
2025-10-09,NOK,11.624
2025-10-09,NZD,2.0097
2025-10-09,PHP,67.553
2025-10-09,PLN,4.2548
2025-10-09,RON,5.0945
2025-10-09,SEK,10.987
2025-10-09,SGD,1.5048
2025-10-09,THB,37.817
2025-10-09,TRY,48.4464
2025-10-09,USD,1.1611
2025-10-09,ZAR,19.8575
2025-10-10,AUD,1.765
2025-10-10,BGN,1.9558
2025-10-10,BRL,6.2082
2025-10-10,CAD,1.6218
2025-10-10,CHF,0.9324
2025-10-10,CNY,8.2397
2025-10-10,CZK,24.299
2025-10-10,DKK,7.4672
2025-10-10,GBP,0.8709
2025-10-10,HKD,9.0022
2025-10-10,HUF,390.49
2025-10-10,IDR,19190.91
2025-10-10,ILS,3.7682
2025-10-10,INR,102.6203
2025-10-10,ISK,141.6
2025-10-10,JPY,176.46
2025-10-10,KRW,1643.85
2025-10-10,MXN,21.2565
2025-10-10,MYR,4.8875
2025-10-10,NOK,11.6775
2025-10-10,NZD,2.011
2025-10-10,PHP,67.419
2025-10-10,PLN,4.2576
2025-10-10,RON,5.0928
2025-10-10,SEK,11.008
2025-10-10,SGD,1.501
2025-10-10,THB,37.833
2025-10-10,TRY,48.3836
2025-10-10,USD,1.1568
2025-10-10,ZAR,19.9122
2025-10-13,AUD,1.7775
2025-10-13,BGN,1.9558
2025-10-13,BRL,6.3344
2025-10-13,CAD,1.6207
2025-10-13,CHF,0.9304
2025-10-13,CNY,8.2511
2025-10-13,CZK,24.358
2025-10-13,DKK,7.4681
2025-10-13,GBP,0.8677
2025-10-13,HKD,8.9974
2025-10-13,HUF,392.68
2025-10-13,IDR,19184.24
2025-10-13,ILS,3.7995
2025-10-13,INR,102.606
2025-10-13,ISK,141.6
2025-10-13,JPY,175.98
2025-10-13,KRW,1651.59
2025-10-13,MXN,21.4137
2025-10-13,MYR,4.891
2025-10-13,NOK,11.679
2025-10-13,NZD,2.022
2025-10-13,PHP,67.435
2025-10-13,PLN,4.2615
2025-10-13,RON,5.0876
2025-10-13,SEK,11.013
2025-10-13,SGD,1.5025
2025-10-13,THB,37.651
2025-10-13,TRY,48.3646
2025-10-13,USD,1.1569
2025-10-13,ZAR,20.0875
2025-10-14,AUD,1.7906
2025-10-14,BGN,1.9558
2025-10-14,BRL,6.3536
2025-10-14,CAD,1.6249
2025-10-14,CHF,0.9296
2025-10-14,CNY,8.2488
2025-10-14,CZK,24.324
2025-10-14,DKK,7.4684
2025-10-14,GBP,0.8712
2025-10-14,HKD,8.9823
2025-10-14,HUF,393
2025-10-14,IDR,19212.35
2025-10-14,ILS,3.8409
2025-10-14,INR,102.5828
2025-10-14,ISK,141.4
2025-10-14,JPY,175.72
2025-10-14,KRW,1657.52
2025-10-14,MXN,21.4926
2025-10-14,MYR,4.8869
2025-10-14,NOK,11.7725
2025-10-14,NZD,2.0309
2025-10-14,PHP,67.288
2025-10-14,PLN,4.2625
2025-10-14,RON,5.0903
2025-10-14,SEK,11.038
2025-10-14,SGD,1.5037
2025-10-14,THB,37.905
2025-10-14,TRY,48.3242
2025-10-14,USD,1.1553
2025-10-14,ZAR,20.1751
2025-10-15,AUD,1.7839
2025-10-15,BGN,1.9558
2025-10-15,BRL,6.35
2025-10-15,CAD,1.6323
2025-10-15,CHF,0.9305
2025-10-15,CNY,8.2823
2025-10-15,CZK,24.28
2025-10-15,DKK,7.4687
2025-10-15,GBP,0.8705
2025-10-15,HKD,9.0342
2025-10-15,HUF,390.83
2025-10-15,IDR,19295.48
2025-10-15,ILS,3.8242
2025-10-15,INR,102.3415
2025-10-15,ISK,141.6
2025-10-15,JPY,176.13
2025-10-15,KRW,1654.5
2025-10-15,MXN,21.45
2025-10-15,MYR,4.9184
2025-10-15,NOK,11.7225
2025-10-15,NZD,2.0309
2025-10-15,PHP,67.58
2025-10-15,PLN,4.256
2025-10-15,RON,5.089
2025-10-15,SEK,11.0195
2025-10-15,SGD,1.5067
2025-10-15,THB,37.847
2025-10-15,TRY,48.6274
2025-10-15,USD,1.1622
2025-10-15,ZAR,20.1304
2025-10-16,AUD,1.7926
2025-10-16,BGN,1.9558
2025-10-16,BRL,6.3464
2025-10-16,CAD,1.637
2025-10-16,CHF,0.9302
2025-10-16,CNY,8.3009
2025-10-16,CZK,24.294
2025-10-16,DKK,7.4689
2025-10-16,GBP,0.8676
2025-10-16,HKD,9.0545
2025-10-16,HUF,389.78
2025-10-16,IDR,19345.49
2025-10-16,ILS,3.846
2025-10-16,INR,102.4265
2025-10-16,ISK,141.6
2025-10-16,JPY,176.23
2025-10-16,KRW,1651.69
2025-10-16,MXN,21.475
2025-10-16,MYR,4.9246
2025-10-16,NOK,11.734
2025-10-16,NZD,2.0309
2025-10-16,PHP,67.642
2025-10-16,PLN,4.2513
2025-10-16,RON,5.0876
2025-10-16,SEK,11.013
2025-10-16,SGD,1.5099
2025-10-16,THB,37.906
2025-10-16,TRY,48.7549
2025-10-16,USD,1.1649
2025-10-16,ZAR,20.1723
2025-10-17,AUD,1.7995
2025-10-17,BGN,1.9558
2025-10-17,BRL,6.3457
2025-10-17,CAD,1.6393
2025-10-17,CHF,0.9257
2025-10-17,CNY,8.3196
2025-10-17,CZK,24.308
2025-10-17,DKK,7.469
2025-10-17,GBP,0.8695
2025-10-17,HKD,9.0732
2025-10-17,HUF,389.73
2025-10-17,IDR,19365.64
2025-10-17,ILS,3.862
2025-10-17,INR,102.787
2025-10-17,ISK,142
2025-10-17,JPY,175.7
2025-10-17,KRW,1659.38
2025-10-17,MXN,21.5054
2025-10-17,MYR,4.9364
2025-10-17,NOK,11.7293
2025-10-17,NZD,2.038
2025-10-17,PHP,67.931
2025-10-17,PLN,4.245
2025-10-17,RON,5.0887
2025-10-17,SEK,11.03
2025-10-17,SGD,1.5125
2025-10-17,THB,38.273
2025-10-17,TRY,49.001
2025-10-17,USD,1.1681
2025-10-17,ZAR,20.2996
2025-10-20,AUD,1.7965
2025-10-20,BGN,1.9558
2025-10-20,BRL,6.3012
2025-10-20,CAD,1.6368
2025-10-20,CHF,0.9239
2025-10-20,CNY,8.3024
2025-10-20,CZK,24.29
2025-10-20,DKK,7.4684
2025-10-20,GBP,0.8691
2025-10-20,HKD,9.0556
2025-10-20,HUF,389.55
2025-10-20,IDR,19303.59
2025-10-20,ILS,3.8595
2025-10-20,INR,102.4515
2025-10-20,ISK,141.6
2025-10-20,JPY,175.71
2025-10-20,KRW,1659.14
2025-10-20,MXN,21.4351
2025-10-20,MYR,4.9254
2025-10-20,NOK,11.7415
2025-10-20,NZD,2.0349
2025-10-20,PHP,67.798
2025-10-20,PLN,4.2468
2025-10-20,RON,5.0885
2025-10-20,SEK,10.99
2025-10-20,SGD,1.5088
2025-10-20,THB,38.106
2025-10-20,TRY,48.9025
2025-10-20,USD,1.1655
2025-10-20,ZAR,20.1876
2025-10-21,AUD,1.7885
2025-10-21,BGN,1.9558
2025-10-21,BRL,6.2526
2025-10-21,CAD,1.6301
2025-10-21,CHF,0.923
2025-10-21,CNY,8.2626
2025-10-21,CZK,24.314
2025-10-21,DKK,7.4691
2025-10-21,GBP,0.8678
2025-10-21,HKD,9.0204
2025-10-21,HUF,389.63
2025-10-21,IDR,19272.67
2025-10-21,ILS,3.8174
2025-10-21,INR,102.1073
2025-10-21,ISK,141.6
2025-10-21,JPY,176.45
2025-10-21,KRW,1660.38
2025-10-21,MXN,21.4006
2025-10-21,MYR,4.9086
2025-10-21,NOK,11.6693
2025-10-21,NZD,2.0287
2025-10-21,PHP,67.761
2025-10-21,PLN,4.2393
2025-10-21,RON,5.0838
2025-10-21,SEK,10.9345
2025-10-21,SGD,1.5061
2025-10-21,THB,38.071
2025-10-21,TRY,48.7114
2025-10-21,USD,1.1607
2025-10-21,ZAR,20.1148
2025-10-22,AUD,1.7864
2025-10-22,BGN,1.9558
2025-10-22,BRL,6.2411
2025-10-22,CAD,1.6254
2025-10-22,CHF,0.9228
2025-10-22,CNY,8.2576
2025-10-22,CZK,24.308
2025-10-22,DKK,7.4694
2025-10-22,GBP,0.8689
2025-10-22,HKD,9.0044
2025-10-22,HUF,389.39
2025-10-22,IDR,19256
2025-10-22,ILS,3.83
2025-10-22,INR,102.4452
2025-10-22,ISK,141.8
2025-10-22,JPY,175.92
2025-10-22,KRW,1660.02
2025-10-22,MXN,21.324
2025-10-22,MYR,4.8813
2025-10-22,NOK,11.643
2025-10-22,NZD,2.0185
2025-10-22,PHP,67.477
2025-10-22,PLN,4.2312
2025-10-22,RON,5.0831
2025-10-22,SEK,10.916
2025-10-22,SGD,1.5052
2025-10-22,THB,38.107
2025-10-22,TRY,48.6754
2025-10-22,USD,1.1587
2025-10-22,ZAR,20.2312
2025-10-23,AUD,1.7825
2025-10-23,BGN,1.9558
2025-10-23,BRL,6.2434
2025-10-23,CAD,1.6221
2025-10-23,CHF,0.9249
2025-10-23,CNY,8.2593
2025-10-23,CZK,24.308
2025-10-23,DKK,7.4694
2025-10-23,GBP,0.8691
2025-10-23,HKD,9.0092
2025-10-23,HUF,389.99
2025-10-23,IDR,19273
2025-10-23,ILS,3.8361
2025-10-23,INR,101.8109
2025-10-23,ISK,142.2
2025-10-23,JPY,176.94
2025-10-23,KRW,1669.89
2025-10-23,MXN,21.354
2025-10-23,MYR,4.9027
2025-10-23,NOK,11.5829
2025-10-23,NZD,2.0184
2025-10-23,PHP,67.96
2025-10-23,PLN,4.2327
2025-10-23,RON,5.0823
2025-10-23,SEK,10.9193
2025-10-23,SGD,1.5066
2025-10-23,THB,38.029
2025-10-23,TRY,48.7879
2025-10-23,USD,1.1593
2025-10-23,ZAR,20.1115
2025-10-24,AUD,1.7862
2025-10-24,BGN,1.9558
2025-10-24,BRL,6.257
2025-10-24,CAD,1.6286
2025-10-24,CHF,0.9248
2025-10-24,CNY,8.2706
2025-10-24,CZK,24.336
2025-10-24,DKK,7.4698
2025-10-24,GBP,0.8726
2025-10-24,HKD,9.0222
2025-10-24,HUF,389.55
2025-10-24,IDR,19285.21
2025-10-24,ILS,3.8195
2025-10-24,INR,101.958
2025-10-24,ISK,142.4
2025-10-24,JPY,177.55
2025-10-24,KRW,1671.49
2025-10-24,MXN,21.372
2025-10-24,MYR,4.9037
2025-10-24,NOK,11.6185
2025-10-24,NZD,2.0214
2025-10-24,PHP,68.083
2025-10-24,PLN,4.2408
2025-10-24,RON,5.0834
2025-10-24,SEK,10.904
2025-10-24,SGD,1.5089
2025-10-24,THB,38.035
2025-10-24,TRY,48.7454
2025-10-24,USD,1.1612
2025-10-24,ZAR,20.1215
2025-10-27,AUD,1.7747
2025-10-27,BGN,1.9558
2025-10-27,BRL,6.2477
2025-10-27,CAD,1.6276
2025-10-27,CHF,0.9264
2025-10-27,CNY,8.2731
2025-10-27,CZK,24.323
2025-10-27,DKK,7.4694
2025-10-27,GBP,0.8721
2025-10-27,HKD,9.0414
2025-10-27,HUF,389.18
2025-10-27,IDR,19343.82
2025-10-27,ILS,3.7914
2025-10-27,INR,102.717
2025-10-27,ISK,143
2025-10-27,JPY,177.93
2025-10-27,KRW,1667.22
2025-10-27,MXN,21.409
2025-10-27,MYR,4.9004
2025-10-27,NOK,11.632
2025-10-27,NZD,2.0186
2025-10-27,PHP,68.542
2025-10-27,PLN,4.235
2025-10-27,RON,5.084
2025-10-27,SEK,10.912
2025-10-27,SGD,1.5088
2025-10-27,THB,38.034
2025-10-27,TRY,48.7949
2025-10-27,USD,1.164
2025-10-27,ZAR,20.0053
2025-10-28,AUD,1.7745
2025-10-28,BGN,1.9558
2025-10-28,BRL,6.2534
2025-10-28,CAD,1.6284
2025-10-28,CHF,0.9262
2025-10-28,CNY,8.2589
2025-10-28,CZK,24.348
2025-10-28,DKK,7.4693
2025-10-28,GBP,0.876
2025-10-28,HKD,9.0365
2025-10-28,HUF,388.3
2025-10-28,IDR,19323.59
2025-10-28,ILS,3.7866
2025-10-28,INR,102.7108
2025-10-28,ISK,143
2025-10-28,JPY,177.11
2025-10-28,KRW,1670.51
2025-10-28,MXN,21.4507
2025-10-28,MYR,4.8817
2025-10-28,NOK,11.6335
2025-10-28,NZD,2.0175
2025-10-28,PHP,68.834
2025-10-28,PLN,4.2375
2025-10-28,RON,5.0835
2025-10-28,SEK,10.921
2025-10-28,SGD,1.5075
2025-10-28,THB,37.757
2025-10-28,TRY,48.8034
2025-10-28,USD,1.163
2025-10-28,ZAR,20.0624
2025-10-29,AUD,1.7631
2025-10-29,BGN,1.9558
2025-10-29,BRL,6.222
2025-10-29,CAD,1.6207
2025-10-29,CHF,0.9278
2025-10-29,CNY,8.2609
2025-10-29,CZK,24.338
2025-10-29,DKK,7.4684
2025-10-29,GBP,0.8807
2025-10-29,HKD,9.0422
2025-10-29,HUF,388.23
2025-10-29,IDR,19272.36
2025-10-29,ILS,3.7712
2025-10-29,INR,102.666
2025-10-29,ISK,143.3
2025-10-29,JPY,177.07
2025-10-29,KRW,1655.74
2025-10-29,MXN,21.4634
2025-10-29,MYR,4.8737
2025-10-29,NOK,11.6385
2025-10-29,NZD,2.0119
2025-10-29,PHP,68.316
2025-10-29,PLN,4.2418
2025-10-29,RON,5.0841
2025-10-29,SEK,10.896
2025-10-29,SGD,1.5062
2025-10-29,THB,37.578
2025-10-29,TRY,48.8076
2025-10-29,USD,1.1636
2025-10-29,ZAR,19.9043
2025-10-30,AUD,1.7672
2025-10-30,BGN,1.9558
2025-10-30,BRL,6.2288
2025-10-30,CAD,1.6179
2025-10-30,CHF,0.9281
2025-10-30,CNY,8.217
2025-10-30,CZK,24.378
2025-10-30,DKK,7.4679
2025-10-30,GBP,0.8801
2025-10-30,HKD,8.9724
2025-10-30,HUF,388.95
2025-10-30,IDR,19249
2025-10-30,ILS,3.7611
2025-10-30,INR,102.4688
2025-10-30,ISK,144
2025-10-30,JPY,178.37
2025-10-30,KRW,1657.41
2025-10-30,MXN,21.4824
2025-10-30,MYR,4.851
2025-10-30,NOK,11.6648
2025-10-30,NZD,2.0164
2025-10-30,PHP,68.081
2025-10-30,PLN,4.245
2025-10-30,RON,5.0855
2025-10-30,SEK,10.94
2025-10-30,SGD,1.5047
2025-10-30,THB,37.503
2025-10-30,TRY,48.496
2025-10-30,USD,1.155
2025-10-30,ZAR,20.0421
2025-10-31,AUD,1.7672
2025-10-31,BGN,1.9558
2025-10-31,BRL,6.2171
2025-10-31,CAD,1.6207
2025-10-31,CHF,0.9287
2025-10-31,CNY,8.222
2025-10-31,CZK,24.327
2025-10-31,DKK,7.4677
2025-10-31,GBP,0.8816
2025-10-31,HKD,8.9787
2025-10-31,HUF,388.1
2025-10-31,IDR,19251.16
2025-10-31,ILS,3.7544
2025-10-31,INR,102.507
2025-10-31,ISK,144.8
2025-10-31,JPY,178.14
2025-10-31,KRW,1650.07
2025-10-31,MXN,21.4286
2025-10-31,MYR,4.8388
2025-10-31,NOK,11.6485
2025-10-31,NZD,2.0212
2025-10-31,PHP,67.835
2025-10-31,PLN,4.256
2025-10-31,RON,5.0858
2025-10-31,SEK,10.925
2025-10-31,SGD,1.5039
2025-10-31,THB,37.348
2025-10-31,TRY,48.5832
2025-10-31,USD,1.1554
2025-10-31,ZAR,20.0452
2025-11-03,AUD,1.7597
2025-11-03,BGN,1.9558
2025-11-03,BRL,6.1704
2025-11-03,CAD,1.617
2025-11-03,CHF,0.9298
2025-11-03,CNY,8.1987
2025-11-03,CZK,24.339
2025-11-03,DKK,7.4676
2025-11-03,GBP,0.8765
2025-11-03,HKD,8.9501
2025-11-03,HUF,387.35
2025-11-03,IDR,19240.24
2025-11-03,ILS,3.7567
2025-11-03,INR,102.2145
2025-11-03,ISK,145.8
2025-11-03,JPY,177.57
2025-11-03,KRW,1646.53
2025-11-03,MXN,21.3102
2025-11-03,MYR,4.8353
2025-11-03,NOK,11.648
2025-11-03,NZD,2.0156
2025-11-03,PHP,67.758
2025-11-03,PLN,4.254
2025-11-03,RON,5.0856
2025-11-03,SEK,10.935
2025-11-03,SGD,1.5013
2025-11-03,THB,37.392
2025-11-03,TRY,48.4143
2025-11-03,USD,1.1514
2025-11-03,ZAR,19.9293
2025-11-04,AUD,1.7691
2025-11-04,BGN,1.9558
2025-11-04,BRL,6.1873
2025-11-04,CAD,1.6178
2025-11-04,CHF,0.9295
2025-11-04,CNY,8.1877
2025-11-04,CZK,24.371
2025-11-04,DKK,7.4658
2025-11-04,GBP,0.8795
2025-11-04,HKD,8.9328
2025-11-04,HUF,388.36
2025-11-04,IDR,19214.1
2025-11-04,ILS,3.7544
2025-11-04,INR,101.9355
2025-11-04,ISK,145.6
2025-11-04,JPY,176.39
2025-11-04,KRW,1653.78
2025-11-04,MXN,21.3976
2025-11-04,MYR,4.8233
2025-11-04,NOK,11.7265
2025-11-04,NZD,2.0299
2025-11-04,PHP,67.352
2025-11-04,PLN,4.257
2025-11-04,RON,5.0861
2025-11-04,SEK,10.9865
2025-11-04,SGD,1.5012
2025-11-04,THB,37.386
2025-11-04,TRY,48.3616
2025-11-04,USD,1.1491
2025-11-04,ZAR,20.0745
2025-11-05,AUD,1.7724
2025-11-05,BGN,1.9558
2025-11-05,BRL,6.2067
2025-11-05,CAD,1.6238
2025-11-05,CHF,0.9307
2025-11-05,CNY,8.1905
2025-11-05,CZK,24.365
2025-11-05,DKK,7.4656
2025-11-05,GBP,0.881
2025-11-05,HKD,8.9361
2025-11-05,HUF,387.03
2025-11-05,IDR,19196.18
2025-11-05,ILS,3.7567
2025-11-05,INR,101.867
2025-11-05,ISK,147
2025-11-05,JPY,176.67
2025-11-05,KRW,1659.45
2025-11-05,MXN,21.4323
2025-11-05,MYR,4.8169
2025-11-05,NOK,11.749
2025-11-05,NZD,2.0349
2025-11-05,PHP,67.572
2025-11-05,PLN,4.2583
2025-11-05,RON,5.0853
2025-11-05,SEK,11.0175
2025-11-05,SGD,1.5018
2025-11-05,THB,37.372
2025-11-05,TRY,48.3717
2025-11-05,USD,1.1492
2025-11-05,ZAR,20.0458
2025-11-06,AUD,1.7697
2025-11-06,BGN,1.9558
2025-11-06,BRL,6.1567
2025-11-06,CAD,1.6252
2025-11-06,CHF,0.9316
2025-11-06,CNY,8.2109
2025-11-06,CZK,24.334
2025-11-06,DKK,7.4673
2025-11-06,GBP,0.8807
2025-11-06,HKD,8.967
2025-11-06,HUF,386.3
2025-11-06,IDR,19233.76
2025-11-06,ILS,3.7551
2025-11-06,INR,102.1525
2025-11-06,ISK,146.2
2025-11-06,JPY,177.15
2025-11-06,KRW,1667.4
2025-11-06,MXN,21.4201
2025-11-06,MYR,4.8243
2025-11-06,NOK,11.7265
2025-11-06,NZD,2.0353
2025-11-06,PHP,67.838
2025-11-06,PLN,4.2528
2025-11-06,RON,5.085
2025-11-06,SEK,10.99
2025-11-06,SGD,1.5041
2025-11-06,THB,37.309
2025-11-06,TRY,48.5775
2025-11-06,USD,1.1533
2025-11-06,ZAR,20.0037
2025-11-07,AUD,1.7838
2025-11-07,BGN,1.9558
2025-11-07,BRL,6.2007
2025-11-07,CAD,1.6311
2025-11-07,CHF,0.9312
2025-11-07,CNY,8.2324
2025-11-07,CZK,24.333
2025-11-07,DKK,7.4667
2025-11-07,GBP,0.8811
2025-11-07,HKD,8.9908
2025-11-07,HUF,385.44
2025-11-07,IDR,19303.86
2025-11-07,ILS,3.7719
2025-11-07,INR,102.518
2025-11-07,ISK,146.2
2025-11-07,JPY,176.99
2025-11-07,KRW,1687.49
2025-11-07,MXN,21.459
2025-11-07,MYR,4.8279
2025-11-07,NOK,11.78
2025-11-07,NZD,2.0569
2025-11-07,PHP,68.379
2025-11-07,PLN,4.248
2025-11-07,RON,5.0855
2025-11-07,SEK,11.046
2025-11-07,SGD,1.5053
2025-11-07,THB,37.388
2025-11-07,TRY,48.8007
2025-11-07,USD,1.1561
2025-11-07,ZAR,20.056
2025-11-10,AUD,1.771
2025-11-10,BGN,1.9558
2025-11-10,BRL,6.1488
2025-11-10,CAD,1.6213
2025-11-10,CHF,0.9318
2025-11-10,CNY,8.2377
2025-11-10,CZK,24.282
2025-11-10,DKK,7.4672
2025-11-10,GBP,0.8778
2025-11-10,HKD,8.9945
2025-11-10,HUF,383.58
2025-11-10,IDR,19314.54
2025-11-10,ILS,3.7406
2025-11-10,INR,102.611
2025-11-10,ISK,146.4
2025-11-10,JPY,178.31
2025-11-10,KRW,1682.57
2025-11-10,MXN,21.2938
2025-11-10,MYR,4.8135
2025-11-10,NOK,11.6885
2025-11-10,NZD,2.0511
2025-11-10,PHP,68.204
2025-11-10,PLN,4.234
2025-11-10,RON,5.0852
2025-11-10,SEK,10.987
2025-11-10,SGD,1.5074
2025-11-10,THB,37.415
2025-11-10,TRY,48.8579
2025-11-10,USD,1.1571
2025-11-10,ZAR,19.8864
2025-11-11,AUD,1.7738
2025-11-11,BGN,1.9558
2025-11-11,BRL,6.1196
2025-11-11,CAD,1.6234
2025-11-11,CHF,0.9278
2025-11-11,CNY,8.2397
2025-11-11,CZK,24.288
2025-11-11,DKK,7.4679
2025-11-11,GBP,0.8804
2025-11-11,HKD,8.997
2025-11-11,HUF,385.66
2025-11-11,IDR,19362.25
2025-11-11,ILS,3.726
2025-11-11,INR,102.43
2025-11-11,ISK,146.6
2025-11-11,JPY,178.46
2025-11-11,KRW,1695.85
2025-11-11,MXN,21.2582
2025-11-11,MYR,4.7909
2025-11-11,NOK,11.6605
2025-11-11,NZD,2.0478
2025-11-11,PHP,68.255
2025-11-11,PLN,4.23
2025-11-11,RON,5.084
2025-11-11,SEK,10.973
2025-11-11,SGD,1.5067
2025-11-11,THB,37.538
2025-11-11,TRY,48.8867
2025-11-11,USD,1.1575
2025-11-11,ZAR,19.8699
2025-11-12,AUD,1.7696
2025-11-12,BGN,1.9558
2025-11-12,BRL,6.0993
2025-11-12,CAD,1.6216
2025-11-12,CHF,0.925
2025-11-12,CNY,8.2381
2025-11-12,CZK,24.229
2025-11-12,DKK,7.4671
2025-11-12,GBP,0.8823
2025-11-12,HKD,8.9958
2025-11-12,HUF,385.05
2025-11-12,IDR,19401.72
2025-11-12,ILS,3.7008
2025-11-12,INR,102.5675
2025-11-12,ISK,147
2025-11-12,JPY,179.19
2025-11-12,KRW,1696.9
2025-11-12,MXN,21.1634
2025-11-12,MYR,4.7884
2025-11-12,NOK,11.6495
2025-11-12,NZD,2.0432
2025-11-12,PHP,68.476
2025-11-12,PLN,4.228
2025-11-12,RON,5.0837
2025-11-12,SEK,10.9395
2025-11-12,SGD,1.5081
2025-11-12,THB,37.57
2025-11-12,TRY,48.9021
2025-11-12,USD,1.1576
2025-11-12,ZAR,19.7327
2025-11-13,AUD,1.7722
2025-11-13,BGN,1.9558
2025-11-13,BRL,6.1383
2025-11-13,CAD,1.6272
2025-11-13,CHF,0.9244
2025-11-13,CNY,8.245
2025-11-13,CZK,24.191
2025-11-13,DKK,7.4677
2025-11-13,GBP,0.8819
2025-11-13,HKD,9.0288
2025-11-13,HUF,384
2025-11-13,IDR,19417.03
2025-11-13,ILS,3.731
2025-11-13,INR,103.0475
2025-11-13,ISK,147
2025-11-13,JPY,179.57
2025-11-13,KRW,1700.42
2025-11-13,MXN,21.2252
2025-11-13,MYR,4.7975
2025-11-13,NOK,11.674
2025-11-13,NZD,2.0507
2025-11-13,PHP,68.418
2025-11-13,PLN,4.228
2025-11-13,RON,5.0837
2025-11-13,SEK,10.9405
2025-11-13,SGD,1.5109
2025-11-13,THB,37.541
2025-11-13,TRY,49.0952
2025-11-13,USD,1.1619
2025-11-13,ZAR,19.7556
2025-11-14,AUD,1.7847
2025-11-14,BGN,1.9558
2025-11-14,BRL,6.1764
2025-11-14,CAD,1.6331
2025-11-14,CHF,0.9185
2025-11-14,CNY,8.2655
2025-11-14,CZK,24.198
2025-11-14,DKK,7.4679
2025-11-14,GBP,0.8846
2025-11-14,HKD,9.0517
2025-11-14,HUF,384.9
2025-11-14,IDR,19455.36
2025-11-14,ILS,3.7718
2025-11-14,INR,103.2865
2025-11-14,ISK,147.4
2025-11-14,JPY,179.22
2025-11-14,KRW,1690.71
2025-11-14,MXN,21.4017
2025-11-14,MYR,4.8135
2025-11-14,NOK,11.7285
2025-11-14,NZD,2.0489
2025-11-14,PHP,68.695
2025-11-14,PLN,4.2328
2025-11-14,RON,5.0851
2025-11-14,SEK,10.9835
2025-11-14,SGD,1.5129
2025-11-14,THB,37.74
2025-11-14,TRY,49.3064
2025-11-14,USD,1.1648
2025-11-14,ZAR,19.9561
2025-11-17,AUD,1.7798
2025-11-17,BGN,1.9558
2025-11-17,BRL,6.1493
2025-11-17,CAD,1.627
2025-11-17,CHF,0.9225
2025-11-17,CNY,8.2398
2025-11-17,CZK,24.169
2025-11-17,DKK,7.4683
2025-11-17,GBP,0.8795
2025-11-17,HKD,9.012
2025-11-17,HUF,383.93
2025-11-17,IDR,19401.29
2025-11-17,ILS,3.7595
2025-11-17,INR,102.7195
2025-11-17,ISK,147.2
2025-11-17,JPY,179.57
2025-11-17,KRW,1694.27
2025-11-17,MXN,21.2546
2025-11-17,MYR,4.8111
2025-11-17,NOK,11.7005
2025-11-17,NZD,2.0464
2025-11-17,PHP,68.355
2025-11-17,PLN,4.2228
2025-11-17,RON,5.084
2025-11-17,SEK,10.9635
2025-11-17,SGD,1.5099
2025-11-17,THB,37.642
2025-11-17,TRY,49.0711
2025-11-17,USD,1.1593
2025-11-17,ZAR,19.7978
2025-11-18,AUD,1.783
2025-11-18,BGN,1.9558
2025-11-18,BRL,6.1893
2025-11-18,CAD,1.6257
2025-11-18,CHF,0.9233
2025-11-18,CNY,8.241
2025-11-18,CZK,24.188
2025-11-18,DKK,7.4684
2025-11-18,GBP,0.8821
2025-11-18,HKD,9.0233
2025-11-18,HUF,384.96
2025-11-18,IDR,19420.32
2025-11-18,ILS,3.7915
2025-11-18,INR,102.644
2025-11-18,ISK,147.2
2025-11-18,JPY,179.94
2025-11-18,KRW,1695.61
2025-11-18,MXN,21.3761
2025-11-18,MYR,4.8261
2025-11-18,NOK,11.7333
2025-11-18,NZD,2.0459
2025-11-18,PHP,68.182
2025-11-18,PLN,4.244
2025-11-18,RON,5.087
2025-11-18,SEK,10.997
2025-11-18,SGD,1.5093
2025-11-18,THB,37.569
2025-11-18,TRY,49.0676
2025-11-18,USD,1.159
2025-11-18,ZAR,19.9751
2025-11-19,AUD,1.7853
2025-11-19,BGN,1.9558
2025-11-19,BRL,6.18
2025-11-19,CAD,1.623
2025-11-19,CHF,0.9284
2025-11-19,CNY,8.2359
2025-11-19,CZK,24.159
2025-11-19,DKK,7.4691
2025-11-19,GBP,0.8827
2025-11-19,HKD,9.0196
2025-11-19,HUF,382.33
2025-11-19,IDR,19364.34
2025-11-19,ILS,3.7847
2025-11-19,INR,102.5145
2025-11-19,ISK,146.82
2025-11-19,JPY,180.85
2025-11-19,KRW,1698.08
2025-11-19,MXN,21.2283
2025-11-19,MYR,4.8069
2025-11-19,NOK,11.748
2025-11-19,NZD,2.0585
2025-11-19,PHP,68.206
2025-11-19,PLN,4.2283
2025-11-19,RON,5.0879
2025-11-19,SEK,10.992
2025-11-19,SGD,1.5104
2025-11-19,THB,37.569
2025-11-19,TRY,49.0618
2025-11-19,USD,1.1583
2025-11-19,ZAR,19.8728
2025-11-20,AUD,1.7773
2025-11-20,BGN,1.9558
2025-11-20,BRL,6.1382
2025-11-20,CAD,1.6194
2025-11-20,CHF,0.9294
2025-11-20,CNY,8.1908
2025-11-20,CZK,24.179
2025-11-20,DKK,7.4691
2025-11-20,GBP,0.8815
2025-11-20,HKD,8.9644
2025-11-20,HUF,382.5
2025-11-20,IDR,19284.68
2025-11-20,ILS,3.7499
2025-11-20,INR,102.144
2025-11-20,ISK,146.8
2025-11-20,JPY,181.47
2025-11-20,KRW,1691.81
2025-11-20,MXN,21.1527
2025-11-20,MYR,4.7858
2025-11-20,NOK,11.7405
2025-11-20,NZD,2.0508
2025-11-20,PHP,67.988
2025-11-20,PLN,4.232
2025-11-20,RON,5.0887
2025-11-20,SEK,10.9995
2025-11-20,SGD,1.5055
2025-11-20,THB,37.334
2025-11-20,TRY,48.785
2025-11-20,USD,1.1514
2025-11-20,ZAR,19.8488
2025-11-21,AUD,1.7873
2025-11-21,BGN,1.9558
2025-11-21,BRL,6.1879
2025-11-21,CAD,1.6226
2025-11-21,CHF,0.9289
2025-11-21,CNY,8.1905
2025-11-21,CZK,24.235
2025-11-21,DKK,7.4687
2025-11-21,GBP,0.8803
2025-11-21,HKD,8.9679
2025-11-21,HUF,383.43
2025-11-21,IDR,19258.85
2025-11-21,ILS,3.7816
2025-11-21,INR,103.2628
2025-11-21,ISK,147.2
2025-11-21,JPY,180.56
2025-11-21,KRW,1698.38
2025-11-21,MXN,21.2561
2025-11-21,MYR,4.7796
2025-11-21,NOK,11.794
2025-11-21,NZD,2.056
2025-11-21,PHP,67.817
2025-11-21,PLN,4.2448
2025-11-21,RON,5.0896
2025-11-21,SEK,11.026
2025-11-21,SGD,1.5065
2025-11-21,THB,37.382
2025-11-21,TRY,48.8961
2025-11-21,USD,1.152
2025-11-21,ZAR,19.997
2025-11-24,AUD,1.7878
2025-11-24,BGN,1.9558
2025-11-24,BRL,6.2137
2025-11-24,CAD,1.6279
2025-11-24,CHF,0.9324
2025-11-24,CNY,8.1833
2025-11-24,CZK,24.169
2025-11-24,DKK,7.4691
2025-11-24,GBP,0.8804
2025-11-24,HKD,8.9647
2025-11-24,HUF,382.53
2025-11-24,IDR,19201.08
2025-11-24,ILS,3.7814
2025-11-24,INR,102.914
2025-11-24,ISK,147.2
2025-11-24,JPY,181.22
2025-11-24,KRW,1700.74
2025-11-24,MXN,21.2393
2025-11-24,MYR,4.771
2025-11-24,NOK,11.7945
2025-11-24,NZD,2.0531
2025-11-24,PHP,67.804
2025-11-24,PLN,4.2303
2025-11-24,RON,5.0878
2025-11-24,SEK,11.006
2025-11-24,SGD,1.5026
2025-11-24,THB,37.405
2025-11-24,TRY,48.8857
2025-11-24,USD,1.1544
2025-11-24,ZAR,19.9482
2025-11-25,AUD,1.7877
2025-11-25,BGN,1.9558
2025-11-25,BRL,6.1977
2025-11-25,CAD,1.6301
2025-11-25,CHF,0.9345
2025-11-25,CNY,8.1845
2025-11-25,CZK,24.133
2025-11-25,DKK,7.4691
2025-11-25,GBP,0.8788
2025-11-25,HKD,8.9823
2025-11-25,HUF,381.56
2025-11-25,IDR,19185.23
2025-11-25,ILS,3.7804
2025-11-25,INR,103.0343
2025-11-25,ISK,146.6
2025-11-25,JPY,180.42
2025-11-25,KRW,1692.08
2025-11-25,MXN,21.3083
2025-11-25,MYR,4.7758
2025-11-25,NOK,11.848
2025-11-25,NZD,2.0603
2025-11-25,PHP,67.974
2025-11-25,PLN,4.2228
2025-11-25,RON,5.0881
2025-11-25,SEK,11.048
2025-11-25,SGD,1.5038
2025-11-25,THB,37.292
2025-11-25,TRY,49.0072
2025-11-25,USD,1.1551
2025-11-25,ZAR,19.8881
2025-11-26,AUD,1.7818
2025-11-26,BGN,1.9558
2025-11-26,BRL,6.2242
2025-11-26,CAD,1.6309
2025-11-26,CHF,0.9341
2025-11-26,CNY,8.1959
2025-11-26,CZK,24.168
2025-11-26,DKK,7.4687
2025-11-26,GBP,0.8776
2025-11-26,HKD,9.0042
2025-11-26,HUF,382
2025-11-26,IDR,19274.55
2025-11-26,ILS,3.799
2025-11-26,INR,103.2665
2025-11-26,ISK,146.8
2025-11-26,JPY,181.09
2025-11-26,KRW,1706.8
2025-11-26,MXN,21.2644
2025-11-26,MYR,4.7882
2025-11-26,NOK,11.8468
2025-11-26,NZD,2.0395
2025-11-26,PHP,68.103
2025-11-26,PLN,4.2313
2025-11-26,RON,5.0904
2025-11-26,SEK,11.0345
2025-11-26,SGD,1.5029
2025-11-26,THB,37.295
2025-11-26,TRY,49.1459
2025-11-26,USD,1.1577
2025-11-26,ZAR,19.8458
2025-11-27,AUD,1.7753
2025-11-27,BGN,1.9558
2025-11-27,BRL,6.1958
2025-11-27,CAD,1.6273
2025-11-27,CHF,0.9337
2025-11-27,CNY,8.2068
2025-11-27,CZK,24.174
2025-11-27,DKK,7.4688
2025-11-27,GBP,0.8754
2025-11-27,HKD,9.0118
2025-11-27,HUF,381.68
2025-11-27,IDR,19279.1
2025-11-27,ILS,3.7942
2025-11-27,INR,103.5815
2025-11-27,ISK,147.4
2025-11-27,JPY,181.11
2025-11-27,KRW,1694.15
2025-11-27,MXN,21.2564
2025-11-27,MYR,4.7873
2025-11-27,NOK,11.803
2025-11-27,NZD,2.0277
2025-11-27,PHP,68.089
2025-11-27,PLN,4.2345
2025-11-27,RON,5.0911
2025-11-27,SEK,10.9945
2025-11-27,SGD,1.5039
2025-11-27,THB,37.336
2025-11-27,TRY,49.1714
2025-11-27,USD,1.1586
2025-11-27,ZAR,19.8968
2025-11-28,AUD,1.7721
2025-11-28,BGN,1.9558
2025-11-28,BRL,6.1752
2025-11-28,CAD,1.621
2025-11-28,CHF,0.9318
2025-11-28,CNY,8.1836
2025-11-28,CZK,24.177
2025-11-28,DKK,7.4688
2025-11-28,GBP,0.8752
2025-11-28,HKD,9.002
2025-11-28,HUF,381.43
2025-11-28,IDR,19269.07
2025-11-28,ILS,3.7705
2025-11-28,INR,103.4905
2025-11-28,ISK,148.2
2025-11-28,JPY,180.57
2025-11-28,KRW,1699.81
2025-11-28,MXN,21.2168
2025-11-28,MYR,4.7796
2025-11-28,NOK,11.7645
2025-11-28,NZD,2.0247
2025-11-28,PHP,67.853
2025-11-28,PLN,4.239
2025-11-28,RON,5.0909
2025-11-28,SEK,10.9695
2025-11-28,SGD,1.5008
2025-11-28,THB,37.237
2025-11-28,TRY,49.1509
2025-11-28,USD,1.1566
2025-11-28,ZAR,19.7962
2025-12-01,AUD,1.774
2025-12-01,BGN,1.9558
2025-12-01,BRL,6.2267
2025-12-01,CAD,1.6259
2025-12-01,CHF,0.9323
2025-12-01,CNY,8.2358
2025-12-01,CZK,24.181
2025-12-01,DKK,7.4687
2025-12-01,GBP,0.8778
2025-12-01,HKD,9.0703
2025-12-01,HUF,380.64
2025-12-01,IDR,19320.71
2025-12-01,ILS,3.8018
2025-12-01,INR,104.2823
2025-12-01,ISK,148.4
2025-12-01,JPY,180.28
2025-12-01,KRW,1706.31
2025-12-01,MXN,21.2868
2025-12-01,MYR,4.811
2025-12-01,NOK,11.771
2025-12-01,NZD,2.0257
2025-12-01,PHP,68.11
2025-12-01,PLN,4.2283
2025-12-01,RON,5.0898
2025-12-01,SEK,10.963
2025-12-01,SGD,1.5065
2025-12-01,THB,37.186
2025-12-01,TRY,49.4446
2025-12-01,USD,1.1646
2025-12-01,ZAR,19.8862
2025-12-02,AUD,1.7723
2025-12-02,BGN,1.9558
2025-12-02,BRL,6.223
2025-12-02,CAD,1.6264
2025-12-02,CHF,0.9346
2025-12-02,CNY,8.2123
2025-12-02,CZK,24.161
2025-12-02,DKK,7.4686
2025-12-02,GBP,0.8796
2025-12-02,HKD,9.0424
2025-12-02,HUF,380.83
2025-12-02,IDR,19308.16
2025-12-02,ILS,3.7793
2025-12-02,INR,104.4705
2025-12-02,ISK,148.6
2025-12-02,JPY,181.26
2025-12-02,KRW,1704.82
2025-12-02,MXN,21.2661
2025-12-02,MYR,4.7995
2025-12-02,NOK,11.789
2025-12-02,NZD,2.0294
2025-12-02,PHP,68.14
2025-12-02,PLN,4.238
2025-12-02,RON,5.0893
2025-12-02,SEK,10.9865
2025-12-02,SGD,1.5072
2025-12-02,THB,37.182
2025-12-02,TRY,49.2601
2025-12-02,USD,1.1614
2025-12-02,ZAR,19.8642
2025-12-03,AUD,1.77
2025-12-03,BGN,1.9558
2025-12-03,BRL,6.2057
2025-12-03,CAD,1.627
2025-12-03,CHF,0.9336
2025-12-03,CNY,8.2421
2025-12-03,CZK,24.125
2025-12-03,DKK,7.4689
2025-12-03,GBP,0.8766
2025-12-03,HKD,9.0826
2025-12-03,HUF,381
2025-12-03,IDR,19395.72
2025-12-03,ILS,3.7651
2025-12-03,INR,105.2075
2025-12-03,ISK,149
2025-12-03,JPY,181.28
2025-12-03,KRW,1708.78
2025-12-03,MXN,21.2967
2025-12-03,MYR,4.8107
2025-12-03,NOK,11.758
2025-12-03,NZD,2.0292
2025-12-03,PHP,68.8
2025-12-03,PLN,4.2318
2025-12-03,RON,5.0917
2025-12-03,SEK,10.955
2025-12-03,SGD,1.5101
2025-12-03,THB,37.209
2025-12-03,TRY,49.5248
2025-12-03,USD,1.1668
2025-12-03,ZAR,19.9304
2025-12-04,AUD,1.7657
2025-12-04,BGN,1.9558
2025-12-04,BRL,6.1892
2025-12-04,CAD,1.6299
2025-12-04,CHF,0.934
2025-12-04,CNY,8.2498
2025-12-04,CZK,24.157
2025-12-04,DKK,7.4686
2025-12-04,GBP,0.8745
2025-12-04,HKD,9.0801
2025-12-04,HUF,382.03
2025-12-04,IDR,19429.55
2025-12-04,ILS,3.7754
2025-12-04,INR,104.843
2025-12-04,ISK,149
2025-12-04,JPY,180.55
2025-12-04,KRW,1716.69
2025-12-04,MXN,21.3149
2025-12-04,MYR,4.7971
2025-12-04,NOK,11.782
2025-12-04,NZD,2.0236
2025-12-04,PHP,68.868
2025-12-04,PLN,4.2313
2025-12-04,RON,5.0925
2025-12-04,SEK,10.967
2025-12-04,SGD,1.5115
2025-12-04,THB,37.395
2025-12-04,TRY,49.5193
2025-12-04,USD,1.1666
2025-12-04,ZAR,19.8099
2025-12-05,AUD,1.7546
2025-12-05,BGN,1.9558
2025-12-05,BRL,6.185
2025-12-05,CAD,1.623
2025-12-05,CHF,0.9365
2025-12-05,CNY,8.2333
2025-12-05,CZK,24.21
2025-12-05,DKK,7.4689
2025-12-05,GBP,0.8727
2025-12-05,HKD,9.0652
2025-12-05,HUF,381.78
2025-12-05,IDR,19413.67
2025-12-05,ILS,3.7632
2025-12-05,INR,104.733
2025-12-05,ISK,148.8
2025-12-05,JPY,180.76
2025-12-05,KRW,1714.82
2025-12-05,MXN,21.1912
2025-12-05,MYR,4.7873
2025-12-05,NOK,11.755
2025-12-05,NZD,2.0158
2025-12-05,PHP,68.719
2025-12-05,PLN,4.2323
2025-12-05,RON,5.0928
2025-12-05,SEK,10.959
2025-12-05,SGD,1.5084
2025-12-05,THB,37.095
2025-12-05,TRY,49.5072
2025-12-05,USD,1.1645
2025-12-05,ZAR,19.7169
2025-12-08,AUD,1.7549
2025-12-08,BGN,1.9558
2025-12-08,BRL,6.3136
2025-12-08,CAD,1.609
2025-12-08,CHF,0.9388
2025-12-08,CNY,8.2378
2025-12-08,CZK,24.268
2025-12-08,DKK,7.4688
2025-12-08,GBP,0.8746
2025-12-08,HKD,9.0681
2025-12-08,HUF,383.18
2025-12-08,IDR,19455.98
2025-12-08,ILS,3.7382
2025-12-08,INR,104.945
2025-12-08,ISK,148.8
2025-12-08,JPY,181.29
2025-12-08,KRW,1708.85
2025-12-08,MXN,21.1985
2025-12-08,MYR,4.7937
2025-12-08,NOK,11.786
2025-12-08,NZD,2.013
2025-12-08,PHP,68.92
2025-12-08,PLN,4.2305
2025-12-08,RON,5.0893
2025-12-08,SEK,10.9495
2025-12-08,SGD,1.5107
2025-12-08,THB,37.121
2025-12-08,TRY,49.612
2025-12-08,USD,1.1655
2025-12-08,ZAR,19.7718
2025-12-09,AUD,1.7532
2025-12-09,BGN,1.9558
2025-12-09,BRL,6.3588
2025-12-09,CAD,1.6114
2025-12-09,CHF,0.9385
2025-12-09,CNY,8.2207
2025-12-09,CZK,24.277
2025-12-09,DKK,7.4689
2025-12-09,GBP,0.8735
2025-12-09,HKD,9.056
2025-12-09,HUF,383.85
2025-12-09,IDR,19403.13
2025-12-09,ILS,3.7395
2025-12-09,INR,104.55
2025-12-09,ISK,148.8
2025-12-09,JPY,181.96
2025-12-09,KRW,1708.91
2025-12-09,MXN,21.2691
2025-12-09,MYR,4.7886
2025-12-09,NOK,11.7845
2025-12-09,NZD,2.0111
2025-12-09,PHP,69.043
2025-12-09,PLN,4.2303
2025-12-09,RON,5.0897
2025-12-09,SEK,10.9015
2025-12-09,SGD,1.5091
2025-12-09,THB,37.07
2025-12-09,TRY,49.554
2025-12-09,USD,1.1637
2025-12-09,ZAR,19.8661
2025-12-10,AUD,1.7513
2025-12-10,BGN,1.9558
2025-12-10,BRL,6.3488
2025-12-10,CAD,1.6108
2025-12-10,CHF,0.9356
2025-12-10,CNY,8.2165
2025-12-10,CZK,24.245
2025-12-10,DKK,7.4691
2025-12-10,GBP,0.8741
2025-12-10,HKD,9.0532
2025-12-10,HUF,383.8
2025-12-10,IDR,19409.35
2025-12-10,ILS,3.7594
2025-12-10,INR,104.6008
2025-12-10,ISK,148.6
2025-12-10,JPY,182.32
2025-12-10,KRW,1710.16
2025-12-10,MXN,21.1794
2025-12-10,MYR,4.7909
2025-12-10,NOK,11.809
2025-12-10,NZD,2.0126
2025-12-10,PHP,68.972
2025-12-10,PLN,4.2248
2025-12-10,RON,5.0875
2025-12-10,SEK,10.858
2025-12-10,SGD,1.5079
2025-12-10,THB,37.048
2025-12-10,TRY,49.562
2025-12-10,USD,1.1634
2025-12-10,ZAR,19.8097
2025-12-11,AUD,1.7601
2025-12-11,BGN,1.9558
2025-12-11,BRL,6.3789
2025-12-11,CAD,1.6164
2025-12-11,CHF,0.9333
2025-12-11,CNY,8.2678
2025-12-11,CZK,24.22
2025-12-11,DKK,7.4691
2025-12-11,GBP,0.8751
2025-12-11,HKD,9.1154
2025-12-11,HUF,384.49
2025-12-11,IDR,19534.21
2025-12-11,ILS,3.7631
2025-12-11,INR,105.8005
2025-12-11,ISK,148.6
2025-12-11,JPY,182.25
2025-12-11,KRW,1723.29
2025-12-11,MXN,21.2933
2025-12-11,MYR,4.8145
2025-12-11,NOK,11.825
2025-12-11,NZD,2.0155
2025-12-11,PHP,69.115
2025-12-11,PLN,4.227
2025-12-11,RON,5.0899
2025-12-11,SEK,10.845
2025-12-11,SGD,1.5147
2025-12-11,THB,37.186
2025-12-11,TRY,49.9207
2025-12-11,USD,1.1714
2025-12-11,ZAR,19.8446
2025-12-12,AUD,1.7594
2025-12-12,BGN,1.9558
2025-12-12,BRL,6.3365
2025-12-12,CAD,1.6139
2025-12-12,CHF,0.9333
2025-12-12,CNY,8.2759
2025-12-12,CZK,24.239
2025-12-12,DKK,7.4698
2025-12-12,GBP,0.8767
2025-12-12,HKD,9.1332
2025-12-12,HUF,384.43
2025-12-12,IDR,19534.93
2025-12-12,ILS,3.7603
2025-12-12,INR,106.1955
2025-12-12,ISK,148.4
2025-12-12,JPY,182.99
2025-12-12,KRW,1732.81
2025-12-12,MXN,21.1598
2025-12-12,MYR,4.8103
2025-12-12,NOK,11.856
2025-12-12,NZD,2.0189
2025-12-12,PHP,69.281
2025-12-12,PLN,4.2225
2025-12-12,RON,5.0904
2025-12-12,SEK,10.8865
2025-12-12,SGD,1.5152
2025-12-12,THB,37
2025-12-12,TRY,49.9389
2025-12-12,USD,1.1731
2025-12-12,ZAR,19.7736
2025-12-15,AUD,1.7669
2025-12-15,BGN,1.9558
2025-12-15,BRL,6.3322
2025-12-15,CAD,1.6169
2025-12-15,CHF,0.9355
2025-12-15,CNY,8.2824
2025-12-15,CZK,24.299
2025-12-15,DKK,7.4704
2025-12-15,GBP,0.8779
2025-12-15,HKD,9.1462
2025-12-15,HUF,385.15
2025-12-15,IDR,19607.06
2025-12-15,ILS,3.7742
2025-12-15,INR,106.653
2025-12-15,ISK,148.2
2025-12-15,JPY,182.32
2025-12-15,KRW,1721.99
2025-12-15,MXN,21.1322
2025-12-15,MYR,4.8099
2025-12-15,NOK,11.9075
2025-12-15,NZD,2.029
2025-12-15,PHP,69.3
2025-12-15,PLN,4.2215
2025-12-15,RON,5.0929
2025-12-15,SEK,10.9155
2025-12-15,SGD,1.5148
2025-12-15,THB,36.993
2025-12-15,TRY,50.184
2025-12-15,USD,1.1753
2025-12-15,ZAR,19.7182
2025-12-16,AUD,1.7737
2025-12-16,BGN,1.9558
2025-12-16,BRL,6.3965
2025-12-16,CAD,1.6206
2025-12-16,CHF,0.9351
2025-12-16,CNY,8.293
2025-12-16,CZK,24.317
2025-12-16,DKK,7.471
2025-12-16,GBP,0.8764
2025-12-16,HKD,9.1609
2025-12-16,HUF,384.3
2025-12-16,IDR,19625.29
2025-12-16,ILS,3.7958
2025-12-16,INR,107.069
2025-12-16,ISK,148
2025-12-16,JPY,182.07
2025-12-16,KRW,1734.89
2025-12-16,MXN,21.1527
2025-12-16,MYR,4.8111
2025-12-16,NOK,11.985
2025-12-16,NZD,2.0346
2025-12-16,PHP,69.049
2025-12-16,PLN,4.2208
2025-12-16,RON,5.0929
2025-12-16,SEK,10.942
2025-12-16,SGD,1.5176
2025-12-16,THB,37.071
2025-12-16,TRY,50.3008
2025-12-16,USD,1.1776
2025-12-16,ZAR,19.7365
2025-12-17,AUD,1.7704
2025-12-17,BGN,1.9558
2025-12-17,BRL,6.4498
2025-12-17,CAD,1.6165
2025-12-17,CHF,0.9332
2025-12-17,CNY,8.2569
2025-12-17,CZK,24.346
2025-12-17,DKK,7.4718
2025-12-17,GBP,0.8785
2025-12-17,HKD,9.1207
2025-12-17,HUF,387.15
2025-12-17,IDR,19566.25
2025-12-17,ILS,3.7786
2025-12-17,INR,105.9275
2025-12-17,ISK,148
2025-12-17,JPY,182.38
2025-12-17,KRW,1734.13
2025-12-17,MXN,21.0827
2025-12-17,MYR,4.7925
2025-12-17,NOK,11.9858
2025-12-17,NZD,2.0294
2025-12-17,PHP,68.772
2025-12-17,PLN,4.21
2025-12-17,RON,5.0921
2025-12-17,SEK,10.936
2025-12-17,SGD,1.5142
2025-12-17,THB,36.942
2025-12-17,TRY,50.0808
2025-12-17,USD,1.1722
2025-12-17,ZAR,19.6148
2025-12-18,AUD,1.7734
2025-12-18,BGN,1.9558
2025-12-18,BRL,6.5012
2025-12-18,CAD,1.6161
2025-12-18,CHF,0.9316
2025-12-18,CNY,8.2517
2025-12-18,CZK,24.392
2025-12-18,DKK,7.4713
2025-12-18,GBP,0.8746
2025-12-18,HKD,9.119
2025-12-18,HUF,387.9
2025-12-18,IDR,19591.06
2025-12-18,ILS,3.7703
2025-12-18,INR,105.7785
2025-12-18,ISK,147.8
2025-12-18,JPY,182.55
2025-12-18,KRW,1731.18
2025-12-18,MXN,21.0966
2025-12-18,MYR,4.7884
2025-12-18,NOK,11.9545
2025-12-18,NZD,2.0324
2025-12-18,PHP,68.681
2025-12-18,PLN,4.2053
2025-12-18,RON,5.0907
2025-12-18,SEK,10.9015
2025-12-18,SGD,1.5129
2025-12-18,THB,36.862
2025-12-18,TRY,50.0799
2025-12-18,USD,1.1719
2025-12-18,ZAR,19.6613
2025-12-19,AUD,1.7739
2025-12-19,BGN,1.9558
2025-12-19,BRL,6.4762
2025-12-19,CAD,1.6155
2025-12-19,CHF,0.9318
2025-12-19,CNY,8.2465
2025-12-19,CZK,24.323
2025-12-19,DKK,7.4712
2025-12-19,GBP,0.876
2025-12-19,HKD,9.113
2025-12-19,HUF,386.8
2025-12-19,IDR,19600.62
2025-12-19,ILS,3.7637
2025-12-19,INR,105.054
2025-12-19,ISK,147.2
2025-12-19,JPY,184.15
2025-12-19,KRW,1731.88
2025-12-19,MXN,21.0992
2025-12-19,MYR,4.775
2025-12-19,NOK,11.915
2025-12-19,NZD,2.041
2025-12-19,PHP,68.746
2025-12-19,PLN,4.2105
2025-12-19,RON,5.0896
2025-12-19,SEK,10.904
2025-12-19,SGD,1.5143
2025-12-19,THB,36.846
2025-12-19,TRY,50.1381
2025-12-19,USD,1.1712
2025-12-19,ZAR,19.6485
2025-12-22,AUD,1.7667
2025-12-22,BGN,1.9558
2025-12-22,BRL,6.4943
2025-12-22,CAD,1.6168
2025-12-22,CHF,0.9316
2025-12-22,CNY,8.265
2025-12-22,CZK,24.32
2025-12-22,DKK,7.4706
2025-12-22,GBP,0.8742
2025-12-22,HKD,9.1362
2025-12-22,HUF,387.88
2025-12-22,IDR,19703.41
2025-12-22,ILS,3.7618
2025-12-22,INR,105.29
2025-12-22,ISK,147.6
2025-12-22,JPY,184.77
2025-12-22,KRW,1738.72
2025-12-22,MXN,21.1438
2025-12-22,MYR,4.7896
2025-12-22,NOK,11.8875
2025-12-22,NZD,2.0283
2025-12-22,PHP,68.963
2025-12-22,PLN,4.2138
2025-12-22,RON,5.088
2025-12-22,SEK,10.856
2025-12-22,SGD,1.515
2025-12-22,THB,36.586
2025-12-22,TRY,50.2795
2025-12-22,USD,1.1745
2025-12-22,ZAR,19.6133
2025-12-23,AUD,1.7607
2025-12-23,BGN,1.9558
2025-12-23,BRL,6.5851
2025-12-23,CAD,1.6148
2025-12-23,CHF,0.9287
2025-12-23,CNY,8.2833
2025-12-23,CZK,24.321
2025-12-23,DKK,7.4702
2025-12-23,GBP,0.8729
2025-12-23,HKD,9.1674
2025-12-23,HUF,391.03
2025-12-23,IDR,19785
2025-12-23,ILS,3.7689
2025-12-23,INR,105.5479
2025-12-23,ISK,148
2025-12-23,JPY,183.89
2025-12-23,KRW,1745.36
2025-12-23,MXN,21.1489
2025-12-23,MYR,4.7898
2025-12-23,NOK,11.849
2025-12-23,NZD,2.0189
2025-12-23,PHP,69.33
2025-12-23,PLN,4.232
2025-12-23,RON,5.0894
2025-12-23,SEK,10.82
2025-12-23,SGD,1.5153
2025-12-23,THB,36.666
2025-12-23,TRY,50.4793
2025-12-23,USD,1.1786
2025-12-23,ZAR,19.6054
2025-12-24,AUD,1.7587
2025-12-24,BGN,1.9558
2025-12-24,BRL,6.5076
2025-12-24,CAD,1.6128
2025-12-24,CHF,0.9284
2025-12-24,CNY,8.2679
2025-12-24,CZK,24.271
2025-12-24,DKK,7.4694
2025-12-24,GBP,0.8729
2025-12-24,HKD,9.1655
2025-12-24,HUF,389.53
2025-12-24,IDR,19740.28
2025-12-24,ILS,3.7514
2025-12-24,INR,105.7755
2025-12-24,ISK,148
2025-12-24,JPY,183.83
2025-12-24,KRW,1707.04
2025-12-24,MXN,21.1015
2025-12-24,MYR,4.7678
2025-12-24,NOK,11.804
2025-12-24,NZD,2.0197
2025-12-24,PHP,69.269
2025-12-24,PLN,4.2135
2025-12-24,RON,5.0899
2025-12-24,SEK,10.8055
2025-12-24,SGD,1.5135
2025-12-24,THB,36.593
2025-12-24,TRY,50.5072
2025-12-24,USD,1.1787
2025-12-24,ZAR,19.6091
2025-12-29,AUD,1.7583
2025-12-29,BGN,1.9558
2025-12-29,BRL,6.5545
2025-12-29,CAD,1.6106
2025-12-29,CHF,0.9293
2025-12-29,CNY,8.2438
2025-12-29,CZK,24.281
2025-12-29,DKK,7.4692
2025-12-29,GBP,0.8726
2025-12-29,HKD,9.1467
2025-12-29,HUF,387.5
2025-12-29,IDR,19732.82
2025-12-29,ILS,3.7605
2025-12-29,INR,105.776
2025-12-29,ISK,147.8
2025-12-29,JPY,183.97
2025-12-29,KRW,1690.95
2025-12-29,MXN,21.0997
2025-12-29,MYR,4.777
2025-12-29,NOK,11.827
2025-12-29,NZD,2.0295
2025-12-29,PHP,69.26
2025-12-29,PLN,4.2295
2025-12-29,RON,5.0947
2025-12-29,SEK,10.816
2025-12-29,SGD,1.5122
2025-12-29,THB,36.992
2025-12-29,TRY,50.5179
2025-12-29,USD,1.1766
2025-12-29,ZAR,19.597
2025-12-30,AUD,1.7543
2025-12-30,BGN,1.9558
2025-12-30,BRL,6.4929
2025-12-30,CAD,1.6104
2025-12-30,CHF,0.9293
2025-12-30,CNY,8.2216
2025-12-30,CZK,24.255
2025-12-30,DKK,7.4689
2025-12-30,GBP,0.8712
2025-12-30,HKD,9.1511
2025-12-30,HUF,385.95
2025-12-30,IDR,19711.02
2025-12-30,ILS,3.7435
2025-12-30,INR,105.58
2025-12-30,ISK,147.2
2025-12-30,JPY,183.48
2025-12-30,KRW,1697.65
2025-12-30,MXN,21.1208
2025-12-30,MYR,4.7581
2025-12-30,NOK,11.826
2025-12-30,NZD,2.0278
2025-12-30,PHP,69.166
2025-12-30,PLN,4.2263
2025-12-30,RON,5.0969
2025-12-30,SEK,10.818
2025-12-30,SGD,1.5095
2025-12-30,THB,36.935
2025-12-30,TRY,50.4647
2025-12-30,USD,1.1757
2025-12-30,ZAR,19.5571
2025-12-31,AUD,1.7581
2025-12-31,BGN,1.9558
2025-12-31,BRL,6.4364
2025-12-31,CAD,1.6088
2025-12-31,CHF,0.9314
2025-12-31,CNY,8.2262
2025-12-31,CZK,24.237
2025-12-31,DKK,7.4689
2025-12-31,GBP,0.8726
2025-12-31,HKD,9.1464
2025-12-31,HUF,385.15
2025-12-31,IDR,19640.83
2025-12-31,ILS,3.7471
2025-12-31,INR,105.5965
2025-12-31,ISK,147.2
2025-12-31,JPY,184.09
2025-12-31,KRW,1696.94
2025-12-31,MXN,21.118
2025-12-31,MYR,4.7682
2025-12-31,NOK,11.843
2025-12-31,NZD,2.038
2025-12-31,PHP,69.266
2025-12-31,PLN,4.221
2025-12-31,RON,5.0968
2025-12-31,SEK,10.8215
2025-12-31,SGD,1.5105
2025-12-31,THB,37.218
2025-12-31,TRY,50.4838
2025-12-31,USD,1.175
2025-12-31,ZAR,19.4439
2026-01-02,AUD,1.7508
2026-01-02,BRL,6.3743
2026-01-02,CAD,1.6097
2026-01-02,CHF,0.9296
2026-01-02,CNY,8.1973
2026-01-02,CZK,24.177
2026-01-02,DKK,7.4694
2026-01-02,GBP,0.8719
2026-01-02,HKD,9.1329
2026-01-02,HUF,383.58
2026-01-02,IDR,19593.06
2026-01-02,ILS,3.7214
2026-01-02,INR,105.719
2026-01-02,ISK,147.4
2026-01-02,JPY,183.94
2026-01-02,KRW,1693.53
2026-01-02,MXN,21.0274
2026-01-02,MYR,4.7517
2026-01-02,NOK,11.7985
2026-01-02,NZD,2.0317
2026-01-02,PHP,68.975
2026-01-02,PLN,4.2123
2026-01-02,RON,5.0895
2026-01-02,SEK,10.8085
2026-01-02,SGD,1.5077
2026-01-02,THB,36.792
2026-01-02,TRY,50.4332
2026-01-02,USD,1.1721
2026-01-02,ZAR,19.3561
2026-01-05,AUD,1.7492
2026-01-05,BRL,6.347
2026-01-05,CAD,1.6087
2026-01-05,CHF,0.9289
2026-01-05,CNY,8.1478
2026-01-05,CZK,24.195
2026-01-05,DKK,7.4695
2026-01-05,GBP,0.8676
2026-01-05,HKD,9.0822
2026-01-05,HUF,384.55
2026-01-05,IDR,19524.95
2026-01-05,ILS,3.685
2026-01-05,INR,105.316
2026-01-05,ISK,147.4
2026-01-05,JPY,182.93
2026-01-05,KRW,1690.44
2026-01-05,MXN,21.0067
2026-01-05,MYR,4.7502
2026-01-05,NOK,11.7795
2026-01-05,NZD,2.0296
2026-01-05,PHP,68.91
2026-01-05,PLN,4.2178
2026-01-05,RON,5.0875
2026-01-05,SEK,10.787
2026-01-05,SGD,1.5018
2026-01-05,THB,36.596
2026-01-05,TRY,50.2042
2026-01-05,USD,1.1664
2026-01-05,ZAR,19.2268
2026-01-06,AUD,1.7422
2026-01-06,BRL,6.3201
2026-01-06,CAD,1.6129
2026-01-06,CHF,0.9287
2026-01-06,CNY,8.1766
2026-01-06,CZK,24.195
2026-01-06,DKK,7.4727
2026-01-06,GBP,0.8663
2026-01-06,HKD,9.1172
2026-01-06,HUF,385.03
2026-01-06,IDR,19632.64
2026-01-06,ILS,3.7025
2026-01-06,INR,105.5405
2026-01-06,ISK,147.2
2026-01-06,JPY,183.14
2026-01-06,KRW,1695.93
2026-01-06,MXN,21.0227
2026-01-06,MYR,4.7378
2026-01-06,NOK,11.7285
2026-01-06,NZD,2.0232
2026-01-06,PHP,69.317
2026-01-06,PLN,4.2105
2026-01-06,RON,5.0891
2026-01-06,SEK,10.765
2026-01-06,SGD,1.4984
2026-01-06,THB,36.608
2026-01-06,TRY,50.3894
2026-01-06,USD,1.1707
2026-01-06,ZAR,19.1951
2026-01-07,AUD,1.7367
2026-01-07,BRL,6.2995
2026-01-07,CAD,1.6135
2026-01-07,CHF,0.9304
2026-01-07,CNY,8.1685
2026-01-07,CZK,24.29
2026-01-07,DKK,7.4725
2026-01-07,GBP,0.8664
2026-01-07,HKD,9.0976
2026-01-07,HUF,384.98
2026-01-07,IDR,19592.02
2026-01-07,ILS,3.7115
2026-01-07,INR,104.9835
2026-01-07,ISK,147.2
2026-01-07,JPY,182.91
2026-01-07,KRW,1691.47
2026-01-07,MXN,21.009
2026-01-07,MYR,4.7414
2026-01-07,NOK,11.7585
2026-01-07,NZD,2.02
2026-01-07,PHP,69.305
2026-01-07,PLN,4.2148
2026-01-07,RON,5.0885
2026-01-07,SEK,10.7365
2026-01-07,SGD,1.4972
2026-01-07,THB,36.606
2026-01-07,TRY,50.2911
2026-01-07,USD,1.1684
2026-01-07,ZAR,19.2252
2026-01-08,AUD,1.7433
2026-01-08,BRL,6.2811
2026-01-08,CAD,1.6183
2026-01-08,CHF,0.9312
2026-01-08,CNY,8.1513
2026-01-08,CZK,24.262
2026-01-08,DKK,7.472
2026-01-08,GBP,0.8687
2026-01-08,HKD,9.0981
2026-01-08,HUF,384.75
2026-01-08,IDR,19655.85
2026-01-08,ILS,3.7003
2026-01-08,INR,104.988
2026-01-08,ISK,147.2
2026-01-08,JPY,182.97
2026-01-08,KRW,1695.57
2026-01-08,MXN,20.9729
2026-01-08,MYR,4.743
2026-01-08,NOK,11.7935
2026-01-08,NZD,2.0313
2026-01-08,PHP,69.073
2026-01-08,PLN,4.2093
2026-01-08,RON,5.0883
2026-01-08,SEK,10.766
2026-01-08,SGD,1.4995
2026-01-08,THB,36.823
2026-01-08,TRY,50.2588
2026-01-08,USD,1.1675
2026-01-08,ZAR,19.2811
2026-01-09,AUD,1.7441
2026-01-09,BRL,6.2733
2026-01-09,CAD,1.6163
2026-01-09,CHF,0.9314
2026-01-09,CNY,8.1288
2026-01-09,CZK,24.337
2026-01-09,DKK,7.4724
2026-01-09,GBP,0.8677
2026-01-09,HKD,9.0763
2026-01-09,HUF,386.03
2026-01-09,IDR,19628.24
2026-01-09,ILS,3.6745
2026-01-09,INR,105.0335
2026-01-09,ISK,147.4
2026-01-09,JPY,183.52
2026-01-09,KRW,1699.55
2026-01-09,MXN,20.9879
2026-01-09,MYR,4.7424
2026-01-09,NOK,11.7765
2026-01-09,NZD,2.0339
2026-01-09,PHP,68.935
2026-01-09,PLN,4.2138
2026-01-09,RON,5.0902
2026-01-09,SEK,10.748
2026-01-09,SGD,1.4984
2026-01-09,THB,36.632
2026-01-09,TRY,50.1841
2026-01-09,USD,1.1642
2026-01-09,ZAR,19.2966
2026-01-12,AUD,1.7409
2026-01-12,BRL,6.2863
2026-01-12,CAD,1.6219
2026-01-12,CHF,0.9313
2026-01-12,CNY,8.1529
2026-01-12,CZK,24.288
2026-01-12,DKK,7.4722
2026-01-12,GBP,0.8674
2026-01-12,HKD,9.1156
2026-01-12,HUF,386.85
2026-01-12,IDR,19751.3
2026-01-12,ILS,3.6867
2026-01-12,INR,105.419
2026-01-12,ISK,147.2
2026-01-12,JPY,184.42
2026-01-12,KRW,1715.11
2026-01-12,MXN,20.932
2026-01-12,MYR,4.7499
2026-01-12,NOK,11.7445
2026-01-12,NZD,2.027
2026-01-12,PHP,69.38
2026-01-12,PLN,4.2093
2026-01-12,RON,5.0892
2026-01-12,SEK,10.7008
2026-01-12,SGD,1.5019
2026-01-12,THB,36.508
2026-01-12,TRY,50.4268
2026-01-12,USD,1.1692
2026-01-12,ZAR,19.1618
2026-01-13,AUD,1.7394
2026-01-13,BRL,6.2736
2026-01-13,CAD,1.6172
2026-01-13,CHF,0.9311
2026-01-13,CNY,8.1294
2026-01-13,CZK,24.253
2026-01-13,DKK,7.4726
2026-01-13,GBP,0.866
2026-01-13,HKD,9.0925
2026-01-13,HUF,386.75
2026-01-13,IDR,19652.84
2026-01-13,ILS,3.6721
2026-01-13,INR,105.1478
2026-01-13,ISK,146.6
2026-01-13,JPY,185.12
2026-01-13,KRW,1717.89
2026-01-13,MXN,20.8587
2026-01-13,MYR,4.7286
2026-01-13,NOK,11.756
2026-01-13,NZD,2.0231
2026-01-13,PHP,69.291
2026-01-13,PLN,4.2118
2026-01-13,RON,5.0895
2026-01-13,SEK,10.7135
2026-01-13,SGD,1.5006
2026-01-13,THB,36.681
2026-01-13,TRY,50.2941
2026-01-13,USD,1.1654
2026-01-13,ZAR,19.1755
2026-01-14,AUD,1.745
2026-01-14,BRL,6.2544
2026-01-14,CAD,1.6169
2026-01-14,CHF,0.9333
2026-01-14,CNY,8.1247
2026-01-14,CZK,24.262
2026-01-14,DKK,7.4723
2026-01-14,GBP,0.8668
2026-01-14,HKD,9.0841
2026-01-14,HUF,386.95
2026-01-14,IDR,19656.93
2026-01-14,ILS,3.6831
2026-01-14,INR,105.2118
2026-01-14,ISK,146.4
2026-01-14,JPY,184.82
2026-01-14,KRW,1719
2026-01-14,MXN,20.7518
2026-01-14,MYR,4.7163
2026-01-14,NOK,11.733
2026-01-14,NZD,2.0303
2026-01-14,PHP,69.282
2026-01-14,PLN,4.218
2026-01-14,RON,5.0897
2026-01-14,SEK,10.723
2026-01-14,SGD,1.5007
2026-01-14,THB,36.672
2026-01-14,TRY,50.309
2026-01-14,USD,1.1651
2026-01-14,ZAR,19.102
2026-01-15,AUD,1.7382
2026-01-15,BRL,6.2557
2026-01-15,CAD,1.6162
2026-01-15,CHF,0.9314
2026-01-15,CNY,8.0988
2026-01-15,CZK,24.278
2026-01-15,DKK,7.4721
2026-01-15,GBP,0.8674
2026-01-15,HKD,9.0657
2026-01-15,HUF,385.65
2026-01-15,IDR,19640.96
2026-01-15,ILS,3.6686
2026-01-15,INR,104.9647
2026-01-15,ISK,146.2
2026-01-15,JPY,184.31
2026-01-15,KRW,1706.77
2026-01-15,MXN,20.6776
2026-01-15,MYR,4.715
2026-01-15,NOK,11.72
2026-01-15,NZD,2.0246
2026-01-15,PHP,69.182
2026-01-15,PLN,4.2093
2026-01-15,RON,5.0892
2026-01-15,SEK,10.6985
2026-01-15,SGD,1.4969
2026-01-15,THB,36.494
2026-01-15,TRY,50.2037
2026-01-15,USD,1.1624
2026-01-15,ZAR,19.0309
2026-01-16,AUD,1.7344
2026-01-16,BRL,6.2411
2026-01-16,CAD,1.6135
2026-01-16,CHF,0.9313
2026-01-16,CNY,8.0967
2026-01-16,CZK,24.286
2026-01-16,DKK,7.4712
2026-01-16,GBP,0.867
2026-01-16,HKD,9.0613
2026-01-16,HUF,385.33
2026-01-16,IDR,19653.76
2026-01-16,ILS,3.66
2026-01-16,INR,105.397
2026-01-16,ISK,146.4
2026-01-16,JPY,183.67
2026-01-16,KRW,1711.1
2026-01-16,MXN,20.5333
2026-01-16,MYR,4.7136
2026-01-16,NOK,11.7203
2026-01-16,NZD,2.0179
2026-01-16,PHP,68.995
2026-01-16,PLN,4.2248
2026-01-16,RON,5.0908
2026-01-16,SEK,10.719
2026-01-16,SGD,1.4962
2026-01-16,THB,36.535
2026-01-16,TRY,50.2784
2026-01-16,USD,1.1617
2026-01-16,ZAR,19.0382
2026-01-19,AUD,1.7342
2026-01-19,BRL,6.242
2026-01-19,CAD,1.6149
2026-01-19,CHF,0.9282
2026-01-19,CNY,8.0991
2026-01-19,CZK,24.29
2026-01-19,DKK,7.4717
2026-01-19,GBP,0.8671
2026-01-19,HKD,9.0685
2026-01-19,HUF,386.15
2026-01-19,IDR,19741.53
2026-01-19,ILS,3.676
2026-01-19,INR,105.6965
2026-01-19,ISK,146.2
2026-01-19,JPY,183.69
2026-01-19,KRW,1713.48
2026-01-19,MXN,20.5049
2026-01-19,MYR,4.7164
2026-01-19,NOK,11.7295
2026-01-19,NZD,2.0098
2026-01-19,PHP,69.139
2026-01-19,PLN,4.2253
2026-01-19,RON,5.092
2026-01-19,SEK,10.73
2026-01-19,SGD,1.4946
2026-01-19,THB,36.353
2026-01-19,TRY,50.3298
2026-01-19,USD,1.1631
2026-01-19,ZAR,19.0951
2026-01-20,AUD,1.742
2026-01-20,BRL,6.3209
2026-01-20,CAD,1.6215
2026-01-20,CHF,0.9268
2026-01-20,CNY,8.1614
2026-01-20,CZK,24.333
2026-01-20,DKK,7.4708
2026-01-20,GBP,0.8722
2026-01-20,HKD,9.1456
2026-01-20,HUF,385.85
2026-01-20,IDR,19874.44
2026-01-20,ILS,3.7156
2026-01-20,INR,106.677
2026-01-20,ISK,146.2
2026-01-20,JPY,185.18
2026-01-20,KRW,1731.99
2026-01-20,MXN,20.6693
2026-01-20,MYR,4.7551
2026-01-20,NOK,11.7155
2026-01-20,NZD,2.0098
2026-01-20,PHP,69.527
2026-01-20,PLN,4.2273
2026-01-20,RON,5.0924
2026-01-20,SEK,10.708
2026-01-20,SGD,1.5045
2026-01-20,THB,36.456
2026-01-20,TRY,50.7505
2026-01-20,USD,1.1728
2026-01-20,ZAR,19.2821
2026-01-21,AUD,1.734
2026-01-21,BRL,6.2773
2026-01-21,CAD,1.6192
2026-01-21,CHF,0.9268
2026-01-21,CNY,8.1749
2026-01-21,CZK,24.356
2026-01-21,DKK,7.4705
2026-01-21,GBP,0.8744
2026-01-21,HKD,9.1532
2026-01-21,HUF,385.65
2026-01-21,IDR,19851.53
2026-01-21,ILS,3.7235
2026-01-21,INR,107.5775
2026-01-21,ISK,146.2
2026-01-21,JPY,185.23
2026-01-21,KRW,1719.32
2026-01-21,MXN,20.5175
2026-01-21,MYR,4.7508
2026-01-21,NOK,11.6365
2026-01-21,NZD,2.0019
2026-01-21,PHP,69.537
2026-01-21,PLN,4.2275
2026-01-21,RON,5.0947
2026-01-21,SEK,10.661
2026-01-21,SGD,1.5045
2026-01-21,THB,36.47
2026-01-21,TRY,50.8278
2026-01-21,USD,1.1739
2026-01-21,ZAR,19.147
2026-01-22,AUD,1.7197
2026-01-22,BRL,6.2218
2026-01-22,CAD,1.6171
2026-01-22,CHF,0.9283
2026-01-22,CNY,8.1658
2026-01-22,CZK,24.31
2026-01-22,DKK,7.4688
2026-01-22,GBP,0.8722
2026-01-22,HKD,9.1283
2026-01-22,HUF,382.7
2026-01-22,IDR,19753.87
2026-01-22,ILS,3.6754
2026-01-22,INR,107.216
2026-01-22,ISK,146
2026-01-22,JPY,185.88
2026-01-22,KRW,1718.11
2026-01-22,MXN,20.4678
2026-01-22,MYR,4.7292
2026-01-22,NOK,11.576
2026-01-22,NZD,1.991
2026-01-22,PHP,69.227
2026-01-22,PLN,4.2063
2026-01-22,RON,5.0923
2026-01-22,SEK,10.594
2026-01-22,SGD,1.5026
2026-01-22,THB,36.675
2026-01-22,TRY,50.6678
2026-01-22,USD,1.1706
2026-01-22,ZAR,18.9855
2026-01-23,AUD,1.7104
2026-01-23,BRL,6.2011
2026-01-23,CAD,1.6161
2026-01-23,CHF,0.9277
2026-01-23,CNY,8.1778
2026-01-23,CZK,24.257
2026-01-23,DKK,7.4686
2026-01-23,GBP,0.8681
2026-01-23,HKD,9.1561
2026-01-23,HUF,382.15
2026-01-23,IDR,19753.87
2026-01-23,ILS,3.689
2026-01-23,INR,107.864
2026-01-23,ISK,146
2026-01-23,JPY,185.71
2026-01-23,KRW,1723.2
2026-01-23,MXN,20.4816
2026-01-23,MYR,4.7033
2026-01-23,NOK,11.542
2026-01-23,NZD,1.9855
2026-01-23,PHP,69.368
2026-01-23,PLN,4.2035
2026-01-23,RON,5.0945
2026-01-23,SEK,10.5705
2026-01-23,SGD,1.5016
2026-01-23,THB,36.594
2026-01-23,TRY,50.9084
2026-01-23,USD,1.1742
2026-01-23,ZAR,18.9582
2026-01-26,AUD,1.7133
2026-01-26,BRL,6.2569
2026-01-26,CAD,1.623
2026-01-26,CHF,0.9223
2026-01-26,CNY,8.2312
2026-01-26,CZK,24.251
2026-01-26,DKK,7.4678
2026-01-26,GBP,0.8675
2026-01-26,HKD,9.2289
2026-01-26,HUF,381.85
2026-01-26,IDR,19857.61
2026-01-26,ILS,3.7118
2026-01-26,INR,108.6115
2026-01-26,ISK,145.4
2026-01-26,JPY,182.52
2026-01-26,KRW,1713.58
2026-01-26,MXN,20.5826
2026-01-26,MYR,4.6936
2026-01-26,NOK,11.6015
2026-01-26,NZD,1.9877
2026-01-26,PHP,70.017
2026-01-26,PLN,4.2085
2026-01-26,RON,5.0965
2026-01-26,SEK,10.6265
2026-01-26,SGD,1.5044
2026-01-26,THB,36.869
2026-01-26,TRY,51.3402
2026-01-26,USD,1.1836
2026-01-26,ZAR,19.0243
2026-01-27,AUD,1.7167
2026-01-27,BRL,6.2692
2026-01-27,CAD,1.6316
2026-01-27,CHF,0.9197
2026-01-27,CNY,8.2964
2026-01-27,CZK,24.267
2026-01-27,DKK,7.4677
2026-01-27,GBP,0.8683
2026-01-27,HKD,9.3046
2026-01-27,HUF,380.6
2026-01-27,IDR,19940
2026-01-27,ILS,3.7012
2026-01-27,INR,109.288
2026-01-27,ISK,145.2
2026-01-27,JPY,182.92
2026-01-27,KRW,1719.21
2026-01-27,MXN,20.6353
2026-01-27,MYR,4.7149
2026-01-27,NOK,11.567
2026-01-27,NZD,1.9907
2026-01-27,PHP,70.434
2026-01-27,PLN,4.2023
2026-01-27,RON,5.0965
2026-01-27,SEK,10.582
2026-01-27,SGD,1.5096
2026-01-27,THB,37.022
2026-01-27,TRY,51.7761
2026-01-27,USD,1.1929
2026-01-27,ZAR,19.0714
2026-01-28,AUD,1.7107
2026-01-28,BRL,6.1949
2026-01-28,CAD,1.6242
2026-01-28,CHF,0.9188
2026-01-28,CNY,8.3176
2026-01-28,CZK,24.294
2026-01-28,DKK,7.4666
2026-01-28,GBP,0.8685
2026-01-28,HKD,9.3415
2026-01-28,HUF,380.9
2026-01-28,IDR,20047
2026-01-28,ILS,3.7023
2026-01-28,INR,110.093
2026-01-28,ISK,145
2026-01-28,JPY,182.76
2026-01-28,KRW,1710.88
2026-01-28,MXN,20.5413
2026-01-28,MYR,4.6926
2026-01-28,NOK,11.523
2026-01-28,NZD,1.9859
2026-01-28,PHP,70.353
2026-01-28,PLN,4.2028
2026-01-28,RON,5.0965
2026-01-28,SEK,10.5885
2026-01-28,SGD,1.5108
2026-01-28,THB,37.251
2026-01-28,TRY,51.9846
2026-01-28,USD,1.1974
2026-01-28,ZAR,19.0178
2026-01-29,AUD,1.6935
2026-01-29,BRL,6.2011
2026-01-29,CAD,1.6186
2026-01-29,CHF,0.9182
2026-01-29,CNY,8.3132
2026-01-29,CZK,24.335
2026-01-29,DKK,7.4668
2026-01-29,GBP,0.8662
2026-01-29,HKD,9.3407
2026-01-29,HUF,380.73
2026-01-29,IDR,20085
2026-01-29,ILS,3.6831
2026-01-29,INR,110.007
2026-01-29,ISK,144.8
2026-01-29,JPY,183.48
2026-01-29,KRW,1712.42
2026-01-29,MXN,20.5261
2026-01-29,MYR,4.7004
2026-01-29,NOK,11.418
2026-01-29,NZD,1.9689
2026-01-29,PHP,70.606
2026-01-29,PLN,4.2033
2026-01-29,RON,5.0965
2026-01-29,SEK,10.5645
2026-01-29,SGD,1.5128
2026-01-29,THB,37.34
2026-01-29,TRY,51.9709
2026-01-29,USD,1.1968
2026-01-29,ZAR,18.7584
2026-01-30,AUD,1.7001
2026-01-30,BRL,6.2233
2026-01-30,CAD,1.612
2026-01-30,CHF,0.9157
2026-01-30,CNY,8.2834
2026-01-30,CZK,24.325
2026-01-30,DKK,7.4674
2026-01-30,GBP,0.8662
2026-01-30,HKD,9.3067
2026-01-30,HUF,380.7
2026-01-30,IDR,20010
2026-01-30,ILS,3.6799
2026-01-30,INR,109.5825
2026-01-30,ISK,145.2
2026-01-30,JPY,183.59
2026-01-30,KRW,1719.47
2026-01-30,MXN,20.5979
2026-01-30,MYR,4.7044
2026-01-30,NOK,11.3885
2026-01-30,NZD,1.966
2026-01-30,PHP,70.211
2026-01-30,PLN,4.2073
2026-01-30,RON,5.0964
2026-01-30,SEK,10.5205
2026-01-30,SGD,1.5111
2026-01-30,THB,37.455
2026-01-30,TRY,51.8324
2026-01-30,USD,1.1919
2026-01-30,ZAR,18.9906
2026-02-02,AUD,1.7042
2026-02-02,BRL,6.2222
2026-02-02,CAD,1.6157
2026-02-02,CHF,0.9199
2026-02-02,CNY,8.221
2026-02-02,CZK,24.305
2026-02-02,DKK,7.4691
2026-02-02,GBP,0.8658
2026-02-02,HKD,9.2484
2026-02-02,HUF,381.2
2026-02-02,IDR,19890
2026-02-02,ILS,3.6738
2026-02-02,INR,108.417
2026-02-02,ISK,145
2026-02-02,JPY,183.59
2026-02-02,KRW,1719.74
2026-02-02,MXN,20.6131
2026-02-02,MYR,4.6673
2026-02-02,NOK,11.4655
2026-02-02,NZD,1.9705
2026-02-02,PHP,69.754
2026-02-02,PLN,4.2173
2026-02-02,RON,5.096
2026-02-02,SEK,10.5935
2026-02-02,SGD,1.5055
2026-02-02,THB,37.432
2026-02-02,TRY,51.4941
2026-02-02,USD,1.184
2026-02-02,ZAR,18.9774
2026-02-03,AUD,1.683
2026-02-03,BRL,6.1685
2026-02-03,CAD,1.6116
2026-02-03,CHF,0.9173
2026-02-03,CNY,8.1877
2026-02-03,CZK,24.312
2026-02-03,DKK,7.4687
2026-02-03,GBP,0.8623
2026-02-03,HKD,9.2201
2026-02-03,HUF,380.4
2026-02-03,IDR,19790
2026-02-03,ILS,3.6419
2026-02-03,INR,106.371
2026-02-03,ISK,145
2026-02-03,JPY,183.92
2026-02-03,KRW,1709.44
2026-02-03,MXN,20.4245
2026-02-03,MYR,4.6407
2026-02-03,NOK,11.422
2026-02-03,NZD,1.9532
2026-02-03,PHP,69.732
2026-02-03,PLN,4.2205
2026-02-03,RON,5.0951
2026-02-03,SEK,10.5485
2026-02-03,SGD,1.4994
2026-02-03,THB,37.25
2026-02-03,TRY,51.3246
2026-02-03,USD,1.1801
2026-02-03,ZAR,18.8218
2026-02-04,AUD,1.6814
2026-02-04,BRL,6.1707
2026-02-04,CAD,1.6138
2026-02-04,CHF,0.9168
2026-02-04,CNY,8.2051
2026-02-04,CZK,24.357
2026-02-04,DKK,7.4673
2026-02-04,GBP,0.8616
2026-02-04,HKD,9.2334
2026-02-04,HUF,380.38
2026-02-04,IDR,19850
2026-02-04,ILS,3.6478
2026-02-04,INR,106.8698
2026-02-04,ISK,145
2026-02-04,JPY,185.15
2026-02-04,KRW,1720.7
2026-02-04,MXN,20.3808
2026-02-04,MYR,4.6476
2026-02-04,NOK,11.3995
2026-02-04,NZD,1.9602
2026-02-04,PHP,69.721
2026-02-04,PLN,4.2235
2026-02-04,RON,5.0949
2026-02-04,SEK,10.577
2026-02-04,SGD,1.5027
2026-02-04,THB,37.39
2026-02-04,TRY,51.4285
2026-02-04,USD,1.182
2026-02-04,ZAR,18.8381
2026-02-05,AUD,1.6922
2026-02-05,BRL,6.2059
2026-02-05,CAD,1.6144
2026-02-05,CHF,0.9161
2026-02-05,CNY,8.1869
2026-02-05,CZK,24.31
2026-02-05,DKK,7.4662
2026-02-05,GBP,0.8691
2026-02-05,HKD,9.2171
2026-02-05,HUF,379.65
2026-02-05,IDR,19900
2026-02-05,ILS,3.6752
2026-02-05,INR,106.546
2026-02-05,ISK,144.8
2026-02-05,JPY,185.11
2026-02-05,KRW,1728.58
2026-02-05,MXN,20.5112
2026-02-05,MYR,4.6567
2026-02-05,NOK,11.474
2026-02-05,NZD,1.9676
2026-02-05,PHP,69.299
2026-02-05,PLN,4.2205
2026-02-05,RON,5.0935
2026-02-05,SEK,10.641
2026-02-05,SGD,1.5021
2026-02-05,THB,37.488
2026-02-05,TRY,51.3684
2026-02-05,USD,1.1798
2026-02-05,ZAR,19.0889
2026-02-06,AUD,1.688
2026-02-06,BRL,6.1767
2026-02-06,CAD,1.6118
2026-02-06,CHF,0.9175
2026-02-06,CNY,8.1838
2026-02-06,CZK,24.24
2026-02-06,DKK,7.4672
2026-02-06,GBP,0.8679
2026-02-06,HKD,9.2152
2026-02-06,HUF,377.95
2026-02-06,IDR,19900
2026-02-06,ILS,3.6916
2026-02-06,INR,106.9265
2026-02-06,ISK,145.2
2026-02-06,JPY,185.27
2026-02-06,KRW,1730.68
2026-02-06,MXN,20.4787
2026-02-06,MYR,4.6557
2026-02-06,NOK,11.4695
2026-02-06,NZD,1.9673
2026-02-06,PHP,69.047
2026-02-06,PLN,4.2185
2026-02-06,RON,5.092
2026-02-06,SEK,10.6735
2026-02-06,SGD,1.5016
2026-02-06,THB,37.269
2026-02-06,TRY,51.4394
2026-02-06,USD,1.1794
2026-02-06,ZAR,19.017
2026-02-09,AUD,1.6843
2026-02-09,BRL,6.1725
2026-02-09,CAD,1.6174
2026-02-09,CHF,0.915
2026-02-09,CNY,8.2281
2026-02-09,CZK,24.217
2026-02-09,DKK,7.4692
2026-02-09,GBP,0.8701
2026-02-09,HKD,9.2888
2026-02-09,HUF,377.08
2026-02-09,IDR,20000
2026-02-09,ILS,3.6817
2026-02-09,INR,107.8375
2026-02-09,ISK,145
2026-02-09,JPY,185.65
2026-02-09,KRW,1737.79
2026-02-09,MXN,20.4582
2026-02-09,MYR,4.6765
2026-02-09,NOK,11.429
2026-02-09,NZD,1.9685
2026-02-09,PHP,69.516
2026-02-09,PLN,4.2118
2026-02-09,RON,5.0923
2026-02-09,SEK,10.6505
2026-02-09,SGD,1.5067
2026-02-09,THB,37.055
2026-02-09,TRY,51.8099
2026-02-09,USD,1.1886
2026-02-09,ZAR,18.9883
2026-02-10,AUD,1.683
2026-02-10,BRL,6.1929
2026-02-10,CAD,1.6141
2026-02-10,CHF,0.9123
2026-02-10,CNY,8.2245
2026-02-10,CZK,24.257
2026-02-10,DKK,7.4715
2026-02-10,GBP,0.8695
2026-02-10,HKD,9.2983
2026-02-10,HUF,377.95
2026-02-10,IDR,19966
2026-02-10,ILS,3.6704
2026-02-10,INR,107.6878
2026-02-10,ISK,145
2026-02-10,JPY,184.51
2026-02-10,KRW,1738.48
2026-02-10,MXN,20.4998
2026-02-10,MYR,4.6666
2026-02-10,NOK,11.3115
2026-02-10,NZD,1.9687
2026-02-10,PHP,69.605
2026-02-10,PLN,4.217
2026-02-10,RON,5.0912
2026-02-10,SEK,10.6135
2026-02-10,SGD,1.5061
2026-02-10,THB,37.151
2026-02-10,TRY,51.8989
2026-02-10,USD,1.1894
2026-02-10,ZAR,18.9797
2026-02-11,AUD,1.6737
2026-02-11,BRL,6.1753
2026-02-11,CAD,1.6138
2026-02-11,CHF,0.9136
2026-02-11,CNY,8.2245
2026-02-11,CZK,24.245
2026-02-11,DKK,7.4698
2026-02-11,GBP,0.8699
2026-02-11,HKD,9.3013
2026-02-11,HUF,379.03
2026-02-11,IDR,19992
2026-02-11,ILS,3.6604
2026-02-11,INR,107.9515
2026-02-11,ISK,145.2
2026-02-11,JPY,182.79
2026-02-11,KRW,1727.84
2026-02-11,MXN,20.4719
2026-02-11,MYR,4.6589
2026-02-11,NOK,11.265
2026-02-11,NZD,1.9637
2026-02-11,PHP,69.347
2026-02-11,PLN,4.2135
2026-02-11,RON,5.0912
2026-02-11,SEK,10.564
2026-02-11,SGD,1.5027
2026-02-11,THB,36.991
2026-02-11,TRY,51.9354
2026-02-11,USD,1.19
2026-02-11,ZAR,18.8989
2026-02-12,AUD,1.6678
2026-02-12,BRL,6.1461
2026-02-12,CAD,1.6128
2026-02-12,CHF,0.9142
2026-02-12,CNY,8.1944
2026-02-12,CZK,24.245
2026-02-12,DKK,7.4712
2026-02-12,GBP,0.8711
2026-02-12,HKD,9.2815
2026-02-12,HUF,379.88
2026-02-12,IDR,19983.94
2026-02-12,ILS,3.6355
2026-02-12,INR,107.565
2026-02-12,ISK,145.2
2026-02-12,JPY,182.52
2026-02-12,KRW,1707.82
2026-02-12,MXN,20.3934
2026-02-12,MYR,4.6338
2026-02-12,NOK,11.2535
2026-02-12,NZD,1.9588
2026-02-12,PHP,68.894
2026-02-12,PLN,4.2158
2026-02-12,RON,5.0928
2026-02-12,SEK,10.567
2026-02-12,SGD,1.4984
2026-02-12,THB,36.809
2026-02-12,TRY,51.8294
2026-02-12,USD,1.1874
2026-02-12,ZAR,18.874
2026-02-13,AUD,1.6824
2026-02-13,BRL,6.1916
2026-02-13,CAD,1.6161
2026-02-13,CHF,0.9121
2026-02-13,CNY,8.195
2026-02-13,CZK,24.263
2026-02-13,DKK,7.4709
2026-02-13,GBP,0.8716
2026-02-13,HKD,9.2725
2026-02-13,HUF,379.08
2026-02-13,IDR,19955.44
2026-02-13,ILS,3.6649
2026-02-13,INR,107.481
2026-02-13,ISK,145
2026-02-13,JPY,181.83
2026-02-13,KRW,1715.78
2026-02-13,MXN,20.4269
2026-02-13,MYR,4.6351
2026-02-13,NOK,11.326
2026-02-13,NZD,1.9693
2026-02-13,PHP,68.63
2026-02-13,PLN,4.215
2026-02-13,RON,5.0946
2026-02-13,SEK,10.6254
2026-02-13,SGD,1.4992
2026-02-13,THB,36.861
2026-02-13,TRY,51.8843
2026-02-13,USD,1.1862
2026-02-13,ZAR,19.019
2026-02-16,AUD,1.6731
2026-02-16,BRL,6.1935
2026-02-16,CAD,1.6155
2026-02-16,CHF,0.9129
2026-02-16,CNY,8.1902
2026-02-16,CZK,24.259
2026-02-16,DKK,7.4707
2026-02-16,GBP,0.869
2026-02-16,HKD,9.265
2026-02-16,HUF,377.13
2026-02-16,IDR,19938
2026-02-16,ILS,3.6594
2026-02-16,INR,107.5625
2026-02-16,ISK,145
2026-02-16,JPY,181.79
2026-02-16,KRW,1708.8
2026-02-16,MXN,20.3378
2026-02-16,MYR,4.6235
2026-02-16,NOK,11.2665
2026-02-16,NZD,1.9623
2026-02-16,PHP,68.722
2026-02-16,PLN,4.2105
2026-02-16,RON,5.0954
2026-02-16,SEK,10.6205
2026-02-16,SGD,1.4962
2026-02-16,THB,36.863
2026-02-16,TRY,51.8167
2026-02-16,USD,1.1855
2026-02-16,ZAR,18.9092
2026-02-17,AUD,1.6776
2026-02-17,BRL,6.1788
2026-02-17,CAD,1.6149
2026-02-17,CHF,0.9116
2026-02-17,CNY,8.1702
2026-02-17,CZK,24.276
2026-02-17,DKK,7.4706
2026-02-17,GBP,0.8733
2026-02-17,HKD,9.2428
2026-02-17,HUF,378.43
2026-02-17,IDR,19901.98
2026-02-17,ILS,3.672
2026-02-17,INR,107.2565
2026-02-17,ISK,145
2026-02-17,JPY,181.06
2026-02-17,KRW,1709.83
2026-02-17,MXN,20.3572
2026-02-17,MYR,4.6121
2026-02-17,NOK,11.2815
2026-02-17,NZD,1.9623
2026-02-17,PHP,68.395
2026-02-17,PLN,4.2138
2026-02-17,RON,5.0967
2026-02-17,SEK,10.648
2026-02-17,SGD,1.4946
2026-02-17,THB,37.021
2026-02-17,TRY,51.7114
2026-02-17,USD,1.1826
2026-02-17,ZAR,19.032
2026-02-18,AUD,1.6748
2026-02-18,BRL,6.1865
2026-02-18,CAD,1.6164
2026-02-18,CHF,0.9124
2026-02-18,CNY,8.1833
2026-02-18,CZK,24.256
2026-02-18,DKK,7.4714
2026-02-18,GBP,0.8724
2026-02-18,HKD,9.2565
2026-02-18,HUF,378.23
2026-02-18,IDR,20000
2026-02-18,ILS,3.6775
2026-02-18,INR,107.425
2026-02-18,ISK,144.9
2026-02-18,JPY,181.99
2026-02-18,KRW,1712.66
2026-02-18,MXN,20.2709
2026-02-18,MYR,4.6196
2026-02-18,NOK,11.2285
2026-02-18,NZD,1.973
2026-02-18,PHP,68.551
2026-02-18,PLN,4.2165
2026-02-18,RON,5.0929
2026-02-18,SEK,10.616
2026-02-18,SGD,1.4971
2026-02-18,THB,37.016
2026-02-18,TRY,51.8305
2026-02-18,USD,1.1845
2026-02-18,ZAR,18.9794
2026-02-19,AUD,1.6698
2026-02-19,BRL,6.1519
2026-02-19,CAD,1.6107
2026-02-19,CHF,0.9119
2026-02-19,CNY,8.1197
2026-02-19,CZK,24.245
2026-02-19,DKK,7.4717
2026-02-19,GBP,0.8738
2026-02-19,HKD,9.1846
2026-02-19,HUF,379.73
2026-02-19,IDR,19883.96
2026-02-19,ILS,3.6888
2026-02-19,INR,107.183
2026-02-19,ISK,144.9
2026-02-19,JPY,182.05
2026-02-19,KRW,1703.81
2026-02-19,MXN,20.3086
2026-02-19,MYR,4.5937
2026-02-19,NOK,11.253
2026-02-19,NZD,1.9728
2026-02-19,PHP,68.225
2026-02-19,PLN,4.2215
2026-02-19,RON,5.097
2026-02-19,SEK,10.6915
2026-02-19,SGD,1.4916
2026-02-19,THB,36.722
2026-02-19,TRY,51.4426
2026-02-19,USD,1.1753
2026-02-19,ZAR,19.062
2026-02-20,AUD,1.6697
2026-02-20,BRL,6.1358
2026-02-20,CAD,1.6112
2026-02-20,CHF,0.9132
2026-02-20,CNY,8.1294
2026-02-20,CZK,24.241
2026-02-20,DKK,7.4716
2026-02-20,GBP,0.8728
2026-02-20,HKD,9.1961
2026-02-20,HUF,379.65
2026-02-20,IDR,19872.87
2026-02-20,ILS,3.6783
2026-02-20,INR,107.0155
2026-02-20,ISK,144.9
2026-02-20,JPY,182.63
2026-02-20,KRW,1705.81
2026-02-20,MXN,20.2402
2026-02-20,MYR,4.5927
2026-02-20,NOK,11.254
2026-02-20,NZD,1.9763
2026-02-20,PHP,68.428
2026-02-20,PLN,4.2238
2026-02-20,RON,5.0978
2026-02-20,SEK,10.6745
2026-02-20,SGD,1.4931
2026-02-20,THB,36.719
2026-02-20,TRY,51.5932
2026-02-20,USD,1.1767
2026-02-20,ZAR,18.9417
2026-02-23,AUD,1.6669
2026-02-23,BRL,6.1059
2026-02-23,CAD,1.6132
2026-02-23,CHF,0.9145
2026-02-23,CNY,8.1412
2026-02-23,CZK,24.223
2026-02-23,DKK,7.4707
2026-02-23,GBP,0.8734
2026-02-23,HKD,9.2136
2026-02-23,HUF,379.65
2026-02-23,IDR,19823.28
2026-02-23,ILS,3.6769
2026-02-23,INR,107.115
2026-02-23,ISK,144.9
2026-02-23,JPY,182.44
2026-02-23,KRW,1701.08
2026-02-23,MXN,20.2649
2026-02-23,MYR,4.5852
2026-02-23,NOK,11.2585
2026-02-23,NZD,1.975
2026-02-23,PHP,67.913
2026-02-23,PLN,4.2173
2026-02-23,RON,5.0969
2026-02-23,SEK,10.6955
2026-02-23,SGD,1.4923
2026-02-23,THB,36.56
2026-02-23,TRY,51.6598
2026-02-23,USD,1.1784
2026-02-23,ZAR,18.8679
2026-02-24,AUD,1.6718
2026-02-24,BRL,6.0968
2026-02-24,CAD,1.6148
2026-02-24,CHF,0.912
2026-02-24,CNY,8.1046
2026-02-24,CZK,24.225
2026-02-24,DKK,7.4712
2026-02-24,GBP,0.8731
2026-02-24,HKD,9.2126
2026-02-24,HUF,379
2026-02-24,IDR,19823.58
2026-02-24,ILS,3.6695
2026-02-24,INR,107.0865
2026-02-24,ISK,144.7
2026-02-24,JPY,183.53
2026-02-24,KRW,1699.77
2026-02-24,MXN,20.3539
2026-02-24,MYR,4.586
2026-02-24,NOK,11.2575
2026-02-24,NZD,1.9783
2026-02-24,PHP,68.027
2026-02-24,PLN,4.2203
2026-02-24,RON,5.0947
2026-02-24,SEK,10.688
2026-02-24,SGD,1.4925
2026-02-24,THB,36.573
2026-02-24,TRY,51.6441
2026-02-24,USD,1.1777
2026-02-24,ZAR,18.853
2026-02-25,AUD,1.6617
2026-02-25,BRL,6.0437
2026-02-25,CAD,1.6133
2026-02-25,CHF,0.913
2026-02-25,CNY,8.095
2026-02-25,CZK,24.226
2026-02-25,DKK,7.4713
2026-02-25,GBP,0.8714
2026-02-25,HKD,9.2157
2026-02-25,HUF,375.88
2026-02-25,IDR,19813.85
2026-02-25,ILS,3.648
2026-02-25,INR,107.167
2026-02-25,ISK,143.5
2026-02-25,JPY,184.7
2026-02-25,KRW,1682.64
2026-02-25,MXN,20.2079
2026-02-25,MYR,4.5852
2026-02-25,NOK,11.2955
2026-02-25,NZD,1.9727
2026-02-25,PHP,67.83
2026-02-25,PLN,4.2233
2026-02-25,RON,5.0941
2026-02-25,SEK,10.6765
2026-02-25,SGD,1.4906
2026-02-25,THB,36.642
2026-02-25,TRY,51.6952
2026-02-25,USD,1.1784
2026-02-25,ZAR,18.6898
2026-02-26,AUD,1.6592
2026-02-26,BRL,6.0556
2026-02-26,CAD,1.6155
2026-02-26,CHF,0.914
2026-02-26,CNY,8.0823
2026-02-26,CZK,24.246
2026-02-26,DKK,7.4719
2026-02-26,GBP,0.8719
2026-02-26,HKD,9.2417
2026-02-26,HUF,375.2
2026-02-26,IDR,19809.24
2026-02-26,ILS,3.674
2026-02-26,INR,107.421
2026-02-26,ISK,143.3
2026-02-26,JPY,184.37
2026-02-26,KRW,1684.25
2026-02-26,MXN,20.2926
2026-02-26,MYR,4.5909
2026-02-26,NOK,11.293
2026-02-26,NZD,1.9721
2026-02-26,PHP,68.073
2026-02-26,PLN,4.2225
2026-02-26,RON,5.0949
2026-02-26,SEK,10.673
2026-02-26,SGD,1.4922
2026-02-26,THB,36.694
2026-02-26,TRY,51.8415
2026-02-26,USD,1.1814
2026-02-26,ZAR,18.7563
2026-02-27,AUD,1.6612
2026-02-27,BRL,6.0862
2026-02-27,CAD,1.6139
2026-02-27,CHF,0.9104
2026-02-27,CNY,8.0961
2026-02-27,CZK,24.244
2026-02-27,DKK,7.4718
2026-02-27,GBP,0.8763
2026-02-27,HKD,9.2359
2026-02-27,HUF,376.63
2026-02-27,IDR,19833.7
2026-02-27,ILS,3.7107
2026-02-27,INR,107.5205
2026-02-27,ISK,143.5
2026-02-27,JPY,184.13
2026-02-27,KRW,1702.25
2026-02-27,MXN,20.3189
2026-02-27,MYR,4.5933
2026-02-27,NOK,11.2085
2026-02-27,NZD,1.9731
2026-02-27,PHP,68.095
2026-02-27,PLN,4.2243
2026-02-27,RON,5.0957
2026-02-27,SEK,10.6643
2026-02-27,SGD,1.4942
2026-02-27,THB,36.696
2026-02-27,TRY,51.8946
2026-02-27,USD,1.1805
2026-02-27,ZAR,18.8178
2026-03-02,AUD,1.6579
2026-03-02,BRL,6.0908
2026-03-02,CAD,1.5991
2026-03-02,CHF,0.9117
2026-03-02,CNY,8.0512
2026-03-02,CZK,24.274
2026-03-02,DKK,7.4712
2026-03-02,GBP,0.8739
2026-03-02,HKD,9.1509
2026-03-02,HUF,381.7
2026-03-02,IDR,19742.36
2026-03-02,ILS,3.6066
2026-03-02,INR,107.317
2026-03-02,ISK,143.9
2026-03-02,JPY,184.19
2026-03-02,KRW,1710.38
2026-03-02,MXN,20.2947
2026-03-02,MYR,4.5938
2026-03-02,NOK,11.191
2026-03-02,NZD,1.9709
2026-03-02,PHP,68.135
2026-03-02,PLN,4.244
2026-03-02,RON,5.0976
2026-03-02,SEK,10.708
2026-03-02,SGD,1.49
2026-03-02,THB,36.86
2026-03-02,TRY,51.4229
2026-03-02,USD,1.1698
2026-03-02,ZAR,18.9055
2026-03-03,AUD,1.6534
2026-03-03,BRL,6.0855
2026-03-03,CAD,1.5883
2026-03-03,CHF,0.9107
2026-03-03,CNY,8.017
2026-03-03,CZK,24.378
2026-03-03,DKK,7.4704
2026-03-03,GBP,0.8717
2026-03-03,HKD,9.0552
2026-03-03,HUF,387.89
2026-03-03,IDR,19607.81
2026-03-03,ILS,3.5945
2026-03-03,INR,106.9525
2026-03-03,ISK,144.1
2026-03-03,JPY,182.98
2026-03-03,KRW,1715.95
2026-03-03,MXN,20.3277
2026-03-03,MYR,4.5797
2026-03-03,NOK,11.2485
2026-03-03,NZD,1.9688
2026-03-03,PHP,67.853
2026-03-03,PLN,4.2865
2026-03-03,RON,5.0981
2026-03-03,SEK,10.7265
2026-03-03,SGD,1.4833
2026-03-03,THB,36.861
2026-03-03,TRY,51.0409
2026-03-03,USD,1.1606
2026-03-03,ZAR,19.0262
2026-03-04,AUD,1.6503
2026-03-04,BRL,6.0805
2026-03-04,CAD,1.591
2026-03-04,CHF,0.9082
2026-03-04,CNY,8.0347
2026-03-04,CZK,24.36
2026-03-04,DKK,7.4715
2026-03-04,GBP,0.8705
2026-03-04,HKD,9.1064
2026-03-04,HUF,384.33
2026-03-04,IDR,19633.92
2026-03-04,ILS,3.5838
2026-03-04,INR,107.2678
2026-03-04,ISK,144.7
2026-03-04,JPY,183.02
2026-03-04,KRW,1706.34
2026-03-04,MXN,20.4415
2026-03-04,MYR,4.5915
2026-03-04,NOK,11.2385
2026-03-04,NZD,1.9674
2026-03-04,PHP,68.111
2026-03-04,PLN,4.2588
2026-03-04,RON,5.0925
2026-03-04,SEK,10.6785
2026-03-04,SGD,1.4844
2026-03-04,THB,36.671
2026-03-04,TRY,51.2254
2026-03-04,USD,1.1649
2026-03-04,ZAR,19.0098
2026-03-05,AUD,1.649
2026-03-05,BRL,6.0976
2026-03-05,CAD,1.5828
2026-03-05,CHF,0.9064
2026-03-05,CNY,8.0177
2026-03-05,CZK,24.396
2026-03-05,DKK,7.4716
2026-03-05,GBP,0.8695
2026-03-05,HKD,9.0863
2026-03-05,HUF,387.55
2026-03-05,IDR,19644.7
2026-03-05,ILS,3.5707
2026-03-05,INR,106.4773
2026-03-05,ISK,144.7
2026-03-05,JPY,183.03
2026-03-05,KRW,1714.57
2026-03-05,MXN,20.4869
2026-03-05,MYR,4.581
2026-03-05,NOK,11.214
2026-03-05,NZD,1.9623
2026-03-05,PHP,68.11
2026-03-05,PLN,4.2725
2026-03-05,RON,5.0933
2026-03-05,SEK,10.6885
2026-03-05,SGD,1.4839
2026-03-05,THB,36.788
2026-03-05,TRY,51.1125
2026-03-05,USD,1.1618
2026-03-05,ZAR,19.173
2026-03-06,AUD,1.6501
2026-03-06,BRL,6.1002
2026-03-06,CAD,1.5782
2026-03-06,CHF,0.9045
2026-03-06,CNY,7.9825
2026-03-06,CZK,24.419
2026-03-06,DKK,7.4708
2026-03-06,GBP,0.86693
2026-03-06,HKD,9.04
2026-03-06,HUF,393.4
2026-03-06,IDR,19623.06
2026-03-06,ILS,3.5756
2026-03-06,INR,106.1745
2026-03-06,ISK,144.9
2026-03-06,JPY,182.57
2026-03-06,KRW,1717.02
2026-03-06,MXN,20.5624
2026-03-06,MYR,4.562
2026-03-06,NOK,11.1725
2026-03-06,NZD,1.9687
2026-03-06,PHP,68.525
2026-03-06,PLN,4.2875
2026-03-06,RON,5.0951
2026-03-06,SEK,10.693
2026-03-06,SGD,1.481
2026-03-06,THB,36.966
2026-03-06,TRY,50.9539
2026-03-06,USD,1.1561
2026-03-06,ZAR,19.3277
2026-03-09,AUD,1.6465
2026-03-09,BRL,6.0435
2026-03-09,CAD,1.568
2026-03-09,CHF,0.9008
2026-03-09,CNY,7.9929
2026-03-09,CZK,24.399
2026-03-09,DKK,7.4708
2026-03-09,GBP,0.8653
2026-03-09,HKD,9.0311
2026-03-09,HUF,396.38
2026-03-09,IDR,19575.56
2026-03-09,ILS,3.5948
2026-03-09,INR,106.65
2026-03-09,ISK,145.1
2026-03-09,JPY,183.15
2026-03-09,KRW,1716.06
2026-03-09,MXN,20.6231
2026-03-09,MYR,4.5792
2026-03-09,NOK,11.1545
2026-03-09,NZD,1.9563
2026-03-09,PHP,68.779
2026-03-09,PLN,4.2785
2026-03-09,RON,5.0979
2026-03-09,SEK,10.6945
2026-03-09,SGD,1.4792
2026-03-09,THB,37.057
2026-03-09,TRY,50.9394
2026-03-09,USD,1.1555
2026-03-09,ZAR,19.27
2026-03-10,AUD,1.6355
2026-03-10,BRL,6.0276
2026-03-10,CAD,1.5777
2026-03-10,CHF,0.9027
2026-03-10,CNY,8.0057
2026-03-10,CZK,24.38
2026-03-10,DKK,7.4713
2026-03-10,GBP,0.86545
2026-03-10,HKD,9.1075
2026-03-10,HUF,385.83
2026-03-10,IDR,19634.06
2026-03-10,ILS,3.5963
2026-03-10,INR,107.05
2026-03-10,ISK,144.88
2026-03-10,JPY,183.67
2026-03-10,KRW,1711.37
2026-03-10,MXN,20.4409
2026-03-10,MYR,4.5691
2026-03-10,NOK,11.147
2026-03-10,NZD,1.9596
2026-03-10,PHP,68.703
2026-03-10,PLN,4.2548
2026-03-10,RON,5.0936
2026-03-10,SEK,10.606
2026-03-10,SGD,1.481
2026-03-10,THB,36.815
2026-03-10,TRY,51.2728
2026-03-10,USD,1.1641
2026-03-10,ZAR,18.9618
2026-03-11,AUD,1.6195
2026-03-11,BRL,5.9887
2026-03-11,CAD,1.5742
2026-03-11,CHF,0.9031
2026-03-11,CNY,7.9518
2026-03-11,CZK,24.377
2026-03-11,DKK,7.4718
2026-03-11,GBP,0.86363
2026-03-11,HKD,9.0642
2026-03-11,HUF,387.83
2026-03-11,IDR,19569.86
2026-03-11,ILS,3.5979
2026-03-11,INR,106.629
2026-03-11,ISK,145
2026-03-11,JPY,183.63
2026-03-11,KRW,1710.64
2026-03-11,MXN,20.4403
2026-03-11,MYR,4.5357
2026-03-11,NOK,11.17
2026-03-11,NZD,1.9571
2026-03-11,PHP,68.622
2026-03-11,PLN,4.2523
2026-03-11,RON,5.0907
2026-03-11,SEK,10.6543
2026-03-11,SGD,1.4757
2026-03-11,THB,36.787
2026-03-11,TRY,51.0671
2026-03-11,USD,1.1581
2026-03-11,ZAR,18.9949
2026-03-12,AUD,1.619
2026-03-12,BRL,5.9607
2026-03-12,CAD,1.5706
2026-03-12,CHF,0.9028
2026-03-12,CNY,7.9316
2026-03-12,CZK,24.406
2026-03-12,DKK,7.4722
2026-03-12,GBP,0.86243
2026-03-12,HKD,9.038
2026-03-12,HUF,387.54
2026-03-12,IDR,19498.09
2026-03-12,ILS,3.5952
2026-03-12,INR,106.4745
2026-03-12,ISK,144.6
2026-03-12,JPY,183.43
2026-03-12,KRW,1709.93
2026-03-12,MXN,20.4526
2026-03-12,MYR,4.5345
2026-03-12,NOK,11.1575
2026-03-12,NZD,1.9588
2026-03-12,PHP,68.622
2026-03-12,PLN,4.2578
2026-03-12,RON,5.0936
2026-03-12,SEK,10.7108
2026-03-12,SGD,1.4726
2026-03-12,THB,36.875
2026-03-12,TRY,50.9333
2026-03-12,USD,1.1547
2026-03-12,ZAR,19.1007
2026-03-13,AUD,1.6293
2026-03-13,BRL,6.0172
2026-03-13,CAD,1.5726
2026-03-13,CHF,0.9034
2026-03-13,CNY,7.9145
2026-03-13,CZK,24.437
2026-03-13,DKK,7.4726
2026-03-13,GBP,0.86503
2026-03-13,HKD,8.9827
2026-03-13,HUF,391.48
2026-03-13,IDR,19395.07
2026-03-13,ILS,3.5883
2026-03-13,INR,106.0205
2026-03-13,ISK,144.2
2026-03-13,JPY,182.85
2026-03-13,KRW,1711.87
2026-03-13,MXN,20.4517
2026-03-13,MYR,4.5198
2026-03-13,NOK,11.159
2026-03-13,NZD,1.9691
2026-03-13,PHP,68.301
2026-03-13,PLN,4.2675
2026-03-13,RON,5.0947
2026-03-13,SEK,10.7545
2026-03-13,SGD,1.4685
2026-03-13,THB,36.953
2026-03-13,TRY,50.7122
2026-03-13,USD,1.1476
2026-03-13,ZAR,19.2754
2026-03-16,AUD,1.6272
2026-03-16,BRL,6.0492
2026-03-16,CAD,1.5703
2026-03-16,CHF,0.9041
2026-03-16,CNY,7.9154
2026-03-16,CZK,24.436
2026-03-16,DKK,7.472
2026-03-16,GBP,0.86408
2026-03-16,HKD,8.9881
2026-03-16,HUF,390.23
2026-03-16,IDR,19472.25
2026-03-16,ILS,3.58
2026-03-16,INR,105.8818
2026-03-16,ISK,143.4
2026-03-16,JPY,182.66
2026-03-16,KRW,1711.08
2026-03-16,MXN,20.4306
2026-03-16,MYR,4.5114
2026-03-16,NOK,11.149
2026-03-16,NZD,1.9647
2026-03-16,PHP,68.579
2026-03-16,PLN,4.2683
2026-03-16,RON,5.0947
2026-03-16,SEK,10.769
2026-03-16,SGD,1.4676
2026-03-16,THB,37.143
2026-03-16,TRY,50.7157
2026-03-16,USD,1.1478
2026-03-16,ZAR,19.2461
2026-03-17,AUD,1.6227
2026-03-17,BRL,6.0064
2026-03-17,CAD,1.5804
2026-03-17,CHF,0.9068
2026-03-17,CNY,7.9412
2026-03-17,CZK,24.437
2026-03-17,DKK,7.4718
2026-03-17,GBP,0.8643
2026-03-17,HKD,9.0355
2026-03-17,HUF,388.33
2026-03-17,IDR,19554.27
2026-03-17,ILS,3.5733
2026-03-17,INR,106.5055
2026-03-17,ISK,143.6
2026-03-17,JPY,183.29
2026-03-17,KRW,1714.87
2026-03-17,MXN,20.3662
2026-03-17,MYR,4.5178
2026-03-17,NOK,11.073
2026-03-17,NZD,1.9693
2026-03-17,PHP,68.677
2026-03-17,PLN,4.2593
2026-03-17,RON,5.0915
2026-03-17,SEK,10.7055
2026-03-17,SGD,1.4723
2026-03-17,THB,37.268
2026-03-17,TRY,50.973
2026-03-17,USD,1.1531
2026-03-17,ZAR,19.2092
2026-03-18,AUD,1.6305
2026-03-18,BRL,6.0079
2026-03-18,CAD,1.5774
2026-03-18,CHF,0.9073
2026-03-18,CNY,7.9214
2026-03-18,CZK,24.467
2026-03-18,DKK,7.472
2026-03-18,GBP,0.86393
2026-03-18,HKD,9.0135
2026-03-18,HUF,392.83
2026-03-18,IDR,19543.1
2026-03-18,ILS,3.568
2026-03-18,INR,106.83
2026-03-18,ISK,143.6
2026-03-18,JPY,183.49
2026-03-18,KRW,1729.08
2026-03-18,MXN,20.3942
2026-03-18,MYR,4.504
2026-03-18,NOK,11.0205
2026-03-18,NZD,1.9763
2026-03-18,PHP,69.001
2026-03-18,PLN,4.2713
2026-03-18,RON,5.0938
2026-03-18,SEK,10.7778
2026-03-18,SGD,1.4734
2026-03-18,THB,37.565
2026-03-18,TRY,50.8539
2026-03-18,USD,1.15
2026-03-18,ZAR,19.4174
2026-03-19,AUD,1.6403
2026-03-19,BRL,6.0877
2026-03-19,CAD,1.577
2026-03-19,CHF,0.9121
2026-03-19,CNY,7.9279
2026-03-19,CZK,24.517
2026-03-19,DKK,7.4716
2026-03-19,GBP,0.86388
2026-03-19,HKD,8.9966
2026-03-19,HUF,394.3
2026-03-19,IDR,19485.57
2026-03-19,ILS,3.5997
2026-03-19,INR,107.133
2026-03-19,ISK,143.4
2026-03-19,JPY,182.46
2026-03-19,KRW,1725.2
2026-03-19,MXN,20.5858
2026-03-19,MYR,4.5259
2026-03-19,NOK,10.996
2026-03-19,NZD,1.98
2026-03-19,PHP,69.112
2026-03-19,PLN,4.2853
2026-03-19,RON,5.0972
2026-03-19,SEK,10.8065
2026-03-19,SGD,1.4744
2026-03-19,THB,37.805
2026-03-19,TRY,50.92
2026-03-19,USD,1.1489
2026-03-19,ZAR,19.6105
2026-03-20,AUD,1.6351
2026-03-20,BRL,6.0724
2026-03-20,CAD,1.5849
2026-03-20,CHF,0.9096
2026-03-20,CNY,7.9664
2026-03-20,CZK,24.505
2026-03-20,DKK,7.4712
2026-03-20,GBP,0.86438
2026-03-20,HKD,9.0545
2026-03-20,HUF,392.48
2026-03-20,IDR,19557.3
2026-03-20,ILS,3.5888
2026-03-20,INR,108.175
2026-03-20,ISK,143.8
2026-03-20,JPY,183.46
2026-03-20,KRW,1734.17
2026-03-20,MXN,20.5875
2026-03-20,MYR,4.5521
2026-03-20,NOK,11.029
2026-03-20,NZD,1.9723
2026-03-20,PHP,69.18
2026-03-20,PLN,4.2783
2026-03-20,RON,5.096
2026-03-20,SEK,10.7825
2026-03-20,SGD,1.4793
2026-03-20,THB,37.854
2026-03-20,TRY,51.197
2026-03-20,USD,1.1555
2026-03-20,ZAR,19.5117
2026-03-23,AUD,1.6519
2026-03-23,BRL,6.0989
2026-03-23,CAD,1.5896
2026-03-23,CHF,0.9124
2026-03-23,CNY,7.9916
2026-03-23,CZK,24.438
2026-03-23,DKK,7.4717
2026-03-23,GBP,0.8642
2026-03-23,HKD,9.0819
2026-03-23,HUF,388.45
2026-03-23,IDR,19593.01
2026-03-23,ILS,3.6121
2026-03-23,INR,108.099
2026-03-23,ISK,143.6
2026-03-23,JPY,183.86
2026-03-23,KRW,1724.93
2026-03-23,MXN,20.6021
2026-03-23,MYR,4.5682
2026-03-23,NOK,11.285
2026-03-23,NZD,1.9836
2026-03-23,PHP,69.162
2026-03-23,PLN,4.2643
2026-03-23,RON,5.0957
2026-03-23,SEK,10.8328
2026-03-23,SGD,1.4791
2026-03-23,THB,37.403
2026-03-23,TRY,51.3949
2026-03-23,USD,1.1596
2026-03-23,ZAR,19.4939
2026-03-24,AUD,1.6652
2026-03-24,BRL,6.0949
2026-03-24,CAD,1.591
2026-03-24,CHF,0.9145
2026-03-24,CNY,7.977
2026-03-24,CZK,24.477
2026-03-24,DKK,7.4711
2026-03-24,GBP,0.86541
2026-03-24,HKD,9.0575
2026-03-24,HUF,389.88
2026-03-24,IDR,19545.8
2026-03-24,ILS,3.6213
2026-03-24,INR,108.597
2026-03-24,ISK,144
2026-03-24,JPY,183.91
2026-03-24,KRW,1734.48
2026-03-24,MXN,20.6974
2026-03-24,MYR,4.5785
2026-03-24,NOK,11.2305
2026-03-24,NZD,1.9895
2026-03-24,PHP,69.395
2026-03-24,PLN,4.2743
2026-03-24,RON,5.0951
2026-03-24,SEK,10.8238
2026-03-24,SGD,1.4819
2026-03-24,THB,37.794
2026-03-24,TRY,51.3193
2026-03-24,USD,1.1572
2026-03-24,ZAR,19.7903
2026-03-25,AUD,1.6647
2026-03-25,BRL,6.0661
2026-03-25,CAD,1.5977
2026-03-25,CHF,0.9153
2026-03-25,CNY,7.9979
2026-03-25,CZK,24.437
2026-03-25,DKK,7.4717
2026-03-25,GBP,0.86558
2026-03-25,HKD,9.0637
2026-03-25,HUF,389.18
2026-03-25,IDR,19541.91
2026-03-25,ILS,3.6186
2026-03-25,INR,108.9005
2026-03-25,ISK,143.4
2026-03-25,JPY,184.27
2026-03-25,KRW,1735.94
2026-03-25,MXN,20.5936
2026-03-25,MYR,4.5962
2026-03-25,NOK,11.2855
2026-03-25,NZD,1.9921
2026-03-25,PHP,69.626
2026-03-25,PLN,4.2718
2026-03-25,RON,5.0947
2026-03-25,SEK,10.7715
2026-03-25,SGD,1.4829
2026-03-25,THB,37.778
2026-03-25,TRY,51.4188
2026-03-25,USD,1.1592
2026-03-25,ZAR,19.6061
2026-03-26,AUD,1.6693
2026-03-26,BRL,6.0425
2026-03-26,CAD,1.5964
2026-03-26,CHF,0.9151
2026-03-26,CNY,7.9737
2026-03-26,CZK,24.478
2026-03-26,DKK,7.472
2026-03-26,GBP,0.86515
2026-03-26,HKD,9.0281
2026-03-26,HUF,388.35
2026-03-26,IDR,19521.33
2026-03-26,ILS,3.6099
2026-03-26,INR,108.6045
2026-03-26,ISK,143.4
2026-03-26,JPY,184.19
2026-03-26,KRW,1738.14
2026-03-26,MXN,20.5603
2026-03-26,MYR,4.6087
2026-03-26,NOK,11.1265
2026-03-26,NZD,1.9958
2026-03-26,PHP,69.482
2026-03-26,PLN,4.2743
2026-03-26,RON,5.0973
2026-03-26,SEK,10.8405
2026-03-26,SGD,1.4821
2026-03-26,THB,37.963
2026-03-26,TRY,51.1946
2026-03-26,USD,1.1539
2026-03-26,ZAR,19.6829
2026-03-27,AUD,1.6731
2026-03-27,BRL,6.0535
2026-03-27,CAD,1.5974
2026-03-27,CHF,0.9178
2026-03-27,CNY,7.9626
2026-03-27,CZK,24.542
2026-03-27,DKK,7.4721
2026-03-27,GBP,0.8672
2026-03-27,HKD,9.0223
2026-03-27,HUF,389.73
2026-03-27,IDR,19559.03
2026-03-27,ILS,3.6329
2026-03-27,INR,109.1945
2026-03-27,ISK,143.6
2026-03-27,JPY,184.16
2026-03-27,KRW,1740.79
2026-03-27,MXN,20.7971
2026-03-27,MYR,4.6218
2026-03-27,NOK,11.1885
2026-03-27,NZD,2.0019
2026-03-27,PHP,69.752
2026-03-27,PLN,4.2875
2026-03-27,RON,5.0989
2026-03-27,SEK,10.878
2026-03-27,SGD,1.4831
2026-03-27,THB,37.949
2026-03-27,TRY,51.2001
2026-03-27,USD,1.1517
2026-03-27,ZAR,19.7984
2026-03-30,AUD,1.674
2026-03-30,BRL,6.0179
2026-03-30,CAD,1.5987
2026-03-30,CHF,0.9187
2026-03-30,CNY,7.937
2026-03-30,CZK,24.555
2026-03-30,DKK,7.4727
2026-03-30,GBP,0.86803
2026-03-30,HKD,8.9969
2026-03-30,HUF,389.53
2026-03-30,IDR,19542.9
2026-03-30,ILS,3.6278
2026-03-30,INR,108.7686
2026-03-30,ISK,143.4
2026-03-30,JPY,183.12
2026-03-30,KRW,1742.93
2026-03-30,MXN,20.7784
2026-03-30,MYR,4.6258
2026-03-30,NOK,11.198
2026-03-30,NZD,2.0068
2026-03-30,PHP,69.718
2026-03-30,PLN,4.2883
2026-03-30,RON,5.0976
2026-03-30,SEK,10.906
2026-03-30,SGD,1.4812
2026-03-30,THB,37.731
2026-03-30,TRY,51.0528
2026-03-30,USD,1.1484
2026-03-30,ZAR,19.7347
2026-03-31,AUD,1.6693
2026-03-31,BRL,6.0065
2026-03-31,CAD,1.6022
2026-03-31,CHF,0.9194
2026-03-31,CNY,7.9341
2026-03-31,CZK,24.514
2026-03-31,DKK,7.473
2026-03-31,GBP,0.86833
2026-03-31,HKD,9.0136
2026-03-31,HUF,384.88
2026-03-31,IDR,19506.24
2026-03-31,ILS,3.638
2026-03-31,INR,107.8788
2026-03-31,ISK,143.6
2026-03-31,JPY,183.39
2026-03-31,KRW,1753.22
2026-03-31,MXN,20.7101
2026-03-31,MYR,4.6555
2026-03-31,NOK,11.2125
2026-03-31,NZD,2.0061
2026-03-31,PHP,69.78
2026-03-31,PLN,4.289
2026-03-31,RON,5.0991
2026-03-31,SEK,10.943
2026-03-31,SGD,1.4811
2026-03-31,THB,37.667
2026-03-31,TRY,51.1433
2026-03-31,USD,1.1498
2026-03-31,ZAR,19.6271
2026-04-01,AUD,1.6689
2026-04-01,BRL,5.9879
2026-04-01,CAD,1.6124
2026-04-01,CHF,0.9191
2026-04-01,CNY,7.9771
2026-04-01,CZK,24.516
2026-04-01,DKK,7.4726
2026-04-01,GBP,0.87113
2026-04-01,HKD,9.0955
2026-04-01,HUF,381.9
2026-04-01,IDR,19629.34
2026-04-01,ILS,3.6325
2026-04-01,INR,108.424
2026-04-01,ISK,144
2026-04-01,JPY,183.73
2026-04-01,KRW,1746.33
2026-04-01,MXN,20.7188
2026-04-01,MYR,4.6733
2026-04-01,NOK,11.208
2026-04-01,NZD,2.0102
2026-04-01,PHP,69.845
2026-04-01,PLN,4.2793
2026-04-01,RON,5.0978
2026-04-01,SEK,10.888
2026-04-01,SGD,1.4875
2026-04-01,THB,37.728
2026-04-01,TRY,51.6037
2026-04-01,USD,1.1605
2026-04-01,ZAR,19.4745
2026-04-02,AUD,1.6771
2026-04-02,BRL,5.972
2026-04-02,CAD,1.603
2026-04-02,CHF,0.9213
2026-04-02,CNY,7.9495
2026-04-02,CZK,24.54
2026-04-02,DKK,7.4722
2026-04-02,GBP,0.87253
2026-04-02,HKD,9.0325
2026-04-02,HUF,383.93
2026-04-02,IDR,19604.77
2026-04-02,ILS,3.6342
2026-04-02,INR,107.3
2026-04-02,ISK,144.4
2026-04-02,JPY,183.94
2026-04-02,KRW,1747.94
2026-04-02,MXN,20.6749
2026-04-02,MYR,4.6549
2026-04-02,NOK,11.2285
2026-04-02,NZD,2.0191
2026-04-02,PHP,69.86
2026-04-02,PLN,4.2855
2026-04-02,RON,5.0983
2026-04-02,SEK,10.948
2026-04-02,SGD,1.4834
2026-04-02,THB,37.762
2026-04-02,TRY,51.2795
2026-04-02,USD,1.1525
2026-04-02,ZAR,19.6061
2026-04-07,AUD,1.6665
2026-04-07,BRL,5.9506
2026-04-07,CAD,1.6078
2026-04-07,CHF,0.9242
2026-04-07,CNY,7.9251
2026-04-07,CZK,24.531
2026-04-07,DKK,7.4725
2026-04-07,GBP,0.87258
2026-04-07,HKD,9.0564
2026-04-07,HUF,382.3
2026-04-07,IDR,19727.97
2026-04-07,ILS,3.6361
2026-04-07,INR,107.4895
2026-04-07,ISK,143.8
2026-04-07,JPY,184.73
2026-04-07,KRW,1730.56
2026-04-07,MXN,20.5167
2026-04-07,MYR,4.6586
2026-04-07,NOK,11.183
2026-04-07,NZD,2.0267
2026-04-07,PHP,69.628
2026-04-07,PLN,4.2753
2026-04-07,RON,5.0954
2026-04-07,SEK,10.99
2026-04-07,SGD,1.4847
2026-04-07,THB,37.687
2026-04-07,TRY,51.5551
2026-04-07,USD,1.1557
2026-04-07,ZAR,19.5192
2026-04-08,AUD,1.6589
2026-04-08,BRL,5.9488
2026-04-08,CAD,1.6225
2026-04-08,CHF,0.9223
2026-04-08,CNY,7.9948
2026-04-08,CZK,24.38
2026-04-08,DKK,7.4728
2026-04-08,GBP,0.86893
2026-04-08,HKD,9.1685
2026-04-08,HUF,375.63
2026-04-08,IDR,19872.46
2026-04-08,ILS,3.6016
2026-04-08,INR,107.9533
2026-04-08,ISK,143.8
2026-04-08,JPY,185.13
2026-04-08,KRW,1725.73
2026-04-08,MXN,20.3696
2026-04-08,MYR,4.6543
2026-04-08,NOK,11.1535
2026-04-08,NZD,2.0055
2026-04-08,PHP,69.531
2026-04-08,PLN,4.2538
2026-04-08,RON,5.0952
2026-04-08,SEK,10.784
2026-04-08,SGD,1.49
2026-04-08,THB,37.313
2026-04-08,TRY,52.0707
2026-04-08,USD,1.1706
2026-04-08,ZAR,19.093
2026-04-09,AUD,1.6593
2026-04-09,BRL,5.9584
2026-04-09,CAD,1.6175
2026-04-09,CHF,0.924
2026-04-09,CNY,7.9863
2026-04-09,CZK,24.401
2026-04-09,DKK,7.4728
2026-04-09,GBP,0.87053
2026-04-09,HKD,9.1551
2026-04-09,HUF,377.08
2026-04-09,IDR,19978.14
2026-04-09,ILS,3.6029
2026-04-09,INR,108.2738
2026-04-09,ISK,143.6
2026-04-09,JPY,185.7
2026-04-09,KRW,1728.78
2026-04-09,MXN,20.3739
2026-04-09,MYR,4.6541
2026-04-09,NOK,11.1265
2026-04-09,NZD,2.0019
2026-04-09,PHP,69.883
2026-04-09,PLN,4.2558
2026-04-09,RON,5.0932
2026-04-09,SEK,10.8765
2026-04-09,SGD,1.4891
2026-04-09,THB,37.503
2026-04-09,TRY,52.1047
2026-04-09,USD,1.1685
2026-04-09,ZAR,19.2009
2026-04-10,AUD,1.6561
2026-04-10,BRL,5.9191
2026-04-10,CAD,1.6187
2026-04-10,CHF,0.9241
2026-04-10,CNY,7.9967
2026-04-10,CZK,24.365
2026-04-10,DKK,7.4727
2026-04-10,GBP,0.87105
2026-04-10,HKD,9.1729
2026-04-10,HUF,377.2
2026-04-10,IDR,20020.25
2026-04-10,ILS,3.5709
2026-04-10,INR,108.7795
2026-04-10,ISK,143.29
2026-04-10,JPY,186.43
2026-04-10,KRW,1737.06
2026-04-10,MXN,20.3184
2026-04-10,MYR,4.6434
2026-04-10,NOK,11.1165
2026-04-10,NZD,2.0034
2026-04-10,PHP,70.088
2026-04-10,PLN,4.2435
2026-04-10,RON,5.0915
2026-04-10,SEK,10.836
2026-04-10,SGD,1.4919
2026-04-10,THB,37.592
2026-04-10,TRY,52.3147
2026-04-10,USD,1.1711
2026-04-10,ZAR,19.2389
2026-04-13,AUD,1.661
2026-04-13,BRL,5.874
2026-04-13,CAD,1.6177
2026-04-13,CHF,0.9242
2026-04-13,CNY,7.9827
2026-04-13,CZK,24.378
2026-04-13,DKK,7.4727
2026-04-13,GBP,0.87058
2026-04-13,HKD,9.1507
2026-04-13,HUF,366.9
2026-04-13,IDR,20082.05
2026-04-13,ILS,3.5787
2026-04-13,INR,109.047
2026-04-13,ISK,143.2
2026-04-13,JPY,186.75
2026-04-13,KRW,1740.86
2026-04-13,MXN,20.3203
2026-04-13,MYR,4.6444
2026-04-13,NOK,11.098
2026-04-13,NZD,2.0081
2026-04-13,PHP,70.356
2026-04-13,PLN,4.2543
2026-04-13,RON,5.092
2026-04-13,SEK,10.892
2026-04-13,SGD,1.4912
2026-04-13,THB,37.728
2026-04-13,TRY,52.2478
2026-04-13,USD,1.1684
2026-04-13,ZAR,19.3849
2026-04-14,AUD,1.6558
2026-04-14,BRL,5.8747
2026-04-14,CAD,1.6225
2026-04-14,CHF,0.921
2026-04-14,CNY,8.0379
2026-04-14,CZK,24.349
2026-04-14,DKK,7.4726
2026-04-14,GBP,0.86913
2026-04-14,HKD,9.2372
2026-04-14,HUF,363.85
2026-04-14,IDR,20202.65
2026-04-14,ILS,3.5567
2026-04-14,INR,109.7765
2026-04-14,ISK,143.8
2026-04-14,JPY,187.33
2026-04-14,KRW,1734.18
2026-04-14,MXN,20.3173
2026-04-14,MYR,4.6594
2026-04-14,NOK,11.101
2026-04-14,NZD,1.9992
2026-04-14,PHP,70.578
2026-04-14,PLN,4.2425
2026-04-14,RON,5.0903
2026-04-14,SEK,10.798
2026-04-14,SGD,1.4993
2026-04-14,THB,37.791
2026-04-14,TRY,52.7442
2026-04-14,USD,1.1793
2026-04-14,ZAR,19.2845
2026-04-15,AUD,1.6507
2026-04-15,BRL,5.8878
2026-04-15,CAD,1.6235
2026-04-15,CHF,0.922
2026-04-15,CNY,8.0353
2026-04-15,CZK,24.36
2026-04-15,DKK,7.473
2026-04-15,GBP,0.86935
2026-04-15,HKD,9.2289
2026-04-15,HUF,364.88
2026-04-15,IDR,20207.53
2026-04-15,ILS,3.5395
2026-04-15,INR,110.0695
2026-04-15,ISK,144
2026-04-15,JPY,187.41
2026-04-15,KRW,1740.02
2026-04-15,MXN,20.3859
2026-04-15,MYR,4.659
2026-04-15,NOK,11.12
2026-04-15,NZD,1.9978
2026-04-15,PHP,70.794
2026-04-15,PLN,4.2413
2026-04-15,RON,5.0911
2026-04-15,SEK,10.85
2026-04-15,SGD,1.4991
2026-04-15,THB,37.808
2026-04-15,TRY,52.6696
2026-04-15,USD,1.178
2026-04-15,ZAR,19.3368
2026-04-16,AUD,1.6425
2026-04-16,BRL,5.8771
2026-04-16,CAD,1.6174
2026-04-16,CHF,0.923
2026-04-16,CNY,8.0368
2026-04-16,CZK,24.349
2026-04-16,DKK,7.4731
2026-04-16,GBP,0.86993
2026-04-16,HKD,9.2195
2026-04-16,HUF,364.55
2026-04-16,IDR,20193.76
2026-04-16,ILS,3.5263
2026-04-16,INR,109.8595
2026-04-16,ISK,144.2
2026-04-16,JPY,187.31
2026-04-16,KRW,1739.62
2026-04-16,MXN,20.3467
2026-04-16,MYR,4.6586
2026-04-16,NOK,11.048
2026-04-16,NZD,1.9986
2026-04-16,PHP,70.666
2026-04-16,PLN,4.2423
2026-04-16,RON,5.0935
2026-04-16,SEK,10.804
2026-04-16,SGD,1.4985
2026-04-16,THB,37.685
2026-04-16,TRY,52.7417
2026-04-16,USD,1.1782
2026-04-16,ZAR,19.3046
2026-04-17,AUD,1.6438
2026-04-17,BRL,5.8707
2026-04-17,CAD,1.6129
2026-04-17,CHF,0.9231
2026-04-17,CNY,8.0483
2026-04-17,CZK,24.317
2026-04-17,DKK,7.4734
2026-04-17,GBP,0.87168
2026-04-17,HKD,9.2382
2026-04-17,HUF,362.7
2026-04-17,IDR,20267.48
2026-04-17,ILS,3.5262
2026-04-17,INR,109.5025
2026-04-17,ISK,144
2026-04-17,JPY,187.72
2026-04-17,KRW,1744.76
2026-04-17,MXN,20.3144
2026-04-17,MYR,4.6628
2026-04-17,NOK,11.017
2026-04-17,NZD,2.0032
2026-04-17,PHP,70.865
2026-04-17,PLN,4.2328
2026-04-17,RON,5.0989
2026-04-17,SEK,10.803
2026-04-17,SGD,1.5009
2026-04-17,THB,37.839
2026-04-17,TRY,52.9272
2026-04-17,USD,1.1797
2026-04-17,ZAR,19.3293
2026-04-20,AUD,1.6432
2026-04-20,BRL,5.8601
2026-04-20,CAD,1.6105
2026-04-20,CHF,0.9189
2026-04-20,CNY,8.0176
2026-04-20,CZK,24.289
2026-04-20,DKK,7.4734
2026-04-20,GBP,0.87045
2026-04-20,HKD,9.2105
2026-04-20,HUF,362.48
2026-04-20,IDR,20144.41
2026-04-20,ILS,3.5228
2026-04-20,INR,109.4525
2026-04-20,ISK,143.2
2026-04-20,JPY,186.88
2026-04-20,KRW,1729.01
2026-04-20,MXN,20.4036
2026-04-20,MYR,4.6481
2026-04-20,NOK,10.9745
2026-04-20,NZD,2.0003
2026-04-20,PHP,70.411
2026-04-20,PLN,4.2335
2026-04-20,RON,5.0989
2026-04-20,SEK,10.7685
2026-04-20,SGD,1.4952
2026-04-20,THB,37.72
2026-04-20,TRY,52.7784
2026-04-20,USD,1.176
2026-04-20,ZAR,19.2275
2026-04-21,AUD,1.6423
2026-04-21,BRL,5.841
2026-04-21,CAD,1.607
2026-04-21,CHF,0.9172
2026-04-21,CNY,8.0202
2026-04-21,CZK,24.301
2026-04-21,DKK,7.4734
2026-04-21,GBP,0.87035
2026-04-21,HKD,9.214
2026-04-21,HUF,362.15
2026-04-21,IDR,20154.05
2026-04-21,ILS,3.5202
2026-04-21,INR,110.0275
2026-04-21,ISK,143.6
2026-04-21,JPY,187.14
2026-04-21,KRW,1729.57
2026-04-21,MXN,20.3666
2026-04-21,MYR,4.6491
2026-04-21,NOK,10.967
2026-04-21,NZD,1.9907
2026-04-21,PHP,70.407
2026-04-21,PLN,4.2295
2026-04-21,RON,5.0984
2026-04-21,SEK,10.7495
2026-04-21,SGD,1.4961
2026-04-21,THB,37.696
2026-04-21,TRY,52.8274
2026-04-21,USD,1.1767
2026-04-21,ZAR,19.262
2026-04-22,AUD,1.6404
2026-04-22,BRL,5.8333
2026-04-22,CAD,1.6034
2026-04-22,CHF,0.9175
2026-04-22,CNY,8.0071
2026-04-22,CZK,24.347
2026-04-22,DKK,7.4735
2026-04-22,GBP,0.86903
2026-04-22,HKD,9.1892
2026-04-22,HUF,365.54
2026-04-22,IDR,20179.88
2026-04-22,ILS,3.521
2026-04-22,INR,110.0605
2026-04-22,ISK,143.8
2026-04-22,JPY,186.81
2026-04-22,KRW,1734.2
2026-04-22,MXN,20.3207
2026-04-22,MYR,4.6375
2026-04-22,NOK,10.912
2026-04-22,NZD,1.9866
2026-04-22,PHP,70.578
2026-04-22,PLN,4.2468
2026-04-22,RON,5.0942
2026-04-22,SEK,10.776
2026-04-22,SGD,1.4945
2026-04-22,THB,37.786
2026-04-22,TRY,52.7102
2026-04-22,USD,1.1733
2026-04-22,ZAR,19.323
2026-04-23,AUD,1.6347
2026-04-23,BRL,5.8037
2026-04-23,CAD,1.5986
2026-04-23,CHF,0.9177
2026-04-23,CNY,7.9928
2026-04-23,CZK,24.353
2026-04-23,DKK,7.473
2026-04-23,GBP,0.86575
2026-04-23,HKD,9.16
2026-04-23,HUF,364.89
2026-04-23,IDR,20203.49
2026-04-23,ILS,3.5038
2026-04-23,INR,110.052
2026-04-23,ISK,143.8
2026-04-23,JPY,186.5
2026-04-23,KRW,1729.96
2026-04-23,MXN,20.291
2026-04-23,MYR,4.6349
2026-04-23,NOK,10.913
2026-04-23,NZD,1.9861
2026-04-23,PHP,70.651
2026-04-23,PLN,4.2428
2026-04-23,RON,5.0917
2026-04-23,SEK,10.7795
2026-04-23,SGD,1.4919
2026-04-23,THB,37.836
2026-04-23,TRY,52.5351
2026-04-23,USD,1.1694
2026-04-23,ZAR,19.2576
2026-04-24,AUD,1.6393
2026-04-24,BRL,5.8567
2026-04-24,CAD,1.6023
2026-04-24,CHF,0.9199
2026-04-24,CNY,8.0067
2026-04-24,CZK,24.373
2026-04-24,DKK,7.473
2026-04-24,GBP,0.86803
2026-04-24,HKD,9.1763
2026-04-24,HUF,365.5
2026-04-24,IDR,20195.76
2026-04-24,ILS,3.49
2026-04-24,INR,110.3885
2026-04-24,ISK,143.8
2026-04-24,JPY,186.71
2026-04-24,KRW,1729.91
2026-04-24,MXN,20.3646
2026-04-24,MYR,4.6438
2026-04-24,NOK,10.9525
2026-04-24,NZD,1.9939
2026-04-24,PHP,71.039
2026-04-24,PLN,4.2403
2026-04-24,RON,5.0915
2026-04-24,SEK,10.82
2026-04-24,SGD,1.4949
2026-04-24,THB,37.918
2026-04-24,TRY,52.731
2026-04-24,USD,1.1712
2026-04-24,ZAR,19.3974
2026-04-27,AUD,1.6337
2026-04-27,BRL,5.837
2026-04-27,CAD,1.5979
2026-04-27,CHF,0.921
2026-04-27,CNY,8.0165
2026-04-27,CZK,24.357
2026-04-27,DKK,7.4726
2026-04-27,GBP,0.8658
2026-04-27,HKD,9.208
2026-04-27,HUF,363.68
2026-04-27,IDR,20218.68
2026-04-27,ILS,3.4997
2026-04-27,INR,110.6745
2026-04-27,ISK,143.6
2026-04-27,JPY,187.06
2026-04-27,KRW,1728.54
2026-04-27,MXN,20.3899
2026-04-27,MYR,4.6438
2026-04-27,NOK,10.883
2026-04-27,NZD,1.9851
2026-04-27,PHP,71.385
2026-04-27,PLN,4.2443
2026-04-27,RON,5.0954
2026-04-27,SEK,10.7885
2026-04-27,SGD,1.4954
2026-04-27,THB,37.946
2026-04-27,TRY,52.8788
2026-04-27,USD,1.1749
2026-04-27,ZAR,19.3608
2026-04-28,AUD,1.6327
2026-04-28,BRL,5.842
2026-04-28,CAD,1.5974
2026-04-28,CHF,0.9238
2026-04-28,CNY,7.9877
2026-04-28,CZK,24.372
2026-04-28,DKK,7.4723
2026-04-28,GBP,0.86715
2026-04-28,HKD,9.1527
2026-04-28,HUF,365.3
2026-04-28,IDR,20188.41
2026-04-28,ILS,3.4919
2026-04-28,INR,110.426
2026-04-28,ISK,143.2
2026-04-28,JPY,186.58
2026-04-28,KRW,1725.01
2026-04-28,MXN,20.3893
2026-04-28,MYR,4.6159
2026-04-28,NOK,10.8875
2026-04-28,NZD,1.9905
2026-04-28,PHP,71.58
2026-04-28,PLN,4.2478
2026-04-28,RON,5.0933
2026-04-28,SEK,10.8485
2026-04-28,SGD,1.493
2026-04-28,THB,38.024
2026-04-28,TRY,52.6239
2026-04-28,USD,1.168
2026-04-28,ZAR,19.4289
2026-04-29,AUD,1.6344
2026-04-29,BRL,5.8359
2026-04-29,CAD,1.6007
2026-04-29,CHF,0.9236
2026-04-29,CNY,7.9993
2026-04-29,CZK,24.382
2026-04-29,DKK,7.4727
2026-04-29,GBP,0.86643
2026-04-29,HKD,9.1736
2026-04-29,HUF,363.88
2026-04-29,IDR,20308.33
2026-04-29,ILS,3.4656
2026-04-29,INR,111.0315
2026-04-29,ISK,143.6
2026-04-29,JPY,187.05
2026-04-29,KRW,1730.59
2026-04-29,MXN,20.367
2026-04-29,MYR,4.6268
2026-04-29,NOK,10.862
2026-04-29,NZD,1.9981
2026-04-29,PHP,72.111
2026-04-29,PLN,4.2518
2026-04-29,RON,5.0981
2026-04-29,SEK,10.8405
2026-04-29,SGD,1.4952
2026-04-29,THB,38.226
2026-04-29,TRY,52.7585
2026-04-29,USD,1.1706
2026-04-29,ZAR,19.4303
2026-04-30,AUD,1.6371
2026-04-30,BRL,5.8292
2026-04-30,CAD,1.5994
2026-04-30,CHF,0.919
2026-04-30,CNY,7.991
2026-04-30,CZK,24.366
2026-04-30,DKK,7.4716
2026-04-30,GBP,0.86625
2026-04-30,HKD,9.1662
2026-04-30,HUF,364.85
2026-04-30,IDR,20297.94
2026-04-30,ILS,3.4553
2026-04-30,INR,111.0695
2026-04-30,ISK,144
2026-04-30,JPY,183.21
2026-04-30,KRW,1728.39
2026-04-30,MXN,20.4973
2026-04-30,MYR,4.6457
2026-04-30,NOK,10.9123
2026-04-30,NZD,1.9957
2026-04-30,PHP,71.918
2026-04-30,PLN,4.2605
2026-04-30,RON,5.1823
2026-04-30,SEK,10.8555
2026-04-30,SGD,1.4934
2026-04-30,THB,38.084
2026-04-30,TRY,52.8757
2026-04-30,USD,1.1702
2026-04-30,ZAR,19.648
2026-05-04,AUD,1.6289
2026-05-04,BRL,5.8103
2026-05-04,CAD,1.593
2026-05-04,CHF,0.9173
2026-05-04,CNY,7.9914
2026-05-04,CZK,24.393
2026-05-04,DKK,7.4725
2026-05-04,GBP,0.86358
2026-05-04,HKD,9.1647
2026-05-04,HUF,363.33
2026-05-04,IDR,20368.53
2026-05-04,ILS,3.4651
2026-05-04,INR,111.2585
2026-05-04,ISK,143.6
2026-05-04,JPY,183.83
2026-05-04,KRW,1722.28
2026-05-04,MXN,20.4637
2026-05-04,MYR,4.625
2026-05-04,NOK,10.828
2026-05-04,NZD,1.9874
2026-05-04,PHP,72.123
2026-05-04,PLN,4.257
2026-05-04,RON,5.1977
2026-05-04,SEK,10.835
2026-05-04,SGD,1.4927
2026-05-04,THB,38.171
2026-05-04,TRY,52.8853
2026-05-04,USD,1.17
2026-05-04,ZAR,19.568
2026-05-05,AUD,1.6299
2026-05-05,BRL,5.7875
2026-05-05,CAD,1.591
2026-05-05,CHF,0.9165
2026-05-05,CNY,7.9818
2026-05-05,CZK,24.38
2026-05-05,DKK,7.4728
2026-05-05,GBP,0.86343
2026-05-05,HKD,9.1577
2026-05-05,HUF,362.83
2026-05-05,IDR,20395.93
2026-05-05,ILS,3.4395
2026-05-05,INR,111.35
2026-05-05,ISK,143.4
2026-05-05,JPY,184.42
2026-05-05,KRW,1721.29
2026-05-05,MXN,20.3819
2026-05-05,MYR,4.6306
2026-05-05,NOK,10.8055
2026-05-05,NZD,1.9876
2026-05-05,PHP,71.995
2026-05-05,PLN,4.2543
2026-05-05,RON,5.2194
2026-05-05,SEK,10.84
2026-05-05,SGD,1.4925
2026-05-05,THB,38.143
2026-05-05,TRY,52.8435
2026-05-05,USD,1.1686
2026-05-05,ZAR,19.5044
2026-05-06,AUD,1.6238
2026-05-06,BRL,5.7742
2026-05-06,CAD,1.5999
2026-05-06,CHF,0.9165
2026-05-06,CNY,8.0113
2026-05-06,CZK,24.34
2026-05-06,DKK,7.4725
2026-05-06,GBP,0.8637
2026-05-06,HKD,9.2163
2026-05-06,HUF,359.15
2026-05-06,IDR,20381.49
2026-05-06,ILS,3.418
2026-05-06,INR,111.2865
2026-05-06,ISK,143.6
2026-05-06,JPY,183.74
2026-05-06,KRW,1703.26
2026-05-06,MXN,20.3017
2026-05-06,MYR,4.6166
2026-05-06,NOK,10.898
2026-05-06,NZD,1.9713
2026-05-06,PHP,71.463
2026-05-06,PLN,4.233
2026-05-06,RON,5.2598
2026-05-06,SEK,10.8335
2026-05-06,SGD,1.4917
2026-05-06,THB,37.856
2026-05-06,TRY,53.1933
2026-05-06,USD,1.1762
2026-05-06,ZAR,19.2959
2026-05-07,AUD,1.6219
2026-05-07,BRL,5.787
2026-05-07,CAD,1.604
2026-05-07,CHF,0.9157
2026-05-07,CNY,8.0058
2026-05-07,CZK,24.306
2026-05-07,DKK,7.4726
2026-05-07,GBP,0.8641
2026-05-07,HKD,9.218
2026-05-07,HUF,355.85
2026-05-07,IDR,20360.28
2026-05-07,ILS,3.4222
2026-05-07,INR,110.938
2026-05-07,ISK,143.8
2026-05-07,JPY,184.07
2026-05-07,KRW,1707.4
2026-05-07,MXN,20.2473
2026-05-07,MYR,4.6021
2026-05-07,NOK,10.8675
2026-05-07,NZD,1.9686
2026-05-07,PHP,71.061
2026-05-07,PLN,4.227
2026-05-07,RON,5.2646
2026-05-07,SEK,10.825
2026-05-07,SGD,1.4898
2026-05-07,THB,37.835
2026-05-07,TRY,53.2386
2026-05-07,USD,1.177
2026-05-07,ZAR,19.1354
2026-05-08,AUD,1.6259
2026-05-08,BRL,5.7794
2026-05-08,CAD,1.6063
2026-05-08,CHF,0.9156
2026-05-08,CNY,7.9989
2026-05-08,CZK,24.304
2026-05-08,DKK,7.4726
2026-05-08,GBP,0.8641
2026-05-08,HKD,9.2067
2026-05-08,HUF,356.15
2026-05-08,IDR,20424.09
2026-05-08,ILS,3.4167
2026-05-08,INR,111.1285
2026-05-08,ISK,143.8
2026-05-08,JPY,184.37
2026-05-08,KRW,1725.08
2026-05-08,MXN,20.2716
2026-05-08,MYR,4.6115
2026-05-08,NOK,10.8215
2026-05-08,NZD,1.9735
2026-05-08,PHP,71.136
2026-05-08,PLN,4.2318
2026-05-08,RON,5.2235
2026-05-08,SEK,10.842
2026-05-08,SGD,1.4911
2026-05-08,THB,37.897
2026-05-08,TRY,53.3534
2026-05-08,USD,1.1761
2026-05-08,ZAR,19.3109
2026-05-11,AUD,1.6249
2026-05-11,BRL,5.7671
2026-05-11,CAD,1.6079
2026-05-11,CHF,0.9163
2026-05-11,CNY,7.9961
2026-05-11,CZK,24.333
2026-05-11,DKK,7.4726
2026-05-11,GBP,0.86488
2026-05-11,HKD,9.2112
2026-05-11,HUF,356.03
2026-05-11,IDR,20500.04
2026-05-11,ILS,3.4206
2026-05-11,INR,112.1385
2026-05-11,ISK,143.8
2026-05-11,JPY,184.87
2026-05-11,KRW,1732.87
2026-05-11,MXN,20.2592
2026-05-11,MYR,4.6148
2026-05-11,NOK,10.8275
2026-05-11,NZD,1.9785
2026-05-11,PHP,71.683
2026-05-11,PLN,4.2398
2026-05-11,RON,5.2105
2026-05-11,SEK,10.8765
2026-05-11,SGD,1.4938
2026-05-11,THB,38.136
2026-05-11,TRY,53.386
2026-05-11,USD,1.1765
2026-05-11,ZAR,19.3488
2026-05-12,AUD,1.6252
2026-05-12,BRL,5.7561
2026-05-12,CAD,1.6088
2026-05-12,CHF,0.9172
2026-05-12,CNY,7.9726
2026-05-12,CZK,24.324
2026-05-12,DKK,7.4729
2026-05-12,GBP,0.86803
2026-05-12,HKD,9.1887
2026-05-12,HUF,357.23
2026-05-12,IDR,20538.21
2026-05-12,ILS,3.4163
2026-05-12,INR,112.2585
2026-05-12,ISK,143.8
2026-05-12,JPY,184.98
2026-05-12,KRW,1747.64
2026-05-12,MXN,20.2454
2026-05-12,MYR,4.6177
2026-05-12,NOK,10.771
2026-05-12,NZD,1.9743
2026-05-12,PHP,72.152
2026-05-12,PLN,4.248
2026-05-12,RON,5.2045
2026-05-12,SEK,10.8935
2026-05-12,SGD,1.4937
2026-05-12,THB,38.055
2026-05-12,TRY,53.2905
2026-05-12,USD,1.1738
2026-05-12,ZAR,19.399
2026-05-13,AUD,1.6158
2026-05-13,BRL,5.7449
2026-05-13,CAD,1.6039
2026-05-13,CHF,0.9155
2026-05-13,CNY,7.9556
2026-05-13,CZK,24.347
2026-05-13,DKK,7.4738
2026-05-13,GBP,0.86713
2026-05-13,HKD,9.1735
2026-05-13,HUF,358.7
2026-05-13,IDR,20496.97
2026-05-13,ILS,3.4066
2026-05-13,INR,112.0793
2026-05-13,ISK,143.6
2026-05-13,JPY,184.83
2026-05-13,KRW,1743.87
2026-05-13,MXN,20.1774
2026-05-13,MYR,4.6046
2026-05-13,NOK,10.7415
2026-05-13,NZD,1.9749
2026-05-13,PHP,71.925
2026-05-13,PLN,4.2513
2026-05-13,RON,5.2061
2026-05-13,SEK,10.915
2026-05-13,SGD,1.4904
2026-05-13,THB,37.88
2026-05-13,TRY,53.2069
2026-05-13,USD,1.1715
2026-05-13,ZAR,19.2712
2026-05-14,AUD,1.6162
2026-05-14,BRL,5.8475
2026-05-14,CAD,1.606
2026-05-14,CHF,0.915
2026-05-14,CNY,7.94
2026-05-14,CZK,24.302
2026-05-14,DKK,7.4729
2026-05-14,GBP,0.86618
2026-05-14,HKD,9.1662
2026-05-14,HUF,357.43
2026-05-14,IDR,20437.54
2026-05-14,ILS,3.3998
2026-05-14,INR,112.0675
2026-05-14,ISK,143.6
2026-05-14,JPY,184.83
2026-05-14,KRW,1745.62
2026-05-14,MXN,20.1255
2026-05-14,MYR,4.6006
2026-05-14,NOK,10.798
2026-05-14,NZD,1.9734
2026-05-14,PHP,71.998
2026-05-14,PLN,4.2378
2026-05-14,RON,5.2054
2026-05-14,SEK,10.9145
2026-05-14,SGD,1.4901
2026-05-14,THB,37.815
2026-05-14,TRY,53.1677
2026-05-14,USD,1.1702
2026-05-14,ZAR,19.1994
2026-05-15,AUD,1.6265
2026-05-15,BRL,5.8517
2026-05-15,CAD,1.5995
2026-05-15,CHF,0.9144
2026-05-15,CNY,7.9194
2026-05-15,CZK,24.333
2026-05-15,DKK,7.4728
2026-05-15,GBP,0.8705
2026-05-15,HKD,9.1065
2026-05-15,HUF,359.78
2026-05-15,IDR,20452.14
2026-05-15,ILS,3.3977
2026-05-15,INR,111.594
2026-05-15,ISK,143.6
2026-05-15,JPY,184.36
2026-05-15,KRW,1743.76
2026-05-15,MXN,20.2024
2026-05-15,MYR,4.5942
2026-05-15,NOK,10.845
2026-05-15,NZD,1.9908
2026-05-15,PHP,71.738
2026-05-15,PLN,4.2465
2026-05-15,RON,5.2166
2026-05-15,SEK,10.982
2026-05-15,SGD,1.4884
2026-05-15,THB,37.989
2026-05-15,TRY,52.9598
2026-05-15,USD,1.1628
2026-05-15,ZAR,19.3739
2026-05-18,AUD,1.6256
2026-05-18,BRL,5.8697
2026-05-18,CAD,1.6006
2026-05-18,CHF,0.9144
2026-05-18,CNY,7.9209
2026-05-18,CZK,24.321
2026-05-18,DKK,7.4733
2026-05-18,GBP,0.8702
2026-05-18,HKD,9.1211
2026-05-18,HUF,361.08
2026-05-18,IDR,20597.22
2026-05-18,ILS,3.3862
2026-05-18,INR,112.2285
2026-05-18,ISK,143.4
2026-05-18,JPY,184.93
2026-05-18,KRW,1744.64
2026-05-18,MXN,20.1417
2026-05-18,MYR,4.6324
2026-05-18,NOK,10.8005
2026-05-18,NZD,1.9858
2026-05-18,PHP,71.851
2026-05-18,PLN,4.2443
2026-05-18,RON,5.2092
2026-05-18,SEK,10.9465
2026-05-18,SGD,1.4895
2026-05-18,THB,37.967
2026-05-18,TRY,53.0915
2026-05-18,USD,1.1648
2026-05-18,ZAR,19.3632
2026-05-19,AUD,1.6327
2026-05-19,BRL,5.837
2026-05-19,CAD,1.5985
2026-05-19,CHF,0.915
2026-05-19,CNY,7.9087
2026-05-19,CZK,24.297
2026-05-19,DKK,7.4731
2026-05-19,GBP,0.86671
2026-05-19,HKD,9.1015
2026-05-19,HUF,360.65
2026-05-19,IDR,20617.42
2026-05-19,ILS,3.3891
2026-05-19,INR,112.1815
2026-05-19,ISK,143.4
2026-05-19,JPY,184.89
2026-05-19,KRW,1753.17
2026-05-19,MXN,20.152
2026-05-19,MYR,4.6219
2026-05-19,NOK,10.7635
2026-05-19,NZD,1.988
2026-05-19,PHP,71.72
2026-05-19,PLN,4.2435
2026-05-19,RON,5.2273
2026-05-19,SEK,10.909
2026-05-19,SGD,1.4887
2026-05-19,THB,37.951
2026-05-19,TRY,52.9565
2026-05-19,USD,1.162
2026-05-19,ZAR,19.3449
2026-05-20,AUD,1.6271
2026-05-20,BRL,5.8347
2026-05-20,CAD,1.5959
2026-05-20,CHF,0.9165
2026-05-20,CNY,7.8912
2026-05-20,CZK,24.322
2026-05-20,DKK,7.4732
2026-05-20,GBP,0.86555
2026-05-20,HKD,9.0861
2026-05-20,HUF,361.3
2026-05-20,IDR,20532.64
2026-05-20,ILS,3.391
2026-05-20,INR,112.317
2026-05-20,ISK,143.4
2026-05-20,JPY,184.48
2026-05-20,KRW,1746.31
2026-05-20,MXN,20.1472
2026-05-20,MYR,4.6052
2026-05-20,NOK,10.764
2026-05-20,NZD,1.9841
2026-05-20,PHP,71.568
2026-05-20,PLN,4.255
2026-05-20,RON,5.2333
2026-05-20,SEK,10.8775
2026-05-20,SGD,1.4852
2026-05-20,THB,37.903
2026-05-20,TRY,52.8803
2026-05-20,USD,1.16
2026-05-20,ZAR,19.2485
2026-05-21,AUD,1.6273
2026-05-21,BRL,5.8134
2026-05-21,CAD,1.5972
2026-05-21,CHF,0.9145
2026-05-21,CNY,7.8899
2026-05-21,CZK,24.292
2026-05-21,DKK,7.473
2026-05-21,GBP,0.86433
2026-05-21,HKD,9.0873
2026-05-21,HUF,360.53
2026-05-21,IDR,20504.02
2026-05-21,ILS,3.3821
2026-05-21,INR,111.5885
2026-05-21,ISK,143.4
2026-05-21,JPY,184.59
2026-05-21,KRW,1749.99
2026-05-21,MXN,20.1257
2026-05-21,MYR,4.5961
2026-05-21,NOK,10.7075
2026-05-21,NZD,1.9802
2026-05-21,PHP,71.447
2026-05-21,PLN,4.2483
2026-05-21,RON,5.2435
2026-05-21,SEK,10.8615
2026-05-21,SGD,1.4848
2026-05-21,THB,37.911
2026-05-21,TRY,52.9055
2026-05-21,USD,1.1599
2026-05-21,ZAR,19.2009
2026-05-22,AUD,1.6283
2026-05-22,BRL,5.8165
2026-05-22,CAD,1.6002
2026-05-22,CHF,0.9119
2026-05-22,CNY,7.8791
2026-05-22,CZK,24.289
2026-05-22,DKK,7.4731
2026-05-22,GBP,0.86418
2026-05-22,HKD,9.0865
2026-05-22,HUF,359.08
2026-05-22,IDR,20516.54
2026-05-22,ILS,3.3569
2026-05-22,INR,110.9585
2026-05-22,ISK,143.6
2026-05-22,JPY,184.53
2026-05-22,KRW,1759.6
2026-05-22,MXN,20.1045
2026-05-22,MYR,4.6009
2026-05-22,NOK,10.7295
2026-05-22,NZD,1.9817
2026-05-22,PHP,71.45
2026-05-22,PLN,4.242
2026-05-22,RON,5.249
2026-05-22,SEK,10.8695
2026-05-22,SGD,1.4846
2026-05-22,THB,37.875
2026-05-22,TRY,53.0067
2026-05-22,USD,1.1595
2026-05-22,ZAR,19.1045
2026-05-25,AUD,1.624
2026-05-25,BRL,5.8245
2026-05-25,CAD,1.6082
2026-05-25,CHF,0.9099
2026-05-25,CNY,7.899
2026-05-25,CZK,24.259
2026-05-25,DKK,7.4719
2026-05-25,GBP,0.86255
2026-05-25,HKD,9.1214
2026-05-25,HUF,356.35
2026-05-25,IDR,20647.99
2026-05-25,ILS,3.3646
2026-05-25,INR,110.887
2026-05-25,ISK,143.6
2026-05-25,JPY,185.04
2026-05-25,KRW,1762.46
2026-05-25,MXN,20.1052
2026-05-25,MYR,4.6019
2026-05-25,NOK,10.766
2026-05-25,NZD,1.982
2026-05-25,PHP,71.355
2026-05-25,PLN,4.2345
2026-05-25,RON,5.2451
2026-05-25,SEK,10.7965
2026-05-25,SGD,1.4873
2026-05-25,THB,37.816
2026-05-25,TRY,53.225
2026-05-25,USD,1.1643
2026-05-25,ZAR,19.0121
2026-05-26,AUD,1.6236
2026-05-26,BRL,5.8404
2026-05-26,CAD,1.6069
2026-05-26,CHF,0.9136
2026-05-26,CNY,7.8939
2026-05-26,CZK,24.257
2026-05-26,DKK,7.4721
2026-05-26,GBP,0.86375
2026-05-26,HKD,9.1161
2026-05-26,HUF,355.35
2026-05-26,IDR,20749.01
2026-05-26,ILS,3.324
2026-05-26,INR,111.32
2026-05-26,ISK,143.6
2026-05-26,JPY,185.22
2026-05-26,KRW,1751.27
2026-05-26,MXN,20.1134
2026-05-26,MYR,4.6129
2026-05-26,NOK,10.772
2026-05-26,NZD,1.9913
2026-05-26,PHP,71.607
2026-05-26,PLN,4.2315
2026-05-26,RON,5.2385
2026-05-26,SEK,10.8245
2026-05-26,SGD,1.4866
2026-05-26,THB,37.997
2026-05-26,TRY,53.407
2026-05-26,USD,1.1634
2026-05-26,ZAR,19.03
2026-05-27,AUD,1.6321
2026-05-27,BRL,5.8718
2026-05-27,CAD,1.6099
2026-05-27,CHF,0.9153
2026-05-27,CNY,7.8923
2026-05-27,CZK,24.284
2026-05-27,DKK,7.4726
2026-05-27,GBP,0.86618
2026-05-27,HKD,9.1173
2026-05-27,HUF,354.83
2026-05-27,IDR,20757.15
2026-05-27,ILS,3.3002
2026-05-27,INR,111.365
2026-05-27,ISK,143.4
2026-05-27,JPY,185.52
2026-05-27,KRW,1745.2
2026-05-27,MXN,20.1544
2026-05-27,MYR,4.6141
2026-05-27,NOK,10.797
2026-05-27,NZD,1.9774
2026-05-27,PHP,71.515
2026-05-27,PLN,4.2365
2026-05-27,RON,5.2379
2026-05-27,SEK,10.7895
2026-05-27,SGD,1.4869
2026-05-27,THB,37.96
2026-05-27,TRY,53.4194
2026-05-27,USD,1.1637
2026-05-27,ZAR,19.0375
2026-05-28,AUD,1.6318
2026-05-28,BRL,5.8928
2026-05-28,CAD,1.6094
2026-05-28,CHF,0.9167
2026-05-28,CNY,7.8762
2026-05-28,CZK,24.293
2026-05-28,DKK,7.4729
2026-05-28,GBP,0.86665
2026-05-28,HKD,9.1015
2026-05-28,HUF,355.28
2026-05-28,IDR,20737.51
2026-05-28,ILS,3.2955
2026-05-28,INR,111.1705
2026-05-28,ISK,143.2
2026-05-28,JPY,185.24
2026-05-28,KRW,1745.84
2026-05-28,MXN,20.2002
2026-05-28,MYR,4.6212
2026-05-28,NOK,10.794
2026-05-28,NZD,1.9713
2026-05-28,PHP,71.51
2026-05-28,PLN,4.2335
2026-05-28,RON,5.2481
2026-05-28,SEK,10.8215
2026-05-28,SGD,1.4865
2026-05-28,THB,37.988
2026-05-28,TRY,53.3213
2026-05-28,USD,1.1617
2026-05-28,ZAR,18.9939
2026-05-29,AUD,1.6238
2026-05-29,BRL,5.8747
2026-05-29,CAD,1.6074
2026-05-29,CHF,0.9111
2026-05-29,CNY,7.8793
2026-05-29,CZK,24.282
2026-05-29,DKK,7.4731
2026-05-29,GBP,0.86723
2026-05-29,HKD,9.1238
2026-05-29,HUF,353.69
2026-05-29,IDR,20745.24
2026-05-29,ILS,3.2682
2026-05-29,INR,110.6195
2026-05-29,ISK,143.4
2026-05-29,JPY,185.45
2026-05-29,KRW,1753.9
2026-05-29,MXN,20.1905
2026-05-29,MYR,4.6168
2026-05-29,NOK,10.7735
2026-05-29,NZD,1.9491
2026-05-29,PHP,71.694
2026-05-29,PLN,4.2275
2026-05-29,RON,5.2523
2026-05-29,SEK,10.772
2026-05-29,SGD,1.487
2026-05-29,THB,37.866
2026-05-29,TRY,53.4297
2026-05-29,USD,1.1644
2026-05-29,ZAR,18.8913
2026-06-01,AUD,1.6234
2026-06-01,BRL,5.8515
2026-06-01,CAD,1.6106
2026-06-01,CHF,0.9128
2026-06-01,CNY,7.8786
2026-06-01,CZK,24.285
2026-06-01,DKK,7.4737
2026-06-01,GBP,0.86493
2026-06-01,HKD,9.1271
2026-06-01,HUF,354.8
2026-06-01,IDR,20770.64
2026-06-01,ILS,3.2789
2026-06-01,INR,110.629
2026-06-01,ISK,143.8
2026-06-01,JPY,185.74
2026-06-01,KRW,1756.96
2026-06-01,MXN,20.1794
2026-06-01,MYR,4.6176
2026-06-01,NOK,10.7885
2026-06-01,NZD,1.9558
2026-06-01,PHP,71.916
2026-06-01,PLN,4.233
2026-06-01,RON,5.2531
2026-06-01,SEK,10.789
2026-06-01,SGD,1.4881
2026-06-01,THB,37.914
2026-06-01,TRY,53.4483
2026-06-01,USD,1.1646
2026-06-01,ZAR,18.9289
2026-06-02,AUD,1.6221
2026-06-02,BRL,5.831
2026-06-02,CAD,1.6119
2026-06-02,CHF,0.9149
2026-06-02,CNY,7.8778
2026-06-02,CZK,24.243
2026-06-02,DKK,7.474
2026-06-02,GBP,0.86465
2026-06-02,HKD,9.1298
2026-06-02,HUF,354.53
2026-06-02,IDR,20767.43
2026-06-02,ILS,3.3068
2026-06-02,INR,110.9845
2026-06-02,ISK,143.6
2026-06-02,JPY,186.09
2026-06-02,KRW,1767.33
2026-06-02,MXN,20.1334
2026-06-02,MYR,4.6188
2026-06-02,NOK,10.8
2026-06-02,NZD,1.9618
2026-06-02,PHP,71.832
2026-06-02,PLN,4.2345
2026-06-02,RON,5.2553
2026-06-02,SEK,10.825
2026-06-02,SGD,1.4892
2026-06-02,THB,37.958
2026-06-02,TRY,53.5
2026-06-02,USD,1.1649
2026-06-02,ZAR,18.8756
2026-06-03,AUD,1.6218
2026-06-03,BRL,5.8284
2026-06-03,CAD,1.6094
2026-06-03,CHF,0.9167
2026-06-03,CNY,7.862
2026-06-03,CZK,24.189
2026-06-03,DKK,7.4739
2026-06-03,GBP,0.8637
2026-06-03,HKD,9.1012
2026-06-03,HUF,354.85
2026-06-03,IDR,20860.72
2026-06-03,ILS,3.3288
2026-06-03,INR,111.1575
2026-06-03,ISK,143.4
2026-06-03,JPY,185.66
2026-06-03,KRW,1778.09
2026-06-03,MXN,20.0818
2026-06-03,MYR,4.6392
2026-06-03,NOK,10.7935
2026-06-03,NZD,1.9695
2026-06-03,PHP,71.737
2026-06-03,PLN,4.2383
2026-06-03,RON,5.2576
2026-06-03,SEK,10.884
2026-06-03,SGD,1.489
2026-06-03,THB,38.007
2026-06-03,TRY,53.3749
2026-06-03,USD,1.1614
2026-06-03,ZAR,18.8963
2026-06-04,AUD,1.6297
2026-06-04,BRL,5.8951
2026-06-04,CAD,1.6176
2026-06-04,CHF,0.9168
2026-06-04,CNY,7.8848
2026-06-04,CZK,24.218
2026-06-04,DKK,7.4742
2026-06-04,GBP,0.8649
2026-06-04,HKD,9.1185
2026-06-04,HUF,354.33
2026-06-04,IDR,20982.21
2026-06-04,ILS,3.3659
2026-06-04,INR,111.4945
2026-06-04,ISK,143.6
2026-06-04,JPY,186.01
2026-06-04,KRW,1783.85
2026-06-04,MXN,20.1172
2026-06-04,MYR,4.6711
2026-06-04,NOK,10.8445
2026-06-04,NZD,1.9791
2026-06-04,PHP,71.687
2026-06-04,PLN,4.2368
2026-06-04,RON,5.2581
2026-06-04,SEK,10.8803
2026-06-04,SGD,1.4929
2026-06-04,THB,37.949
2026-06-04,TRY,53.5137
2026-06-04,USD,1.164
2026-06-04,ZAR,18.9027
2026-06-05,AUD,1.6301
2026-06-05,BRL,5.8897
2026-06-05,CAD,1.6159
2026-06-05,CHF,0.9175
2026-06-05,CNY,7.8752
2026-06-05,CZK,24.165
2026-06-05,DKK,7.4743
2026-06-05,GBP,0.86433
2026-06-05,HKD,9.1185
2026-06-05,HUF,354.15
2026-06-05,IDR,21034.06
2026-06-05,ILS,3.3891
2026-06-05,INR,110.5215
2026-06-05,ISK,143.8
2026-06-05,JPY,186.08
2026-06-05,KRW,1793.64
2026-06-05,MXN,20.1029
2026-06-05,MYR,4.6886
2026-06-05,NOK,10.8445
2026-06-05,NZD,1.9806
2026-06-05,PHP,71.532
2026-06-05,PLN,4.2338
2026-06-05,RON,5.2456
2026-06-05,SEK,10.8675
2026-06-05,SGD,1.4939
2026-06-05,THB,37.987
2026-06-05,TRY,53.6425
2026-06-05,USD,1.164
2026-06-05,ZAR,18.9389
2026-06-08,AUD,1.6311
2026-06-08,BRL,5.9353
2026-06-08,CAD,1.6083
2026-06-08,CHF,0.9187
2026-06-08,CNY,7.8263
2026-06-08,CZK,24.231
2026-06-08,DKK,7.474
2026-06-08,GBP,0.8636
2026-06-08,HKD,9.0427
2026-06-08,HUF,355.55
2026-06-08,IDR,20945.62
2026-06-08,ILS,3.366
2026-06-08,INR,110.4475
2026-06-08,ISK,143.6
2026-06-08,JPY,184.6
2026-06-08,KRW,1763.26
2026-06-08,MXN,20.0945
2026-06-08,MYR,4.7008
2026-06-08,NOK,10.9165
2026-06-08,NZD,1.9792
2026-06-08,PHP,71.193
2026-06-08,PLN,4.2423
2026-06-08,RON,5.2432
2026-06-08,SEK,10.876
2026-06-08,SGD,1.4855
2026-06-08,THB,37.811
2026-06-08,TRY,53.1988
2026-06-08,USD,1.154
2026-06-08,ZAR,18.9991
2026-06-09,AUD,1.6391
2026-06-09,BRL,5.9751
2026-06-09,CAD,1.6111
2026-06-09,CHF,0.9206
2026-06-09,CNY,7.8367
2026-06-09,CZK,24.168
2026-06-09,DKK,7.4742
2026-06-09,GBP,0.8634
2026-06-09,HKD,9.0691
2026-06-09,HUF,355.33
2026-06-09,IDR,20773.82
2026-06-09,ILS,3.4077
2026-06-09,INR,110.3495
2026-06-09,ISK,143.6
2026-06-09,JPY,185.35
2026-06-09,KRW,1765.44
2026-06-09,MXN,20.1157
2026-06-09,MYR,4.6998
2026-06-09,NOK,10.9345
2026-06-09,NZD,1.981
2026-06-09,PHP,71.157
2026-06-09,PLN,4.2373
2026-06-09,RON,5.2381
2026-06-09,SEK,10.885
2026-06-09,SGD,1.4873
2026-06-09,THB,37.994
2026-06-09,TRY,53.372
2026-06-09,USD,1.1573
2026-06-09,ZAR,19.0416
2026-06-10,AUD,1.6475
2026-06-10,BRL,5.9896
2026-06-10,CAD,1.6073
2026-06-10,CHF,0.9222
2026-06-10,CNY,7.8243
2026-06-10,CZK,24.193
2026-06-10,DKK,7.4745
2026-06-10,GBP,0.86228
2026-06-10,HKD,9.0426
2026-06-10,HUF,356.58
2026-06-10,IDR,20666.12
2026-06-10,ILS,3.4368
2026-06-10,INR,109.9275
2026-06-10,ISK,143.4
2026-06-10,JPY,185.19
2026-06-10,KRW,1759.12
2026-06-10,MXN,20.1688
2026-06-10,MYR,4.6964
2026-06-10,NOK,10.952
2026-06-10,NZD,1.9879
2026-06-10,PHP,70.832
2026-06-10,PLN,4.249
2026-06-10,RON,5.2371
2026-06-10,SEK,10.9655
2026-06-10,SGD,1.4866
2026-06-10,THB,38.027
2026-06-10,TRY,53.2384
2026-06-10,USD,1.1539
2026-06-10,ZAR,19.1568
2026-06-11,AUD,1.6487
2026-06-11,BRL,5.9536
2026-06-11,CAD,1.6127
2026-06-11,CHF,0.9221
2026-06-11,CNY,7.8191
2026-06-11,CZK,24.192
2026-06-11,DKK,7.4743
2026-06-11,GBP,0.8633
2026-06-11,HKD,9.041
2026-06-11,HUF,355.1
2026-06-11,IDR,20736.6
2026-06-11,ILS,3.4137
2026-06-11,INR,110.484
2026-06-11,ISK,143.8
2026-06-11,JPY,185.21
2026-06-11,KRW,1764.62
2026-06-11,MXN,20.0653
2026-06-11,MYR,4.6921
2026-06-11,NOK,10.9895
2026-06-11,NZD,1.994
2026-06-11,PHP,70.76
2026-06-11,PLN,4.2518
2026-06-11,RON,5.2394
2026-06-11,SEK,10.9935
2026-06-11,SGD,1.4857
2026-06-11,THB,38.014
2026-06-11,TRY,53.2486
2026-06-11,USD,1.1537
2026-06-11,ZAR,19.0392
2026-06-12,AUD,1.6442
2026-06-12,BRL,5.9076
2026-06-12,CAD,1.618
2026-06-12,CHF,0.9217
2026-06-12,CNY,7.822
2026-06-12,CZK,24.171
2026-06-12,DKK,7.4744
2026-06-12,GBP,0.86305
2026-06-12,HKD,9.0633
2026-06-12,HUF,352.88
2026-06-12,IDR,20574.74
2026-06-12,ILS,3.3784
2026-06-12,INR,110.0195
2026-06-12,ISK,144.2
2026-06-12,JPY,185.3
2026-06-12,KRW,1758.43
2026-06-12,MXN,19.9234
2026-06-12,MYR,4.6933
2026-06-12,NOK,11.0255
2026-06-12,NZD,1.986
2026-06-12,PHP,70.315
2026-06-12,PLN,4.248
2026-06-12,RON,5.2358
2026-06-12,SEK,10.928
2026-06-12,SGD,1.4854
2026-06-12,THB,37.876
2026-06-12,TRY,53.5145
2026-06-12,USD,1.1567
2026-06-12,ZAR,18.8571
2026-06-15,AUD,1.6424
2026-06-15,BRL,5.8613
2026-06-15,CAD,1.6228
2026-06-15,CHF,0.9212
2026-06-15,CNY,7.8429
2026-06-15,CZK,24.146
2026-06-15,DKK,7.474
2026-06-15,GBP,0.86483
2026-06-15,HKD,9.093
2026-06-15,HUF,350.48
2026-06-15,IDR,20567.08
2026-06-15,ILS,3.3791
2026-06-15,INR,109.9355
2026-06-15,ISK,144.8
2026-06-15,JPY,185.93
2026-06-15,KRW,1757.65
2026-06-15,MXN,19.9772
2026-06-15,MYR,4.7014
2026-06-15,NOK,11.0555
2026-06-15,NZD,1.9882
2026-06-15,PHP,70.028
2026-06-15,PLN,4.246
2026-06-15,RON,5.2366
2026-06-15,SEK,10.8975
2026-06-15,SGD,1.4882
2026-06-15,THB,37.781
2026-06-15,TRY,53.7157
2026-06-15,USD,1.1607
2026-06-15,ZAR,18.8194
2026-06-16,AUD,1.6411
2026-06-16,BRL,5.8669
2026-06-16,CAD,1.6248
2026-06-16,CHF,0.9224
2026-06-16,CNY,7.8334
2026-06-16,CZK,24.148
2026-06-16,DKK,7.4747
2026-06-16,GBP,0.86471
2026-06-16,HKD,9.0821
2026-06-16,HUF,349.53
2026-06-16,IDR,20546.48
2026-06-16,ILS,3.3761
2026-06-16,INR,109.6335
2026-06-16,ISK,144.4
2026-06-16,JPY,185.94
2026-06-16,KRW,1749.36
2026-06-16,MXN,19.9448
2026-06-16,MYR,4.7164
2026-06-16,NOK,11.0465
2026-06-16,NZD,1.9906
2026-06-16,PHP,69.925
2026-06-16,PLN,4.2429
2026-06-16,RON,5.2325
2026-06-16,SEK,10.897
2026-06-16,SGD,1.4866
2026-06-16,THB,37.698
2026-06-16,TRY,53.6797
2026-06-16,USD,1.1594
2026-06-16,ZAR,18.7702
2026-06-17,AUD,1.6418
2026-06-17,BRL,5.8929
2026-06-17,CAD,1.6241
2026-06-17,CHF,0.9193
2026-06-17,CNY,7.8349
2026-06-17,CZK,24.147
2026-06-17,DKK,7.4749
2026-06-17,GBP,0.86463
2026-06-17,HKD,9.0821
2026-06-17,HUF,349.68
2026-06-17,IDR,20635.52
2026-06-17,ILS,3.3854
2026-06-17,INR,109.5745
2026-06-17,ISK,144.4
2026-06-17,JPY,185.82
2026-06-17,KRW,1758.45
2026-06-17,MXN,19.9487
2026-06-17,MYR,4.7152
2026-06-17,NOK,11.008
2026-06-17,NZD,1.9952
2026-06-17,PHP,70.054
2026-06-17,PLN,4.241
2026-06-17,RON,5.232
2026-06-17,SEK,10.891
2026-06-17,SGD,1.4876
2026-06-17,THB,37.804
2026-06-17,TRY,53.6863
2026-06-17,USD,1.1591
2026-06-17,ZAR,18.8026
2026-06-18,AUD,1.6362
2026-06-18,BRL,5.8989
2026-06-18,CAD,1.6189
2026-06-18,CHF,0.9218
2026-06-18,CNY,7.7609
2026-06-18,CZK,24.181
2026-06-18,DKK,7.4747
2026-06-18,GBP,0.86638
2026-06-18,HKD,8.9827
2026-06-18,HUF,352.8
2026-06-18,IDR,20487.11
2026-06-18,ILS,3.3734
2026-06-18,INR,108.1155
2026-06-18,ISK,144.4
2026-06-18,JPY,184.44
2026-06-18,KRW,1763.72
2026-06-18,MXN,19.9323
2026-06-18,MYR,4.7191
2026-06-18,NOK,11.105
2026-06-18,NZD,1.9889
2026-06-18,PHP,69.492
2026-06-18,PLN,4.258
2026-06-18,RON,5.2393
2026-06-18,SEK,10.9845
2026-06-18,SGD,1.4795
2026-06-18,THB,37.581
2026-06-18,TRY,53.2312
2026-06-18,USD,1.1461
2026-06-18,ZAR,18.8311
2026-06-19,AUD,1.6348
2026-06-19,BRL,5.9173
2026-06-19,CAD,1.6228
2026-06-19,CHF,0.9248
2026-06-19,CNY,7.7624
2026-06-19,CZK,24.227
2026-06-19,DKK,7.4746
2026-06-19,GBP,0.86653
2026-06-19,HKD,8.9887
2026-06-19,HUF,352.68
2026-06-19,IDR,20420.55
2026-06-19,ILS,3.3968
2026-06-19,INR,108.1675
2026-06-19,ISK,144
2026-06-19,JPY,184.88
2026-06-19,KRW,1757.1
2026-06-19,MXN,19.8796
2026-06-19,MYR,4.7439
2026-06-19,NOK,11.1045
2026-06-19,NZD,1.9967
2026-06-19,PHP,69.645
2026-06-19,PLN,4.2615
2026-06-19,RON,5.2396
2026-06-19,SEK,10.974
2026-06-19,SGD,1.4804
2026-06-19,THB,37.681
2026-06-19,TRY,53.2587
2026-06-19,USD,1.1467
2026-06-19,ZAR,18.8907
2026-06-22,AUD,1.6346
2026-06-22,BRL,5.902
2026-06-22,CAD,1.6223
2026-06-22,CHF,0.9257
2026-06-22,CNY,7.7612
2026-06-22,CZK,24.192
2026-06-22,DKK,7.4747
2026-06-22,GBP,0.86468
2026-06-22,HKD,8.981
2026-06-22,HUF,352.33
2026-06-22,IDR,20434.75
2026-06-22,ILS,3.4005
2026-06-22,INR,108.473
2026-06-22,ISK,144
2026-06-22,JPY,185.33
2026-06-22,KRW,1760.88
2026-06-22,MXN,19.8545
2026-06-22,MYR,4.7531
2026-06-22,NOK,11.074
2026-06-22,NZD,1.9991
2026-06-22,PHP,69.924
2026-06-22,PLN,4.268
2026-06-22,RON,5.2388
2026-06-22,SEK,10.998
2026-06-22,SGD,1.481
2026-06-22,THB,37.702
2026-06-22,TRY,53.2274
2026-06-22,USD,1.1456
2026-06-22,ZAR,18.8014
2026-06-23,AUD,1.6423
2026-06-23,BRL,5.8925
2026-06-23,CAD,1.6162
2026-06-23,CHF,0.9225
2026-06-23,CNY,7.7303
2026-06-23,CZK,24.206
2026-06-23,DKK,7.4749
2026-06-23,GBP,0.862
2026-06-23,HKD,8.9313
2026-06-23,HUF,354.58
2026-06-23,IDR,20416.12
2026-06-23,ILS,3.4141
2026-06-23,INR,107.928
2026-06-23,ISK,144
2026-06-23,JPY,184.02
2026-06-23,KRW,1749.98
2026-06-23,MXN,19.9201
2026-06-23,MYR,4.7169
2026-06-23,NOK,11.143
2026-06-23,NZD,2.0065
2026-06-23,PHP,69.551
2026-06-23,PLN,4.2825
2026-06-23,RON,5.2472
2026-06-23,SEK,11.0585
2026-06-23,SGD,1.4763
2026-06-23,THB,37.821
2026-06-23,TRY,52.9496
2026-06-23,USD,1.1392
2026-06-23,ZAR,18.7785
2026-06-24,AUD,1.6436
2026-06-24,BRL,5.8963
2026-06-24,CAD,1.614
2026-06-24,CHF,0.9216
2026-06-24,CNY,7.7236
2026-06-24,CZK,24.242
2026-06-24,DKK,7.4755
2026-06-24,GBP,0.86165
2026-06-24,HKD,8.891
2026-06-24,HUF,356.18
2026-06-24,IDR,20385.97
2026-06-24,ILS,3.3847
2026-06-24,INR,107.3605
2026-06-24,ISK,143.8
2026-06-24,JPY,183.35
2026-06-24,KRW,1753.65
2026-06-24,MXN,19.9807
2026-06-24,MYR,4.6925
2026-06-24,NOK,11.157
2026-06-24,NZD,2.0096
2026-06-24,PHP,69.605
2026-06-24,PLN,4.2878
2026-06-24,RON,5.2377
2026-06-24,SEK,11.085
2026-06-24,SGD,1.4722
2026-06-24,THB,37.91
2026-06-24,TRY,52.7186
2026-06-24,USD,1.134
2026-06-24,ZAR,18.8398
2026-06-25,AUD,1.6454
2026-06-25,BRL,5.9
2026-06-25,CAD,1.6151
2026-06-25,CHF,0.9223
2026-06-25,CNY,7.7105
2026-06-25,CZK,24.253
2026-06-25,DKK,7.4745
2026-06-25,GBP,0.86183
2026-06-25,HKD,8.8928
2026-06-25,HUF,355.53
2026-06-25,IDR,20395.3
2026-06-25,ILS,3.3753
2026-06-25,INR,107.0635
2026-06-25,ISK,144
2026-06-25,JPY,183.57
2026-06-25,KRW,1749.98
2026-06-25,MXN,20.006
2026-06-25,MYR,4.6701
2026-06-25,NOK,11.2175
2026-06-25,NZD,2.0115
2026-06-25,PHP,69.395
2026-06-25,PLN,4.2875
2026-06-25,RON,5.2318
2026-06-25,SEK,11.069
2026-06-25,SGD,1.4719
2026-06-25,THB,37.882
2026-06-25,TRY,52.757
2026-06-25,USD,1.1342
2026-06-25,ZAR,18.7841
2026-06-26,AUD,1.6518
2026-06-26,BRL,5.901
2026-06-26,CAD,1.6169
2026-06-26,CHF,0.9218
2026-06-26,CNY,7.7506
2026-06-26,CZK,24.266
2026-06-26,DKK,7.4746
2026-06-26,GBP,0.86253
2026-06-26,HKD,8.9408
2026-06-26,HUF,354.13
2026-06-26,IDR,20361.16
2026-06-26,ILS,3.4179
2026-06-26,INR,107.6305
2026-06-26,ISK,144
2026-06-26,JPY,184.3
2026-06-26,KRW,1751.73
2026-06-26,MXN,19.9695
2026-06-26,MYR,4.6602
2026-06-26,NOK,11.3035
2026-06-26,NZD,2.0181
2026-06-26,PHP,69.895
2026-06-26,PLN,4.2868
2026-06-26,RON,5.2411
2026-06-26,SEK,11.0775
2026-06-26,SGD,1.4755
2026-06-26,THB,38.051
2026-06-26,TRY,53.1573
2026-06-26,USD,1.1401
2026-06-26,ZAR,18.7666
2026-06-29,AUD,1.6531
2026-06-29,BRL,5.8899
2026-06-29,CAD,1.6201
2026-06-29,CHF,0.9222
2026-06-29,CNY,7.7492
2026-06-29,CZK,24.262
2026-06-29,DKK,7.4745
2026-06-29,GBP,0.86215
2026-06-29,HKD,8.9449
2026-06-29,HUF,354.33
2026-06-29,IDR,20362.79
2026-06-29,ILS,3.3942
2026-06-29,INR,107.838
2026-06-29,ISK,144
2026-06-29,JPY,184.62
2026-06-29,KRW,1760.8
2026-06-29,MXN,19.9324
2026-06-29,MYR,4.6434
2026-06-29,NOK,11.3295
2026-06-29,NZD,2.0175
2026-06-29,PHP,69.786
2026-06-29,PLN,4.2873
2026-06-29,RON,5.2418
2026-06-29,SEK,11.0865
2026-06-29,SGD,1.4754
2026-06-29,THB,37.919
2026-06-29,TRY,53.2001
2026-06-29,USD,1.1406
2026-06-29,ZAR,18.7233
2026-06-30,AUD,1.6544
2026-06-30,BRL,5.9003
2026-06-30,CAD,1.622
2026-06-30,CHF,0.9224
2026-06-30,CNY,7.7314
2026-06-30,CZK,24.256
2026-06-30,DKK,7.4744
2026-06-30,GBP,0.86178
2026-06-30,HKD,8.935
2026-06-30,HUF,356.3
2026-06-30,IDR,20398.91
2026-06-30,ILS,3.3953
2026-06-30,INR,107.8565
2026-06-30,ISK,144
2026-06-30,JPY,185.08
2026-06-30,KRW,1767.08
2026-06-30,MXN,19.903
2026-06-30,MYR,4.6544
2026-06-30,NOK,11.3105
2026-06-30,NZD,2.0136
2026-06-30,PHP,69.911
2026-06-30,PLN,4.2955
2026-06-30,RON,5.2439
2026-06-30,SEK,11.0935
2026-06-30,SGD,1.4754
2026-06-30,THB,37.862
2026-06-30,TRY,53.1642
2026-06-30,USD,1.1394
2026-06-30,ZAR,18.6544
2026-07-01,AUD,1.6518
2026-07-01,BRL,5.9048
2026-07-01,CAD,1.6191
2026-07-01,CHF,0.9234
2026-07-01,CNY,7.7342
2026-07-01,CZK,24.254
2026-07-01,DKK,7.4745
2026-07-01,GBP,0.85973
2026-07-01,HKD,8.9287
2026-07-01,HUF,355.83
2026-07-01,IDR,20444.89
2026-07-01,ILS,3.39
2026-07-01,INR,108.4215
2026-07-01,ISK,143.8
2026-07-01,JPY,185.21
2026-07-01,KRW,1773.57
2026-07-01,MXN,19.9591
2026-07-01,MYR,4.6602
2026-07-01,NOK,11.3125
2026-07-01,NZD,2.0069
2026-07-01,PHP,70.17
2026-07-01,PLN,4.2958
2026-07-01,RON,5.2367
2026-07-01,SEK,11.0955
2026-07-01,SGD,1.4762
2026-07-01,THB,38.002
2026-07-01,TRY,53.1266
2026-07-01,USD,1.1383
2026-07-01,ZAR,18.7064
2026-07-02,AUD,1.6546
2026-07-02,BRL,5.9286
2026-07-02,CAD,1.6203
2026-07-02,CHF,0.92
2026-07-02,CNY,7.7388
2026-07-02,CZK,24.216
2026-07-02,DKK,7.4747
2026-07-02,GBP,0.85665
2026-07-02,HKD,8.9414
2026-07-02,HUF,355.98
2026-07-02,IDR,20542.02
2026-07-02,ILS,3.4211
2026-07-02,INR,108.7435
2026-07-02,ISK,144
2026-07-02,JPY,184.19
2026-07-02,KRW,1765.53
2026-07-02,MXN,20.0153
2026-07-02,MYR,4.6508
2026-07-02,NOK,11.2885
2026-07-02,NZD,2.0101
2026-07-02,PHP,70.191
2026-07-02,PLN,4.29
2026-07-02,RON,5.2321
2026-07-02,SEK,11.0775
2026-07-02,SGD,1.4756
2026-07-02,THB,37.976
2026-07-02,TRY,53.2274
2026-07-02,USD,1.1399
2026-07-02,ZAR,18.6687
2026-07-03,AUD,1.65
2026-07-03,BRL,5.9486
2026-07-03,CAD,1.6258
2026-07-03,CHF,0.919
2026-07-03,CNY,7.7634
2026-07-03,CZK,24.194
2026-07-03,DKK,7.4746
2026-07-03,GBP,0.8572
2026-07-03,HKD,8.9791
2026-07-03,HUF,353.1
2026-07-03,IDR,20564.67
2026-07-03,ILS,3.4331
2026-07-03,INR,109.002
2026-07-03,ISK,144
2026-07-03,JPY,184.48
2026-07-03,KRW,1752.95
2026-07-03,MXN,19.9736
2026-07-03,MYR,4.6605
2026-07-03,NOK,11.269
2026-07-03,NZD,2.0049
2026-07-03,PHP,70.339
2026-07-03,PLN,4.2848
2026-07-03,RON,5.2359
2026-07-03,SEK,11.0315
2026-07-03,SGD,1.4774
2026-07-03,THB,37.933
2026-07-03,TRY,53.5821
2026-07-03,USD,1.1448
2026-07-03,ZAR,18.5606
2026-07-06,AUD,1.6462
2026-07-06,BRL,5.913
2026-07-06,CAD,1.6236
2026-07-06,CHF,0.9201
2026-07-06,CNY,7.7573
2026-07-06,CZK,24.157
2026-07-06,DKK,7.4748
2026-07-06,GBP,0.85538
2026-07-06,HKD,8.9528
2026-07-06,HUF,353.5
2026-07-06,IDR,20565.38
2026-07-06,ILS,3.4414
2026-07-06,INR,108.9035
2026-07-06,ISK,144
2026-07-06,JPY,185.31
2026-07-06,KRW,1747.72
2026-07-06,MXN,19.9586
2026-07-06,MYR,4.663
2026-07-06,NOK,11.234
2026-07-06,NZD,2.0079
2026-07-06,PHP,70.227
2026-07-06,PLN,4.2883
2026-07-06,RON,5.231
2026-07-06,SEK,11.015
2026-07-06,SGD,1.4765
2026-07-06,THB,38.04
2026-07-06,TRY,53.4222
2026-07-06,USD,1.1415
2026-07-06,ZAR,18.5318
2026-07-07,AUD,1.6455
2026-07-07,BRL,5.8781
2026-07-07,CAD,1.6255
2026-07-07,CHF,0.9218
2026-07-07,CNY,7.767
2026-07-07,CZK,24.229
2026-07-07,DKK,7.4746
2026-07-07,GBP,0.85411
2026-07-07,HKD,8.9661
2026-07-07,HUF,353.9
2026-07-07,IDR,20455.24
2026-07-07,ILS,3.4597
2026-07-07,INR,108.582
2026-07-07,ISK,143.8
2026-07-07,JPY,185.09
2026-07-07,KRW,1731.47
2026-07-07,MXN,19.9206
2026-07-07,MYR,4.6532
2026-07-07,NOK,11.214
2026-07-07,NZD,2.0088
2026-07-07,PHP,70.236
2026-07-07,PLN,4.2928
2026-07-07,RON,5.2336
2026-07-07,SEK,11.0443
2026-07-07,SGD,1.4764
2026-07-07,THB,38.026
2026-07-07,TRY,53.5524
2026-07-07,USD,1.1433
2026-07-07,ZAR,18.5647
2026-07-08,AUD,1.6471
2026-07-08,BRL,5.8802
2026-07-08,CAD,1.6176
2026-07-08,CHF,0.9222
2026-07-08,CNY,7.755
2026-07-08,CZK,24.254
2026-07-08,DKK,7.4754
2026-07-08,GBP,0.85435
2026-07-08,HKD,8.9395
2026-07-08,HUF,358
2026-07-08,IDR,20628.64
2026-07-08,ILS,3.47
2026-07-08,INR,108.9765
2026-07-08,ISK,143.4
2026-07-08,JPY,185.3
2026-07-08,KRW,1720.95
2026-07-08,MXN,20.0428
2026-07-08,MYR,4.6494
2026-07-08,NOK,11.136
2026-07-08,NZD,2.0019
2026-07-08,PHP,70.199
2026-07-08,PLN,4.3095
2026-07-08,RON,5.2363
2026-07-08,SEK,11.0565
2026-07-08,SGD,1.4757
2026-07-08,THB,38.141
2026-07-08,TRY,53.4362
2026-07-08,USD,1.1404
2026-07-08,ZAR,18.6831
2026-07-09,AUD,1.6478
2026-07-09,BRL,5.8837
2026-07-09,CAD,1.6202
2026-07-09,CHF,0.9227
2026-07-09,CNY,7.7712
2026-07-09,CZK,24.254
2026-07-09,DKK,7.4753
2026-07-09,GBP,0.85363
2026-07-09,HKD,8.9605
2026-07-09,HUF,357.8
2026-07-09,IDR,20703.75
2026-07-09,ILS,3.4587
2026-07-09,INR,109.0765
2026-07-09,ISK,143.4
2026-07-09,JPY,185.72
2026-07-09,KRW,1729.49
2026-07-09,MXN,20.0686
2026-07-09,MYR,4.662
2026-07-09,NOK,11.1305
2026-07-09,NZD,1.9916
2026-07-09,PHP,70.438
2026-07-09,PLN,4.3085
2026-07-09,RON,5.2364
2026-07-09,SEK,11.062
2026-07-09,SGD,1.4784
2026-07-09,THB,38.244
2026-07-09,TRY,53.541
2026-07-09,USD,1.1435
2026-07-09,ZAR,18.7213
2026-07-10,AUD,1.6447
2026-07-10,BRL,5.8505
2026-07-10,CAD,1.6177
2026-07-10,CHF,0.9223
2026-07-10,CNY,7.7433
2026-07-10,CZK,24.259
2026-07-10,DKK,7.4751
2026-07-10,GBP,0.85155
2026-07-10,HKD,8.9611
2026-07-10,HUF,356.4
2026-07-10,IDR,20661.5
2026-07-10,ILS,3.4368
2026-07-10,INR,108.9665
2026-07-10,ISK,143.6
2026-07-10,JPY,185.02
2026-07-10,KRW,1720.12
2026-07-10,MXN,20.034
2026-07-10,MYR,4.652
2026-07-10,NOK,11.1485
2026-07-10,NZD,1.9808
2026-07-10,PHP,70.378
2026-07-10,PLN,4.3475
2026-07-10,RON,5.2333
2026-07-10,SEK,11.0145
2026-07-10,SGD,1.4757
2026-07-10,THB,38.079
2026-07-10,TRY,53.7039
2026-07-10,USD,1.143
2026-07-10,ZAR,18.6557
2026-07-13,AUD,1.6454
2026-07-13,BRL,5.8439
2026-07-13,CAD,1.6148
2026-07-13,CHF,0.9253
2026-07-13,CNY,7.7427
2026-07-13,CZK,24.262
2026-07-13,DKK,7.475
2026-07-13,GBP,0.8533
2026-07-13,HKD,8.9548
2026-07-13,HUF,356.78
2026-07-13,IDR,20617.92
2026-07-13,ILS,3.4565
2026-07-13,INR,109.2375
2026-07-13,ISK,143.4
2026-07-13,JPY,185.23
2026-07-13,KRW,1706.85
2026-07-13,MXN,19.9815
2026-07-13,MYR,4.6507
2026-07-13,NOK,11.1595
2026-07-13,NZD,1.977
2026-07-13,PHP,70.348
2026-07-13,PLN,4.3238
2026-07-13,RON,5.234
2026-07-13,SEK,11.027
2026-07-13,SGD,1.4765
2026-07-13,THB,38.139
2026-07-13,TRY,53.6848
2026-07-13,USD,1.1424
2026-07-13,ZAR,18.6938
2026-07-14,AUD,1.6428
2026-07-14,BRL,5.8431
2026-07-14,CAD,1.6095
2026-07-14,CHF,0.9257
2026-07-14,CNY,7.7327
2026-07-14,CZK,24.284
2026-07-14,DKK,7.4753
2026-07-14,GBP,0.85215
2026-07-14,HKD,8.9387
2026-07-14,HUF,361.33
2026-07-14,IDR,20597.94
2026-07-14,ILS,3.4373
2026-07-14,INR,109.7215
2026-07-14,ISK,143.2
2026-07-14,JPY,185.01
2026-07-14,KRW,1705.61
2026-07-14,MXN,19.9587
2026-07-14,MYR,4.651
2026-07-14,NOK,11.077
2026-07-14,NZD,1.9662
2026-07-14,PHP,70.362
2026-07-14,PLN,4.3383
2026-07-14,RON,5.2487
2026-07-14,SEK,11.036
2026-07-14,SGD,1.4743
2026-07-14,THB,38.235
2026-07-14,TRY,53.6464
2026-07-14,USD,1.1405
2026-07-14,ZAR,18.7748
2026-07-15,AUD,1.6335
2026-07-15,BRL,5.7954
2026-07-15,CAD,1.6053
2026-07-15,CHF,0.9256
2026-07-15,CNY,7.7268
2026-07-15,CZK,24.233
2026-07-15,DKK,7.4754
2026-07-15,GBP,0.85093
2026-07-15,HKD,8.9412
2026-07-15,HUF,359.65
2026-07-15,IDR,20612.12
2026-07-15,ILS,3.4226
2026-07-15,INR,109.794
2026-07-15,ISK,143.4
2026-07-15,JPY,185.22
2026-07-15,KRW,1701.97
2026-07-15,MXN,19.881
2026-07-15,MYR,4.6514
2026-07-15,NOK,11.096
2026-07-15,NZD,1.9608
2026-07-15,PHP,70.361
2026-07-15,PLN,4.3258
2026-07-15,RON,5.2418
2026-07-15,SEK,11.0473
2026-07-15,SGD,1.4739
2026-07-15,THB,38.375
2026-07-15,TRY,53.644
2026-07-15,USD,1.1406
2026-07-15,ZAR,18.686
2026-07-16,AUD,1.6362
2026-07-16,BRL,5.8318
2026-07-16,CAD,1.6082
2026-07-16,CHF,0.925
2026-07-16,CNY,7.7596
2026-07-16,CZK,24.194
2026-07-16,DKK,7.4753
2026-07-16,GBP,0.84873
2026-07-16,HKD,8.9898
2026-07-16,HUF,361.05
2026-07-16,IDR,20623.8
2026-07-16,ILS,3.4499
2026-07-16,INR,110.4895
2026-07-16,ISK,143
2026-07-16,JPY,185.99
2026-07-16,KRW,1696.49
2026-07-16,MXN,19.9829
2026-07-16,MYR,4.6699
2026-07-16,NOK,11.064
2026-07-16,NZD,1.9583
2026-07-16,PHP,70.667
2026-07-16,PLN,4.3285
2026-07-16,RON,5.241
2026-07-16,SEK,11.0285
2026-07-16,SGD,1.4782
2026-07-16,THB,38.489
2026-07-16,TRY,53.9577
2026-07-16,USD,1.1467
2026-07-16,ZAR,18.7727
2026-07-17,AUD,1.6394
2026-07-17,BRL,5.8499
2026-07-17,CAD,1.6035
2026-07-17,CHF,0.9228
2026-07-17,CNY,7.7501
2026-07-17,CZK,24.205
2026-07-17,DKK,7.4756
2026-07-17,GBP,0.85098
2026-07-17,HKD,8.9653
2026-07-17,HUF,363.53
2026-07-17,IDR,20519.71
2026-07-17,ILS,3.4843
2026-07-17,INR,110.102
2026-07-17,ISK,143.4
2026-07-17,JPY,185.65
2026-07-17,KRW,1698.46
2026-07-17,MXN,19.9926
2026-07-17,MYR,4.6826
2026-07-17,NOK,11.039
2026-07-17,NZD,1.9609
2026-07-17,PHP,70.441
2026-07-17,PLN,4.3473
2026-07-17,RON,5.2406
2026-07-17,SEK,11.0405
2026-07-17,SGD,1.4765
2026-07-17,THB,38.462
2026-07-17,TRY,53.907
2026-07-17,USD,1.1435
2026-07-17,ZAR,18.8768
2026-07-20,AUD,1.6307
2026-07-20,BRL,5.8322
2026-07-20,CAD,1.6032
2026-07-20,CHF,0.9236
2026-07-20,CNY,7.7319
2026-07-20,CZK,24.19
2026-07-20,DKK,7.4756
2026-07-20,GBP,0.84888
2026-07-20,HKD,8.9587
2026-07-20,HUF,361.35
2026-07-20,IDR,20509.61
2026-07-20,ILS,3.4808
2026-07-20,INR,110.1985
2026-07-20,ISK,143.2
2026-07-20,JPY,185.54
2026-07-20,KRW,1692.4
2026-07-20,MXN,19.984
2026-07-20,MYR,4.6761
2026-07-20,NOK,11.042
2026-07-20,NZD,1.952
2026-07-20,PHP,70.48
2026-07-20,PLN,4.332
2026-07-20,RON,5.2408
2026-07-20,SEK,11.045
2026-07-20,SGD,1.4749
2026-07-20,THB,38.42
2026-07-20,TRY,53.9089
2026-07-20,USD,1.1426
2026-07-20,ZAR,18.8412
2026-07-21,AUD,1.6276
2026-07-21,BRL,5.7997
2026-07-21,CAD,1.6069
2026-07-21,CHF,0.9259
2026-07-21,CNY,7.7255
2026-07-21,CZK,24.168
2026-07-21,DKK,7.4756
2026-07-21,GBP,0.85205
2026-07-21,HKD,8.9525
2026-07-21,HUF,360.4
2026-07-21,IDR,20435.94
2026-07-21,ILS,3.482
2026-07-21,INR,109.882
2026-07-21,ISK,143
2026-07-21,JPY,185.82
2026-07-21,KRW,1688.04
2026-07-21,MXN,19.8608
2026-07-21,MYR,4.6688
2026-07-21,NOK,10.987
2026-07-21,NZD,1.9533
2026-07-21,PHP,70.496
2026-07-21,PLN,4.3305
2026-07-21,RON,5.2365
2026-07-21,SEK,11.0485
2026-07-21,SGD,1.4734
2026-07-21,THB,38.439
2026-07-21,TRY,53.8757
2026-07-21,USD,1.1418
2026-07-21,ZAR,18.7763
2026-07-22,AUD,1.6312
2026-07-22,BRL,5.7949
2026-07-22,CAD,1.6071
2026-07-22,CHF,0.9268
2026-07-22,CNY,7.7266
2026-07-22,CZK,24.166
2026-07-22,DKK,7.4757
2026-07-22,GBP,0.8534
2026-07-22,HKD,8.9443
2026-07-22,HUF,363.9
2026-07-22,IDR,20441.71
2026-07-22,ILS,3.495
2026-07-22,INR,110.167
2026-07-22,ISK,143.2
2026-07-22,JPY,186.03
2026-07-22,KRW,1688.78
2026-07-22,MXN,19.8767
2026-07-22,MYR,4.6624
2026-07-22,NOK,10.947
2026-07-22,NZD,1.9608
2026-07-22,PHP,70.459
2026-07-22,PLN,4.33
2026-07-22,RON,5.238
2026-07-22,SEK,11.0775
2026-07-22,SGD,1.473
2026-07-22,THB,38.57
2026-07-22,TRY,53.8658
2026-07-22,USD,1.1408
2026-07-22,ZAR,18.7952
2026-07-23,AUD,1.6291
2026-07-23,BRL,5.7775
2026-07-23,CAD,1.6034
2026-07-23,CHF,0.9295
2026-07-23,CNY,7.7127
2026-07-23,CZK,24.187
2026-07-23,DKK,7.4757
2026-07-23,GBP,0.85318
2026-07-23,HKD,8.9328
2026-07-23,HUF,364.45
2026-07-23,IDR,20465.27
2026-07-23,ILS,3.5004
2026-07-23,INR,110.0255
2026-07-23,ISK,143.4
2026-07-23,JPY,186.23
2026-07-23,KRW,1677.72
2026-07-23,MXN,19.8905
2026-07-23,MYR,4.6582
2026-07-23,NOK,10.9525
2026-07-23,NZD,1.9689
2026-07-23,PHP,70.369
2026-07-23,PLN,4.327
2026-07-23,RON,5.235
2026-07-23,SEK,11.0955
2026-07-23,SGD,1.4711
2026-07-23,THB,38.533
2026-07-23,TRY,53.8103
2026-07-23,USD,1.1392
2026-07-23,ZAR,18.7282
2026-07-24,AUD,1.6281
2026-07-24,BRL,5.7826
2026-07-24,CAD,1.6026
2026-07-24,CHF,0.9302
2026-07-24,CNY,7.7047
2026-07-24,CZK,24.149
2026-07-24,DKK,7.4756
2026-07-24,GBP,0.85388
2026-07-24,HKD,8.9225
2026-07-24,HUF,361.88
2026-07-24,IDR,20398.45
2026-07-24,ILS,3.4746
2026-07-24,INR,109.865
2026-07-24,ISK,143
2026-07-24,JPY,186.38
2026-07-24,KRW,1662.18
2026-07-24,MXN,19.8873
2026-07-24,MYR,4.6543
2026-07-24,NOK,10.888
2026-07-24,NZD,1.9656
2026-07-24,PHP,70.35
2026-07-24,PLN,4.3155
2026-07-24,RON,5.2343
2026-07-24,SEK,11.055
2026-07-24,SGD,1.4687
2026-07-24,THB,38.329
2026-07-24,TRY,53.8648
2026-07-24,USD,1.1377
2026-07-24,ZAR,19.1704
2026-07-27,AUD,1.6271
2026-07-27,BRL,5.7885
2026-07-27,CAD,1.6064
2026-07-27,CHF,0.9284
2026-07-27,CNY,7.7059
2026-07-27,CZK,24.156
2026-07-27,DKK,7.4752
2026-07-27,GBP,0.85524
2026-07-27,HKD,8.9313
2026-07-27,HUF,359.78
2026-07-27,IDR,20560.16
2026-07-27,ILS,3.4592
2026-07-27,INR,109.2425
2026-07-27,ISK,142.8
2026-07-27,JPY,186.37
2026-07-27,KRW,1674.31
2026-07-27,MXN,19.8817
2026-07-27,MYR,4.653
2026-07-27,NOK,10.9845
2026-07-27,NZD,1.9663
2026-07-27,PHP,70.278
2026-07-27,PLN,4.322
2026-07-27,RON,5.232
2026-07-27,SEK,11.0445
2026-07-27,SGD,1.4696
2026-07-27,THB,38.244
2026-07-27,TRY,53.9328
2026-07-27,USD,1.1389
2026-07-27,ZAR,19.0664
2026-07-28,AUD,1.6312
2026-07-28,BRL,5.8158
2026-07-28,CAD,1.6036
2026-07-28,CHF,0.9319
2026-07-28,CNY,7.6969
2026-07-28,CZK,24.187
2026-07-28,DKK,7.4752
2026-07-28,GBP,0.8555
2026-07-28,HKD,8.9136
2026-07-28,HUF,360.9
2026-07-28,IDR,20576.77
2026-07-28,ILS,3.4747
2026-07-28,INR,108.961
2026-07-28,ISK,142.4
2026-07-28,JPY,186.32
2026-07-28,KRW,1658.96
2026-07-28,MXN,19.8629
2026-07-28,MYR,4.6514
2026-07-28,NOK,11.0055
2026-07-28,NZD,1.9693
2026-07-28,PHP,70.059
2026-07-28,PLN,4.3265
2026-07-28,RON,5.2319
2026-07-28,SEK,11.0625
2026-07-28,SGD,1.4702
2026-07-28,THB,38.204
2026-07-28,TRY,53.8564
2026-07-28,USD,1.1367
2026-07-28,ZAR,19.0797
2026-07-29,AUD,1.6397
2026-07-29,BRL,5.8268
2026-07-29,CAD,1.6051
2026-07-29,CHF,0.9332
2026-07-29,CNY,7.7
2026-07-29,CZK,24.19
2026-07-29,DKK,7.4748
2026-07-29,GBP,0.85635
2026-07-29,HKD,8.9246
2026-07-29,HUF,362.18
2026-07-29,IDR,20566.33
2026-07-29,ILS,3.4848
2026-07-29,INR,108.8475
2026-07-29,ISK,142.6
2026-07-29,JPY,186.27
2026-07-29,KRW,1652.77
2026-07-29,MXN,19.8871
2026-07-29,MYR,4.6539
2026-07-29,NOK,10.998
2026-07-29,NZD,1.9709
2026-07-29,PHP,69.878
2026-07-29,PLN,4.327
2026-07-29,RON,5.2353
2026-07-29,SEK,11.053
2026-07-29,SGD,1.471
2026-07-29,THB,38.157
2026-07-29,TRY,53.9386
2026-07-29,USD,1.138
2026-07-29,ZAR,19.0614
2026-07-30,AUD,1.6439
2026-07-30,BRL,5.8535
2026-07-30,CAD,1.6119
2026-07-30,CHF,0.9324
2026-07-30,CNY,7.7521
2026-07-30,CZK,24.167
2026-07-30,DKK,7.4749
2026-07-30,GBP,0.85715
2026-07-30,HKD,9.0018
2026-07-30,HUF,361.83
2026-07-30,IDR,20746.89
2026-07-30,ILS,3.5226
2026-07-30,INR,109.808
2026-07-30,ISK,142.6
2026-07-30,JPY,186.99
2026-07-30,KRW,1645.31
2026-07-30,MXN,19.9684
2026-07-30,MYR,4.6851
2026-07-30,NOK,10.9758
2026-07-30,NZD,1.9646
2026-07-30,PHP,70.623
2026-07-30,PLN,4.3078
2026-07-30,RON,5.2434
2026-07-30,SEK,11.0098
2026-07-30,SGD,1.4775
2026-07-30,THB,38.496
2026-07-30,TRY,54.4107
2026-07-30,USD,1.1476
2026-07-30,ZAR,19.03
2026-07-31,AUD,1.6365
2026-07-31,BRL,5.8095
2026-07-31,CAD,1.6126
2026-07-31,CHF,0.9304
2026-07-31,CNY,7.7539
2026-07-31,CZK,24.212
2026-07-31,DKK,7.4752
2026-07-31,GBP,0.85573
2026-07-31,HKD,9.0079
2026-07-31,HUF,364.25
2026-07-31,IDR,20733.18
2026-07-31,ILS,3.5114
2026-07-31,INR,109.5495
2026-07-31,ISK,142.6
2026-07-31,JPY,184.03
2026-07-31,KRW,1657.99
2026-07-31,MXN,19.9512
2026-07-31,MYR,4.6933
2026-07-31,NOK,10.942
2026-07-31,NZD,1.9589
2026-07-31,PHP,70.367
2026-07-31,PLN,4.3135
2026-07-31,RON,5.2467
2026-07-31,SEK,10.9855
2026-07-31,SGD,1.4757
2026-07-31,THB,38.435
2026-07-31,TRY,54.5829
2026-07-31,USD,1.1485
2026-07-31,ZAR,19.0364
2026-08-03,AUD,1.6463
2026-08-03,BRL,5.8454
2026-08-03,CAD,1.6181
2026-08-03,CHF,0.932
2026-08-03,CNY,7.7891
2026-08-03,CZK,24.206
2026-08-03,DKK,7.4749
2026-08-03,GBP,0.85633
2026-08-03,HKD,9.0464
2026-08-03,HUF,363.98
2026-08-03,IDR,20736.99
2026-08-03,ILS,3.5194
2026-08-03,INR,109.9725
2026-08-03,ISK,142
2026-08-03,JPY,180.73
2026-08-03,KRW,1646.1
2026-08-03,MXN,19.9794
2026-08-03,MYR,4.7242
2026-08-03,NOK,10.9965
2026-08-03,NZD,1.9636
2026-08-03,PHP,70.279
2026-08-03,PLN,4.3033
2026-08-03,RON,5.2455
2026-08-03,SEK,10.9845
2026-08-03,SGD,1.4783
2026-08-03,THB,38.452
2026-08-03,TRY,54.8333
2026-08-03,USD,1.1535
2026-08-03,ZAR,18.9979
2026-08-04,AUD,1.6377
2026-08-04,BRL,5.8503
2026-08-04,CAD,1.6191
2026-08-04,CHF,0.9319
2026-08-04,CNY,7.7767
2026-08-04,CZK,24.2
2026-08-04,DKK,7.4754
2026-08-04,GBP,0.85639
2026-08-04,HKD,9.0316
2026-08-04,HUF,362.3
2026-08-04,IDR,20712.15
2026-08-04,ILS,3.485
2026-08-04,INR,109.8285
2026-08-04,ISK,142
2026-08-04,JPY,181.26
2026-08-04,KRW,1643.32
2026-08-04,MXN,19.9072
2026-08-04,MYR,4.7125
2026-08-04,NOK,10.9925
2026-08-04,NZD,1.9568
2026-08-04,PHP,70.243
2026-08-04,PLN,4.3063
2026-08-04,RON,5.251
2026-08-04,SEK,10.9925
2026-08-04,SGD,1.4767
2026-08-04,THB,38.385
2026-08-04,TRY,54.7606
2026-08-04,USD,1.1515
2026-08-04,ZAR,18.9316
2026-08-05,AUD,1.6385
2026-08-05,BRL,5.9102
2026-08-05,CAD,1.623
2026-08-05,CHF,0.9345
2026-08-05,CNY,7.7989
2026-08-05,CZK,24.195
2026-08-05,DKK,7.4753
2026-08-05,GBP,0.8572
2026-08-05,HKD,9.0619
2026-08-05,HUF,362.08
2026-08-05,IDR,20648.04
2026-08-05,ILS,3.4672
2026-08-05,INR,109.9045
2026-08-05,ISK,141.8
2026-08-05,JPY,182.08
2026-08-05,KRW,1644.97
2026-08-05,MXN,19.8867
2026-08-05,MYR,4.7291
2026-08-05,NOK,10.9835
2026-08-05,NZD,1.968
2026-08-05,PHP,70.192
2026-08-05,PLN,4.306
2026-08-05,RON,5.2469
2026-08-05,SEK,10.9635
2026-08-05,SGD,1.4806
2026-08-05,THB,38.29
2026-08-05,TRY,54.9691
2026-08-05,USD,1.1554
2026-08-05,ZAR,18.8869
2026-08-06,AUD,1.639
2026-08-06,BRL,5.9138
2026-08-06,CAD,1.6156
2026-08-06,CHF,0.9346
2026-08-06,CNY,7.7898
2026-08-06,CZK,24.21
2026-08-06,DKK,7.4755
2026-08-06,GBP,0.85705
2026-08-06,HKD,9.0542
2026-08-06,HUF,363.75
2026-08-06,IDR,20659.66
2026-08-06,ILS,3.4774
2026-08-06,INR,109.9085
2026-08-06,ISK,142
2026-08-06,JPY,182.17
2026-08-06,KRW,1643.09
2026-08-06,MXN,19.9117
2026-08-06,MYR,4.7201
2026-08-06,NOK,11.0003
2026-08-06,NZD,1.9619
2026-08-06,PHP,70.165
2026-08-06,PLN,4.299
2026-08-06,RON,5.2543
2026-08-06,SEK,10.924
2026-08-06,SGD,1.4798
2026-08-06,THB,38.164
2026-08-06,TRY,54.9341
2026-08-06,USD,1.1542
2026-08-06,ZAR,18.8244
2026-08-07,AUD,1.6384
2026-08-07,BRL,5.8826
2026-08-07,CAD,1.616
2026-08-07,CHF,0.9347
2026-08-07,CNY,7.7834
2026-08-07,CZK,24.261
2026-08-07,DKK,7.4756
2026-08-07,GBP,0.85765
2026-08-07,HKD,9.0491
2026-08-07,HUF,364.5
2026-08-07,IDR,20584.96
2026-08-07,ILS,3.4638
2026-08-07,INR,109.8275
2026-08-07,ISK,142.6
2026-08-07,JPY,182.64
2026-08-07,KRW,1633.3
2026-08-07,MXN,19.7884
2026-08-07,MYR,4.719
2026-08-07,NOK,10.975
2026-08-07,NZD,1.9646
2026-08-07,PHP,70.21
2026-08-07,PLN,4.2983
2026-08-07,RON,5.2525
2026-08-07,SEK,10.9455
2026-08-07,SGD,1.4775
2026-08-07,THB,38.129
2026-08-07,TRY,55.0287
2026-08-07,USD,1.1535
2026-08-07,ZAR,18.7136
2026-08-10,AUD,1.6359
2026-08-10,BRL,5.8764
2026-08-10,CAD,1.6108
2026-08-10,CHF,0.934
2026-08-10,CNY,7.7931
2026-08-10,CZK,24.252
2026-08-10,DKK,7.4758
2026-08-10,GBP,0.85565
2026-08-10,HKD,9.0653
2026-08-10,HUF,363.65
2026-08-10,IDR,20521.74
2026-08-10,ILS,3.4671
2026-08-10,INR,110.1228
2026-08-10,ISK,142.2
2026-08-10,JPY,183.31
2026-08-10,KRW,1636.9
2026-08-10,MXN,19.8182
2026-08-10,MYR,4.7266
2026-08-10,NOK,10.986
2026-08-10,NZD,1.9613
2026-08-10,PHP,70.197
2026-08-10,PLN,4.2993
2026-08-10,RON,5.2433
2026-08-10,SEK,10.9655
2026-08-10,SGD,1.4785
2026-08-10,THB,38.146
2026-08-10,TRY,55.1116
2026-08-10,USD,1.1555
2026-08-10,ZAR,18.6928
2026-08-11,AUD,1.6336
2026-08-11,BRL,5.891
2026-08-11,CAD,1.6084
2026-08-11,CHF,0.9351
2026-08-11,CNY,7.7841
2026-08-11,CZK,24.243
2026-08-11,DKK,7.4757
2026-08-11,GBP,0.85483
2026-08-11,HKD,9.0546
2026-08-11,HUF,364.45
2026-08-11,IDR,20584.76
2026-08-11,ILS,3.4611
2026-08-11,INR,110.1375
2026-08-11,ISK,142.2
2026-08-11,JPY,183.72
2026-08-11,KRW,1629.64
2026-08-11,MXN,19.7591
2026-08-11,MYR,4.7227
2026-08-11,NOK,10.9705
2026-08-11,NZD,1.9626
2026-08-11,PHP,70.599
2026-08-11,PLN,4.2965
2026-08-11,RON,5.2401
2026-08-11,SEK,10.9635
2026-08-11,SGD,1.4773
2026-08-11,THB,38.203
2026-08-11,TRY,55.0766
2026-08-11,USD,1.154
2026-08-11,ZAR,18.6706
2026-08-12,AUD,1.6327
2026-08-12,BRL,5.9523
2026-08-12,CAD,1.6077
2026-08-12,CHF,0.9366
2026-08-12,CNY,7.785
2026-08-12,CZK,24.254
2026-08-12,DKK,7.4758
2026-08-12,GBP,0.85358
2026-08-12,HKD,9.0594
2026-08-12,HUF,364.1
2026-08-12,IDR,20599.86
2026-08-12,ILS,3.4514
2026-08-12,INR,110.069
2026-08-12,ISK,141.8
2026-08-12,JPY,183.67
2026-08-12,KRW,1636.08
2026-08-12,MXN,19.6974
2026-08-12,MYR,4.7167
2026-08-12,NOK,10.936
2026-08-12,NZD,1.9675
2026-08-12,PHP,70.681
2026-08-12,PLN,4.3043
2026-08-12,RON,5.2403
2026-08-12,SEK,10.9965
2026-08-12,SGD,1.4766
2026-08-12,THB,38.168
2026-08-12,TRY,55.1363
2026-08-12,USD,1.1545
2026-08-12,ZAR,18.627
2026-08-13,AUD,1.6356
2026-08-13,BRL,5.9759
2026-08-13,CAD,1.6089
2026-08-13,CHF,0.9373
2026-08-13,CNY,7.7774
2026-08-13,CZK,24.226
2026-08-13,DKK,7.4757
2026-08-13,GBP,0.8549
2026-08-13,HKD,9.0506
2026-08-13,HUF,362.85
2026-08-13,IDR,20595.28
2026-08-13,ILS,3.4383
2026-08-13,INR,110.0815
2026-08-13,ISK,142.2
2026-08-13,JPY,183.77
2026-08-13,KRW,1638.16
2026-08-13,MXN,19.6694
2026-08-13,MYR,4.7139
2026-08-13,NOK,10.986
2026-08-13,NZD,1.9735
2026-08-13,PHP,70.732
2026-08-13,PLN,4.3048
2026-08-13,RON,5.2444
2026-08-13,SEK,11.0285
2026-08-13,SGD,1.4765
2026-08-13,THB,38.212
2026-08-13,TRY,55.1035
2026-08-13,USD,1.1534
2026-08-13,ZAR,18.5914
2026-08-14,AUD,1.6333
2026-08-14,BRL,5.9873
2026-08-14,CAD,1.6049
2026-08-14,CHF,0.939
2026-08-14,CNY,7.7977
2026-08-14,CZK,24.205
2026-08-14,DKK,7.4757
2026-08-14,GBP,0.8545
2026-08-14,HKD,9.077
2026-08-14,HUF,362.58
2026-08-14,IDR,20573.53
2026-08-14,ILS,3.4118
2026-08-14,INR,110.3818
2026-08-14,ISK,142.2
2026-08-14,JPY,183.93
2026-08-14,KRW,1632.42
2026-08-14,MXN,19.6592
2026-08-14,MYR,4.7263
2026-08-14,NOK,10.9325
2026-08-14,NZD,1.9642
2026-08-14,PHP,71.008
2026-08-14,PLN,4.3068
2026-08-14,RON,5.2427
2026-08-14,SEK,10.999
2026-08-14,SGD,1.4784
2026-08-14,THB,38.316
2026-08-14,TRY,55.3879
2026-08-14,USD,1.1567
2026-08-14,ZAR,18.6978
2026-08-17,AUD,1.6271
2026-08-17,BRL,6.0402
2026-08-17,CAD,1.6067
2026-08-17,CHF,0.9389
2026-08-17,CNY,7.813
2026-08-17,CZK,24.201
2026-08-17,DKK,7.4758
2026-08-17,GBP,0.855
2026-08-17,HKD,9.0951
2026-08-17,HUF,361.93
2026-08-17,IDR,20654.32
2026-08-17,ILS,3.4214
2026-08-17,INR,110.8375
2026-08-17,ISK,142.2
2026-08-17,JPY,184.59
2026-08-17,KRW,1636.83
2026-08-17,MXN,19.7186
2026-08-17,MYR,4.7097
2026-08-17,NOK,10.9235
2026-08-17,NZD,1.9593
2026-08-17,PHP,71.307
2026-08-17,PLN,4.3063
2026-08-17,RON,5.2395
2026-08-17,SEK,11.001
2026-08-17,SGD,1.4797
2026-08-17,THB,38.286
2026-08-17,TRY,55.5326
2026-08-17,USD,1.1593
2026-08-17,ZAR,18.7536
2026-08-18,AUD,1.6278
2026-08-18,BRL,6.0281
2026-08-18,CAD,1.606
2026-08-18,CHF,0.9406
2026-08-18,CNY,7.8049
2026-08-18,CZK,24.179
2026-08-18,DKK,7.4759
2026-08-18,GBP,0.85585
2026-08-18,HKD,9.0799
2026-08-18,HUF,364.3
2026-08-18,IDR,20677.34
2026-08-18,ILS,3.4635
2026-08-18,INR,110.7673
2026-08-18,ISK,142.2
2026-08-18,JPY,184.87
2026-08-18,KRW,1632.3
2026-08-18,MXN,19.7411
2026-08-18,MYR,4.6987
2026-08-18,NOK,10.9025
2026-08-18,NZD,1.9672
2026-08-18,PHP,71.517
2026-08-18,PLN,4.319
2026-08-18,RON,5.2443
2026-08-18,SEK,11.026
2026-08-18,SGD,1.4791
2026-08-18,THB,38.27
2026-08-18,TRY,55.4629
2026-08-18,USD,1.1576
2026-08-18,ZAR,18.7758
2026-08-19,AUD,1.6401
2026-08-19,BRL,6.0394
2026-08-19,CAD,1.6098
2026-08-19,CHF,0.9402
2026-08-19,CNY,7.8197
2026-08-19,CZK,24.163
2026-08-19,DKK,7.4759
2026-08-19,GBP,0.85608
2026-08-19,HKD,9.1002
2026-08-19,HUF,364.58
2026-08-19,IDR,20694.15
2026-08-19,ILS,3.4666
2026-08-19,INR,111.1265
2026-08-19,ISK,142.2
2026-08-19,JPY,184.62
2026-08-19,KRW,1614.81
2026-08-19,MXN,19.7709
2026-08-19,MYR,4.7087
2026-08-19,NOK,10.9105
2026-08-19,NZD,1.9738
2026-08-19,PHP,71.743
2026-08-19,PLN,4.3245
2026-08-19,RON,5.2464
2026-08-19,SEK,11.0385
2026-08-19,SGD,1.481
2026-08-19,THB,38.372
2026-08-19,TRY,55.6281
2026-08-19,USD,1.1605
2026-08-19,ZAR,18.8515
2026-08-20,AUD,1.6438
2026-08-20,BRL,6.0666
2026-08-20,CAD,1.6085
2026-08-20,CHF,0.9333
2026-08-20,CNY,7.8538
2026-08-20,CZK,24.153
2026-08-20,DKK,7.4758
2026-08-20,GBP,0.85725
2026-08-20,HKD,9.1624
2026-08-20,HUF,365.1
2026-08-20,IDR,20788.62
2026-08-20,ILS,3.495
2026-08-20,INR,111.7985
2026-08-20,ISK,142
2026-08-20,JPY,185.45
2026-08-20,KRW,1631.08
2026-08-20,MXN,19.8467
2026-08-20,MYR,4.7238
2026-08-20,NOK,10.9025
2026-08-20,NZD,1.9657
2026-08-20,PHP,72.104
2026-08-20,PLN,4.3188
2026-08-20,RON,5.2515
2026-08-20,SEK,11.0875
2026-08-20,SGD,1.486
2026-08-20,THB,38.448
2026-08-20,TRY,56.0145
2026-08-20,USD,1.1681
2026-08-20,ZAR,18.8929
2026-08-21,AUD,1.6321
2026-08-21,BRL,6.0518
2026-08-21,CAD,1.6074
2026-08-21,CHF,0.9353
2026-08-21,CNY,7.8624
2026-08-21,CZK,24.116
2026-08-21,DKK,7.4758
2026-08-21,GBP,0.8567
2026-08-21,HKD,9.1726
2026-08-21,HUF,362.78
2026-08-21,IDR,20659.38
2026-08-21,ILS,3.4917
2026-08-21,INR,111.9595
2026-08-21,ISK,141.6
2026-08-21,JPY,185.66
2026-08-21,KRW,1619.41
2026-08-21,MXN,19.769
2026-08-21,MYR,4.7246
2026-08-21,NOK,10.8675
2026-08-21,NZD,1.9541
2026-08-21,PHP,72.136
2026-08-21,PLN,4.3078
2026-08-21,RON,5.2563
2026-08-21,SEK,11.0625
2026-08-21,SGD,1.4838
2026-08-21,THB,38.226
2026-08-21,TRY,56.2318
2026-08-21,USD,1.1699
2026-08-21,ZAR,18.7236
2026-08-24,AUD,1.6287
2026-08-24,BRL,6.0068
2026-08-24,CAD,1.6154
2026-08-24,CHF,0.9362
2026-08-24,CNY,7.8414
2026-08-24,CZK,24.1
2026-08-24,DKK,7.4757
2026-08-24,GBP,0.8555
2026-08-24,HKD,9.1408
2026-08-24,HUF,362.55
2026-08-24,IDR,20660.91
2026-08-24,ILS,3.4901
2026-08-24,INR,111.6875
2026-08-24,ISK,141.2
2026-08-24,JPY,185.6
2026-08-24,KRW,1614.6
2026-08-24,MXN,19.7451
2026-08-24,MYR,4.7152
2026-08-24,NOK,10.8645
2026-08-24,NZD,1.9567
2026-08-24,PHP,71.989
2026-08-24,PLN,4.3078
2026-08-24,RON,5.2504
2026-08-24,SEK,11.0805
2026-08-24,SGD,1.4819
2026-08-24,THB,38.124
2026-08-24,TRY,56.0821
2026-08-24,USD,1.1664
2026-08-24,ZAR,18.6658
2026-08-25,AUD,1.6303
2026-08-25,BRL,6.0153
2026-08-25,CAD,1.6163
2026-08-25,CHF,0.9361
2026-08-25,CNY,7.8366
2026-08-25,CZK,24.099
2026-08-25,DKK,7.4753
2026-08-25,GBP,0.8555
2026-08-25,HKD,9.1407
2026-08-25,HUF,362.28
2026-08-25,IDR,20623.2
2026-08-25,ILS,3.4781
2026-08-25,INR,111.276
2026-08-25,ISK,141.4
2026-08-25,JPY,185.7
2026-08-25,KRW,1612.94
2026-08-25,MXN,19.7632
2026-08-25,MYR,4.7196
2026-08-25,NOK,10.892
2026-08-25,NZD,1.9547
2026-08-25,PHP,71.974
2026-08-25,PLN,4.3055
2026-08-25,RON,5.2537
2026-08-25,SEK,11.0668
2026-08-25,SGD,1.4814
2026-08-25,THB,38.176
2026-08-25,TRY,56.0935
2026-08-25,USD,1.1662
2026-08-25,ZAR,18.645
2026-08-26,AUD,1.6241
2026-08-26,BRL,6.0055
2026-08-26,CAD,1.6176
2026-08-26,CHF,0.938
2026-08-26,CNY,7.8422
2026-08-26,CZK,24.083
2026-08-26,DKK,7.4757
2026-08-26,GBP,0.85613
2026-08-26,HKD,9.1463
2026-08-26,HUF,360.18
2026-08-26,IDR,20668.66
2026-08-26,ILS,3.4706
2026-08-26,INR,111.3475
2026-08-26,ISK,141.2
2026-08-26,JPY,185.62
2026-08-26,KRW,1614.39
2026-08-26,MXN,19.7567
2026-08-26,MYR,4.6985
2026-08-26,NOK,10.8845
2026-08-26,NZD,1.9582
2026-08-26,PHP,71.952
2026-08-26,PLN,4.2955
2026-08-26,RON,5.2568
2026-08-26,SEK,11.0785
2026-08-26,SGD,1.4817
2026-08-26,THB,38.21
2026-08-26,TRY,56.1481
2026-08-26,USD,1.1669
2026-08-26,ZAR,18.5724
2026-08-27,AUD,1.6196
2026-08-27,BRL,5.9879
2026-08-27,CAD,1.6151
2026-08-27,CHF,0.9376
2026-08-27,CNY,7.8258
2026-08-27,CZK,24.139
2026-08-27,DKK,7.4747
2026-08-27,GBP,0.8574
2026-08-27,HKD,9.1282
2026-08-27,HUF,363.95
2026-08-27,IDR,20655.26
2026-08-27,ILS,3.4634
2026-08-27,INR,111.2575
2026-08-27,ISK,140.4
2026-08-27,JPY,185.61
2026-08-27,KRW,1607.45
2026-08-27,MXN,19.7653
2026-08-27,MYR,4.6964
2026-08-27,NOK,10.877
2026-08-27,NZD,1.9566
2026-08-27,PHP,72.085
2026-08-27,PLN,4.3268
2026-08-27,RON,5.2584
2026-08-27,SEK,11.0835
2026-08-27,SGD,1.4804
2026-08-27,THB,38.26
2026-08-27,TRY,56.0483
2026-08-27,USD,1.1645
2026-08-27,ZAR,18.6155
2026-08-28,AUD,1.6183
2026-08-28,BRL,6.0126
2026-08-28,CAD,1.613
2026-08-28,CHF,0.9364
2026-08-28,CNY,7.8251
2026-08-28,CZK,24.148
2026-08-28,DKK,7.4748
2026-08-28,GBP,0.8572
2026-08-28,HKD,9.1276
2026-08-28,HUF,364.79
2026-08-28,IDR,20628.08
2026-08-28,ILS,3.4612
2026-08-28,INR,111.0585
2026-08-28,ISK,140.8
2026-08-28,JPY,185.92
2026-08-28,KRW,1600.39
2026-08-28,MXN,19.7327
2026-08-28,MYR,4.6875
2026-08-28,NOK,10.8595
2026-08-28,NZD,1.9585
2026-08-28,PHP,72.482
2026-08-28,PLN,4.3365
2026-08-28,RON,5.2584
2026-08-28,SEK,11.0885
2026-08-28,SGD,1.4802
2026-08-28,THB,38.37
2026-08-28,TRY,56.1718
2026-08-28,USD,1.1643
2026-08-28,ZAR,18.6309
2026-08-31,AUD,1.6191
2026-08-31,BRL,5.9972
2026-08-31,CAD,1.6102
2026-08-31,CHF,0.9376
2026-08-31,CNY,7.7922
2026-08-31,CZK,24.122
2026-08-31,DKK,7.4751
2026-08-31,GBP,0.85648
2026-08-31,HKD,9.0888
2026-08-31,HUF,364.35
2026-08-31,IDR,20536.52
2026-08-31,ILS,3.4647
2026-08-31,INR,110.361
2026-08-31,ISK,140.8
2026-08-31,JPY,185.22
2026-08-31,KRW,1586.37
2026-08-31,MXN,19.7228
2026-08-31,MYR,4.6685
2026-08-31,NOK,10.832
2026-08-31,NZD,1.9599
2026-08-31,PHP,72.355
2026-08-31,PLN,4.328
2026-08-31,RON,5.2592
2026-08-31,SEK,11.11
2026-08-31,SGD,1.4758
2026-08-31,THB,38.458
2026-08-31,TRY,55.9648
2026-08-31,USD,1.1596
2026-08-31,ZAR,18.6885
2026-09-01,AUD,1.623
2026-09-01,BRL,6.0255
2026-09-01,CAD,1.6096
2026-09-01,CHF,0.9394
2026-09-01,CNY,7.7911
2026-09-01,CZK,24.159
2026-09-01,DKK,7.4748
2026-09-01,GBP,0.85655
2026-09-01,HKD,9.0877
2026-09-01,HUF,366.71
2026-09-01,IDR,20566.11
2026-09-01,ILS,3.4938
2026-09-01,INR,110.0485
2026-09-01,ISK,140.8
2026-09-01,JPY,185.63
2026-09-01,KRW,1593.17
2026-09-01,MXN,19.704
2026-09-01,MYR,4.6818
2026-09-01,NOK,10.8185
2026-09-01,NZD,1.9674
2026-09-01,PHP,72.355
2026-09-01,PLN,4.3313
2026-09-01,RON,5.2567
2026-09-01,SEK,11.1145
2026-09-01,SGD,1.4759
2026-09-01,THB,38.554
2026-09-01,TRY,55.9498
2026-09-01,USD,1.159
2026-09-01,ZAR,18.7246
2026-09-02,AUD,1.6199
2026-09-02,BRL,5.9635
2026-09-02,CAD,1.6122
2026-09-02,CHF,0.9424
2026-09-02,CNY,7.7822
2026-09-02,CZK,24.191
2026-09-02,DKK,7.475
2026-09-02,GBP,0.8587
2026-09-02,HKD,9.0801
2026-09-02,HUF,368.2
2026-09-02,IDR,20511.18
2026-09-02,ILS,3.5064
2026-09-02,INR,109.962
2026-09-02,ISK,140.6
2026-09-02,JPY,184.78
2026-09-02,KRW,1577.57
2026-09-02,MXN,19.6835
2026-09-02,MYR,4.6839
2026-09-02,NOK,10.809
2026-09-02,NZD,1.9868
2026-09-02,PHP,72.415
2026-09-02,PLN,4.3265
2026-09-02,RON,5.2558
2026-09-02,SEK,11.1575
2026-09-02,SGD,1.4741
2026-09-02,THB,38.468
2026-09-02,TRY,55.9145
2026-09-02,USD,1.1578
2026-09-02,ZAR,18.6341
2026-09-03,AUD,1.6147
2026-09-03,BRL,5.8935
2026-09-03,CAD,1.6019
2026-09-03,CHF,0.939
2026-09-03,CNY,7.8042
2026-09-03,CZK,24.221
2026-09-03,DKK,7.4746
2026-09-03,GBP,0.86055
2026-09-03,HKD,9.1078
2026-09-03,HUF,367.43
2026-09-03,IDR,20496.93
2026-09-03,ILS,3.5069
2026-09-03,INR,109.75
2026-09-03,ISK,140.6
2026-09-03,JPY,181.21
2026-09-03,KRW,1576.49
2026-09-03,MXN,19.7593
2026-09-03,MYR,4.6942
2026-09-03,NOK,10.8063
2026-09-03,NZD,1.978
2026-09-03,PHP,72.605
2026-09-03,PLN,4.3265
2026-09-03,RON,5.2534
2026-09-03,SEK,11.1245
2026-09-03,SGD,1.4725
2026-09-03,THB,38.312
2026-09-03,TRY,56.1177
2026-09-03,USD,1.1615
2026-09-03,ZAR,18.6273
2026-09-04,AUD,1.6134
2026-09-04,BRL,5.9405
2026-09-04,CAD,1.6038
2026-09-04,CHF,0.9405
2026-09-04,CNY,7.7994
2026-09-04,CZK,24.189
2026-09-04,DKK,7.4747
2026-09-04,GBP,0.85898
2026-09-04,HKD,9.112
2026-09-04,HUF,363.28
2026-09-04,IDR,20496.04
2026-09-04,ILS,3.4954
2026-09-04,INR,109.8165
2026-09-04,ISK,140.8
2026-09-04,JPY,181.59
2026-09-04,KRW,1569.38
2026-09-04,MXN,19.6401
2026-09-04,MYR,4.7005
2026-09-04,NOK,10.8035
2026-09-04,NZD,1.9755
2026-09-04,PHP,72.812
2026-09-04,PLN,4.3148
2026-09-04,RON,5.253
2026-09-04,SEK,11.1005
2026-09-04,SGD,1.4724
2026-09-04,THB,38.26
2026-09-04,TRY,56.2995
2026-09-04,USD,1.1622
2026-09-04,ZAR,18.5571
2026-09-07,AUD,1.6109
2026-09-07,BRL,5.9576
2026-09-07,CAD,1.6062
2026-09-07,CHF,0.9405
2026-09-07,CNY,7.7995
2026-09-07,CZK,24.197
2026-09-07,DKK,7.4746
2026-09-07,GBP,0.85894
2026-09-07,HKD,9.1119
2026-09-07,HUF,363.2
2026-09-07,IDR,20509.29
2026-09-07,ILS,3.4991
2026-09-07,INR,109.821
2026-09-07,ISK,140.8
2026-09-07,JPY,179.85
2026-09-07,KRW,1566.56
2026-09-07,MXN,19.6552
2026-09-07,MYR,4.7023
2026-09-07,NOK,10.774
2026-09-07,NZD,1.978
2026-09-07,PHP,72.801
2026-09-07,PLN,4.3103
2026-09-07,RON,5.2519
2026-09-07,SEK,11.162
2026-09-07,SGD,1.4716
2026-09-07,THB,38.231
2026-09-07,TRY,56.289
2026-09-07,USD,1.1622
2026-09-07,ZAR,18.5856
2026-09-08,AUD,1.6098
2026-09-08,BRL,5.936
2026-09-08,CAD,1.6033
2026-09-08,CHF,0.9425
2026-09-08,CNY,7.7936
2026-09-08,CZK,24.186
2026-09-08,DKK,7.4748
2026-09-08,GBP,0.8574
2026-09-08,HKD,9.1068
2026-09-08,HUF,363.95
2026-09-08,IDR,20436.92
2026-09-08,ILS,3.4979
2026-09-08,INR,110.1315
2026-09-08,ISK,140.4
2026-09-08,JPY,179.2
2026-09-08,KRW,1558.22
2026-09-08,MXN,19.6869
2026-09-08,MYR,4.717
2026-09-08,NOK,10.745
2026-09-08,NZD,1.9877
2026-09-08,PHP,72.597
2026-09-08,PLN,4.3178
2026-09-08,RON,5.25
2026-09-08,SEK,11.152
2026-09-08,SGD,1.4701
2026-09-08,THB,38.227
2026-09-08,TRY,56.2814
2026-09-08,USD,1.1614
2026-09-08,ZAR,18.6103
2026-09-09,AUD,1.6128
2026-09-09,BRL,5.9296
2026-09-09,CAD,1.6043
2026-09-09,CHF,0.9404
2026-09-09,CNY,7.8159
2026-09-09,CZK,24.247
2026-09-09,DKK,7.4748
2026-09-09,GBP,0.85898
2026-09-09,HKD,9.1378
2026-09-09,HUF,363.95
2026-09-09,IDR,20362.8
2026-09-09,ILS,3.518
2026-09-09,INR,110.8225
2026-09-09,ISK,140.4
2026-09-09,JPY,178.59
2026-09-09,KRW,1556.94
2026-09-09,MXN,19.6948
2026-09-09,MYR,4.7424
2026-09-09,NOK,10.6975
2026-09-09,NZD,1.9903
2026-09-09,PHP,72.815
2026-09-09,PLN,4.3153
2026-09-09,RON,5.2546
2026-09-09,SEK,11.1495
2026-09-09,SGD,1.4721
2026-09-09,THB,38.306
2026-09-09,TRY,56.4857
2026-09-09,USD,1.1652
2026-09-09,ZAR,18.6896
2026-09-10,AUD,1.6167
2026-09-10,BRL,5.9528
2026-09-10,CAD,1.6049
2026-09-10,CHF,0.9432
2026-09-10,CNY,7.79
2026-09-10,CZK,24.251
2026-09-10,DKK,7.4751
2026-09-10,GBP,0.85915
2026-09-10,HKD,9.1083
2026-09-10,HUF,364.75
2026-09-10,IDR,20414.13
2026-09-10,ILS,3.5198
2026-09-10,INR,110.8645
2026-09-10,ISK,140
2026-09-10,JPY,179.09
2026-09-10,KRW,1560.96
2026-09-10,MXN,19.6816
2026-09-10,MYR,4.7225
2026-09-10,NOK,10.7635
2026-09-10,NZD,1.994
2026-09-10,PHP,72.688
2026-09-10,PLN,4.322
2026-09-10,RON,5.2525
2026-09-10,SEK,11.1995
2026-09-10,SGD,1.4711
2026-09-10,THB,38.327
2026-09-10,TRY,56.3316
2026-09-10,USD,1.1616
2026-09-10,ZAR,18.7559
2026-09-11,AUD,1.6161
2026-09-11,BRL,5.9244
2026-09-11,CAD,1.6064
2026-09-11,CHF,0.9451
2026-09-11,CNY,7.7762
2026-09-11,CZK,24.264
2026-09-11,DKK,7.4748
2026-09-11,GBP,0.85815
2026-09-11,HKD,9.0904
2026-09-11,HUF,364.45
2026-09-11,IDR,20404.99
2026-09-11,ILS,3.5301
2026-09-11,INR,110.7675
2026-09-11,ISK,139.6
2026-09-11,JPY,178.56
2026-09-11,KRW,1556.56
2026-09-11,MXN,19.6798
2026-09-11,MYR,4.7185
2026-09-11,NOK,10.7805
2026-09-11,NZD,1.9914
2026-09-11,PHP,72.6
2026-09-11,PLN,4.325
2026-09-11,RON,5.2547
2026-09-11,SEK,11.2373
2026-09-11,SGD,1.4697
2026-09-11,THB,38.329
2026-09-11,TRY,56.3329
2026-09-11,USD,1.1592
2026-09-11,ZAR,18.7312
2026-09-14,AUD,1.6202
2026-09-14,BRL,5.9564
2026-09-14,CAD,1.6041
2026-09-14,CHF,0.9431
2026-09-14,CNY,7.7489
2026-09-14,CZK,24.294
2026-09-14,DKK,7.4753
2026-09-14,GBP,0.85598
2026-09-14,HKD,9.0599
2026-09-14,HUF,365.33
2026-09-14,IDR,20398.66
2026-09-14,ILS,3.527
2026-09-14,INR,110.3755
2026-09-14,ISK,139.8
2026-09-14,JPY,178.52
2026-09-14,KRW,1555.04
2026-09-14,MXN,19.72
2026-09-14,MYR,4.7082
2026-09-14,NOK,10.767
2026-09-14,NZD,2.0012
2026-09-14,PHP,72.619
2026-09-14,PLN,4.3418
2026-09-14,RON,5.2568
2026-09-14,SEK,11.281
2026-09-14,SGD,1.4676
2026-09-14,THB,38.407
2026-09-14,TRY,56.1636
2026-09-14,USD,1.1551
2026-09-14,ZAR,18.7695
2026-09-15,AUD,1.6194
2026-09-15,BRL,5.944
2026-09-15,CAD,1.6062
2026-09-15,CHF,0.9441
2026-09-15,CNY,7.7444
2026-09-15,CZK,24.292
2026-09-15,DKK,7.4752
2026-09-15,GBP,0.8558
2026-09-15,HKD,9.0518
2026-09-15,HUF,366.03
2026-09-15,IDR,20420.4
2026-09-15,ILS,3.5093
2026-09-15,INR,110.7285
2026-09-15,ISK,140
2026-09-15,JPY,178.86
2026-09-15,KRW,1568.32
2026-09-15,MXN,19.7972
2026-09-15,MYR,4.716
2026-09-15,NOK,10.785
2026-09-15,NZD,2.0042
2026-09-15,PHP,72.467
2026-09-15,PLN,4.34
2026-09-15,RON,5.2627
2026-09-15,SEK,11.274
2026-09-15,SGD,1.4683
2026-09-15,THB,38.419
2026-09-15,TRY,56.1255
2026-09-15,USD,1.1539
2026-09-15,ZAR,18.7777
2026-09-16,AUD,1.6176
2026-09-16,BRL,5.9368
2026-09-16,CAD,1.6082
2026-09-16,CHF,0.9449
2026-09-16,CNY,7.738
2026-09-16,CZK,24.313
2026-09-16,DKK,7.4755
2026-09-16,GBP,0.8574
2026-09-16,HKD,9.0507
2026-09-16,HUF,364.45
2026-09-16,IDR,20386.17
2026-09-16,ILS,3.4971
2026-09-16,INR,110.714
2026-09-16,ISK,139.8
2026-09-16,JPY,178.88
2026-09-16,KRW,1578.03
2026-09-16,MXN,19.7723
2026-09-16,MYR,4.7152
2026-09-16,NOK,10.7885
2026-09-16,NZD,2.0021
2026-09-16,PHP,72.37
2026-09-16,PLN,4.3473
2026-09-16,RON,5.2629
2026-09-16,SEK,11.2875
2026-09-16,SGD,1.469
2026-09-16,THB,38.361
2026-09-16,TRY,56.136
2026-09-16,USD,1.1537
2026-09-16,ZAR,18.7684
2026-09-17,AUD,1.6139
2026-09-17,BRL,5.8905
2026-09-17,CAD,1.6068
2026-09-17,CHF,0.9466
2026-09-17,CNY,7.7009
2026-09-17,CZK,24.308
2026-09-17,DKK,7.4753
2026-09-17,GBP,0.8583
2026-09-17,HKD,9.0071
2026-09-17,HUF,362.98
2026-09-17,IDR,20352.48
2026-09-17,ILS,3.4825
2026-09-17,INR,110.1475
2026-09-17,ISK,139.8
2026-09-17,JPY,178.75
2026-09-17,KRW,1587.31
2026-09-17,MXN,19.7337
2026-09-17,MYR,4.7061
2026-09-17,NOK,10.825
2026-09-17,NZD,1.9993
2026-09-17,PHP,72.006
2026-09-17,PLN,4.358
2026-09-17,RON,5.2624
2026-09-17,SEK,11.2715
2026-09-17,SGD,1.4642
2026-09-17,THB,38.237
2026-09-17,TRY,55.8841
2026-09-17,USD,1.1481
2026-09-17,ZAR,18.6595
2026-09-18,AUD,1.6095
2026-09-18,BRL,5.8857
2026-09-18,CAD,1.6056
2026-09-18,CHF,0.9462
2026-09-18,CNY,7.6755
2026-09-18,CZK,24.339
2026-09-18,DKK,7.4754
2026-09-18,GBP,0.8588
2026-09-18,HKD,8.9903
2026-09-18,HUF,364.28
2026-09-18,IDR,20424.81
2026-09-18,ILS,3.4812
2026-09-18,INR,109.8755
2026-09-18,ISK,139.4
2026-09-18,JPY,180.94
2026-09-18,KRW,1590.76
2026-09-18,MXN,19.6855
2026-09-18,MYR,4.6763
2026-09-18,NOK,10.8095
2026-09-18,NZD,2.0068
2026-09-18,PHP,71.972
2026-09-18,PLN,4.3635
2026-09-18,RON,5.2647
2026-09-18,SEK,11.2915
2026-09-18,SGD,1.4651
2026-09-18,THB,38.225
2026-09-18,TRY,55.9077
2026-09-18,USD,1.146
2026-09-18,ZAR,18.6482
2026-09-21,AUD,1.6098
2026-09-21,BRL,5.892
2026-09-21,CAD,1.6091
2026-09-21,CHF,0.9438
2026-09-21,CNY,7.693
2026-09-21,CZK,24.352
2026-09-21,DKK,7.4755
2026-09-21,GBP,0.8578
2026-09-21,HKD,9.0144
2026-09-21,HUF,362.4
2026-09-21,IDR,20532.06
2026-09-21,ILS,3.4602
2026-09-21,INR,110.0975
2026-09-21,ISK,138.8
2026-09-21,JPY,180.7
2026-09-21,KRW,1576.63
2026-09-21,MXN,19.7533
2026-09-21,MYR,4.685
2026-09-21,NOK,10.813
2026-09-21,NZD,2.0035
2026-09-21,PHP,72.151
2026-09-21,PLN,4.353
2026-09-21,RON,5.2647
2026-09-21,SEK,11.275
2026-09-21,SGD,1.4647
2026-09-21,THB,38.187
2026-09-21,TRY,56.0701
2026-09-21,USD,1.149
2026-09-21,ZAR,18.6819
2026-09-22,AUD,1.6122
2026-09-22,BRL,5.8726
2026-09-22,CAD,1.6099
2026-09-22,CHF,0.9393
2026-09-22,CNY,7.6803
2026-09-22,CZK,24.344
2026-09-22,DKK,7.4756
2026-09-22,GBP,0.8578
2026-09-22,HKD,8.9909
2026-09-22,HUF,361.58
2026-09-22,IDR,20426.66
2026-09-22,ILS,3.4593
2026-09-22,INR,109.5805
2026-09-22,ISK,138.4
2026-09-22,JPY,180.17
2026-09-22,KRW,1554.55
2026-09-22,MXN,19.7727
2026-09-22,MYR,4.67
2026-09-22,NOK,10.801
2026-09-22,NZD,2.0003
2026-09-22,PHP,71.602
2026-09-22,PLN,4.348
2026-09-22,RON,5.266
2026-09-22,SEK,11.2463
2026-09-22,SGD,1.4612
2026-09-22,THB,37.988
2026-09-22,TRY,55.9492
2026-09-22,USD,1.1463
2026-09-22,ZAR,18.618
2026-09-23,AUD,1.6146
2026-09-23,BRL,5.8564
2026-09-23,CAD,1.6077
2026-09-23,CHF,0.939
2026-09-23,CNY,7.6538
2026-09-23,CZK,24.383
2026-09-23,DKK,7.4756
2026-09-23,GBP,0.8595
2026-09-23,HKD,8.9506
2026-09-23,HUF,364.29
2026-09-23,IDR,20305.82
2026-09-23,ILS,3.4417
2026-09-23,INR,109.25
2026-09-23,ISK,138
2026-09-23,JPY,180.2
2026-09-23,KRW,1558
2026-09-23,MXN,19.8999
2026-09-23,MYR,4.6557
2026-09-23,NOK,10.799
2026-09-23,NZD,2.0049
2026-09-23,PHP,71.371
2026-09-23,PLN,4.3765
2026-09-23,RON,5.2785
2026-09-23,SEK,11.272
2026-09-23,SGD,1.4587
2026-09-23,THB,37.987
2026-09-23,TRY,55.7283
2026-09-23,USD,1.1411
2026-09-23,ZAR,18.6537
2026-09-24,AUD,1.6177
2026-09-24,BRL,5.889
2026-09-24,CAD,1.6047
2026-09-24,CHF,0.9409
2026-09-24,CNY,7.6302
2026-09-24,CZK,24.399
2026-09-24,DKK,7.4756
2026-09-24,GBP,0.85986
2026-09-24,HKD,8.9148
2026-09-24,HUF,366.15
2026-09-24,IDR,20384.1
2026-09-24,ILS,3.4649
2026-09-24,INR,109.0775
2026-09-24,ISK,138
2026-09-24,JPY,180.57
2026-09-24,KRW,1555.69
2026-09-24,MXN,19.9878
2026-09-24,MYR,4.6457
2026-09-24,NOK,10.7895
2026-09-24,NZD,2.0049
2026-09-24,PHP,71.328
2026-09-24,PLN,4.3823
2026-09-24,RON,5.2779
2026-09-24,SEK,11.2645
2026-09-24,SGD,1.4549
2026-09-24,THB,38.057
2026-09-24,TRY,55.5332
2026-09-24,USD,1.1367
2026-09-24,ZAR,18.6836
2026-09-25,AUD,1.622
2026-09-25,BRL,5.9091
2026-09-25,CAD,1.6127
2026-09-25,CHF,0.9445
2026-09-25,CNY,7.6551
2026-09-25,CZK,24.345
2026-09-25,DKK,7.4755
2026-09-25,GBP,0.86045
2026-09-25,HKD,8.9445
2026-09-25,HUF,365.28
2026-09-25,IDR,20427.22
2026-09-25,ILS,3.4594
2026-09-25,INR,109.2605
2026-09-25,ISK,136.6
2026-09-25,JPY,179.7
2026-09-25,KRW,1545.16
2026-09-25,MXN,20.1816
2026-09-25,MYR,4.6456
2026-09-25,NOK,10.84
2026-09-25,NZD,2.0108
2026-09-25,PHP,71.244
2026-09-25,PLN,4.3718
2026-09-25,RON,5.2765
2026-09-25,SEK,11.29
2026-09-25,SGD,1.4563
2026-09-25,THB,38.023
2026-09-25,TRY,55.7975
2026-09-25,USD,1.1403
2026-09-25,ZAR,18.5798
2026-09-28,AUD,1.6199
2026-09-28,BRL,5.9186
2026-09-28,CAD,1.6118
2026-09-28,CHF,0.9464
2026-09-28,CNY,7.6352
2026-09-28,CZK,24.397
2026-09-28,DKK,7.4752
2026-09-28,GBP,0.85785
2026-09-28,HKD,8.9258
2026-09-28,HUF,367.1
2026-09-28,IDR,20453.78
2026-09-28,ILS,3.4854
2026-09-28,INR,109.2095
2026-09-28,ISK,137
2026-09-28,JPY,178.5
2026-09-28,KRW,1545.05
2026-09-28,MXN,20.2133
2026-09-28,MYR,4.6456
2026-09-28,NOK,10.817
2026-09-28,NZD,2.0071
2026-09-28,PHP,71.099
2026-09-28,PLN,4.373
2026-09-28,RON,5.2785
2026-09-28,SEK,11.3205
2026-09-28,SGD,1.4538
2026-09-28,THB,38.196
2026-09-28,TRY,55.7318
2026-09-28,USD,1.1378
2026-09-28,ZAR,18.651
2026-09-29,AUD,1.6211
2026-09-29,BRL,5.9177
2026-09-29,CAD,1.6101
2026-09-29,CHF,0.9461
2026-09-29,CNY,7.6117
2026-09-29,CZK,24.411
2026-09-29,DKK,7.4754
2026-09-29,GBP,0.85718
2026-09-29,HKD,8.9091
2026-09-29,HUF,366.38
2026-09-29,IDR,20350.09
2026-09-29,ILS,3.4702
2026-09-29,INR,108.991
2026-09-29,ISK,136.8
2026-09-29,JPY,178.41
2026-09-29,KRW,1536.74
2026-09-29,MXN,20.3222
2026-09-29,MYR,4.634
2026-09-29,NOK,10.8735
2026-09-29,NZD,2.0076
2026-09-29,PHP,71.022
2026-09-29,PLN,4.3653
2026-09-29,RON,5.2786
2026-09-29,SEK,11.321
2026-09-29,SGD,1.4504
2026-09-29,THB,38.056
2026-09-29,TRY,55.6398
2026-09-29,USD,1.1355
2026-09-29,ZAR,18.5887
2026-09-30,AUD,1.6297
2026-09-30,BRL,5.9077
2026-09-30,CAD,1.6105
2026-09-30,CHF,0.9478
2026-09-30,CNY,7.613
2026-09-30,CZK,24.44
2026-09-30,DKK,7.4755
2026-09-30,GBP,0.85463
2026-09-30,HKD,8.9095
2026-09-30,HUF,366.2
2026-09-30,IDR,20315.34
2026-09-30,ILS,3.4901
2026-09-30,INR,108.8205
2026-09-30,ISK,137
2026-09-30,JPY,178.27
2026-09-30,KRW,1539.06
2026-09-30,MXN,20.5816
2026-09-30,MYR,4.6306
2026-09-30,NOK,10.9015
2026-09-30,NZD,2.0115
2026-09-30,PHP,71.204
2026-09-30,PLN,4.369
2026-09-30,RON,5.2788
2026-09-30,SEK,11.331
2026-09-30,SGD,1.4503
2026-09-30,THB,38.113
2026-09-30,TRY,55.6596
2026-09-30,USD,1.1355
2026-09-30,ZAR,18.6123
2026-10-01,AUD,1.6255
2026-10-01,BRL,5.862
2026-10-01,CAD,1.6095
2026-10-01,CHF,0.9437
2026-10-01,CNY,7.5748
2026-10-01,CZK,24.459
2026-10-01,DKK,7.4758
2026-10-01,GBP,0.85373
2026-10-01,HKD,8.8658
2026-10-01,HUF,367.18
2026-10-01,IDR,20274.71
2026-10-01,ILS,3.4755
2026-10-01,INR,108.832
2026-10-01,ISK,137
2026-10-01,JPY,178.49
2026-10-01,KRW,1537.96
2026-10-01,MXN,20.5251
2026-10-01,MYR,4.6147
2026-10-01,NOK,10.875
2026-10-01,NZD,2.0121
2026-10-01,PHP,70.95
2026-10-01,PLN,4.3735
2026-10-01,RON,5.283
2026-10-01,SEK,11.331
2026-10-01,SGD,1.446
2026-10-01,THB,38.023
2026-10-01,TRY,55.3993
2026-10-01,USD,1.1298
2026-10-01,ZAR,18.6934
